source,source_type,matched_keywords,title,summary,url,published_at,writer,paper_page,raw_keyword
경향신문,naver_paper,,"순방 마친 이 대통령, 중수청장 임명 나설 듯",이재명 대통령이 김지용 중대범죄수사청장 내정자의 임명 절차를 재개하고 내란 사건 특별수사본부(내란 특수본) 구성을 지시하는 등 국내 현안 대응에 나설 것으로 …,https://n.news.naver.com/mnews/article/032/0003472725,2026-09-27T21:03:00+09:00,,A1면,
경향신문,naver_paper,,"금리 치솟아도, 주가 안 떨어졌다…‘돈의 공식’ 바뀌나",,https://n.news.naver.com/mnews/article/032/0003472723,2026-09-27T21:01:00+09:00,,A1면,
경향신문,naver_paper,,"한국행 북 포로 2명 정부, 치료·조사 중",,https://n.news.naver.com/mnews/article/032/0003472722,2026-09-27T20:59:00+09:00,,A1면,
경향신문,naver_paper,,다시 일상으로[포토뉴스],,https://n.news.naver.com/mnews/article/032/0003472726,2026-09-27T21:04:00+09:00,,A1면,
경향신문,naver_paper,,2개월 무역 휴전 연장…중국 “대등” 미국 “호혜” 합의 온도차,도널드 트럼프 미국 대통령과 시진핑 중국 국가주석이 4개월 만에 워싱턴에서 다시 만났다. 미국의 화려한 의전 속에 양국은 무역 휴전 연장 등 일부 합의를 이뤘 …,https://n.news.naver.com/mnews/article/032/0003472721,2026-09-27T20:56:00+09:00,,A2면,
경향신문,naver_paper,,"미 전문가들 “한·미 정상회담, 양국 오해 푸는 데 도움”",,https://n.news.naver.com/mnews/article/032/0003472720,2026-09-27T20:57:00+09:00,,A2면,
경향신문,naver_paper,,"이 대통령은 제재 완화 꺼내고, 트럼프·시진핑은 비핵화 안 꺼내고…11월 APEC 북·미 대화 판 깔리나",이재명 대통령이 미국 뉴욕에서 열린 유엔총회를 계기로 ‘북핵 중단과 제재 완화의 교환’과 남·북·미·중 4자 대화를 제안했다. 북한이 핵보유국 지위를 주장하는 가운데 북·미 대화 여건을 조성하기 위 …,https://n.news.naver.com/mnews/article/032/0003472719,2026-09-27T20:50:00+09:00,,A3면,
경향신문,naver_paper,,2026년 09월 28일[김용민의 그림마당],,https://n.news.naver.com/mnews/article/032/0003472728,2026-09-27T21:34:00+09:00,,A3면,
경향신문,naver_paper,,DMZ 지뢰 폭발 현장 도달 무산…군 “차후 재개”,사고 엿새 만에 DMZ 진입 미확인 지뢰지대 추가 사고 우려 유엔사 등 40여명 근접지서 철수 조사 서두르기보다 안전 최우선 파편 등 국과수 감정…은폐 일축 …,https://n.news.naver.com/mnews/article/032/0003472716,2026-09-27T20:47:00+09:00,,A4면,
경향신문,naver_paper,,이송된 북한군 포로 2명은 ‘탈북민’…국정원 최대 120일 조사·임시 보호,,https://n.news.naver.com/mnews/article/032/0003472715,2026-09-27T20:46:00+09:00,,A4면,
경향신문,naver_paper,,‘수사·기소 분리’ 이번주 시작인데…중수청·공소청 수장 ‘공석’,수사와 기소를 완전 분리하는 새 형사사법체계가 주요 사정기관의 수장이 모두 공석인 채로 출범할 처지에 놓였다. 정부는 김지용 중대범죄수사청장 내정자만큼은 임명 …,https://n.news.naver.com/mnews/article/032/0003472708,2026-09-27T20:41:00+09:00,,A5면,
경향신문,naver_paper,,여 “민생 올인” 야 “국민 폭발 직전”…추석 민심 체감 온도차,,https://n.news.naver.com/mnews/article/032/0003472714,2026-09-27T20:40:00+09:00,,A5면,
경향신문,naver_paper,,조희대 ‘재제청 거부’에 대응책 없는 민주당…‘법원행정처 폐지’ 법원조직법 개정 ‘만지작’,,https://n.news.naver.com/mnews/article/032/0003472709,2026-09-27T20:41:00+09:00,,A5면,
경향신문,naver_paper,,이란 ‘7일 계획’ 내친 트럼프…미 언론 “중간선거 후 공격 고려”,도널드 트럼프 미국 대통령이 호르무즈 해협 개방과 종전 협상 재개 등을 위해 이란이 제안한 일명 ‘7일 계획’을 거절했다고 26일(현지시간) 밝혔다. 이란은 …,https://n.news.naver.com/mnews/article/032/0003472712,2026-09-27T20:37:00+09:00,,A6면,
경향신문,naver_paper,,AI 해법 못 찾고 시진핑은 ‘패싱’…‘다자주의’ 한계 드러낸 유엔총회,,https://n.news.naver.com/mnews/article/032/0003472710,2026-09-27T20:37:00+09:00,,A6면,
경향신문,naver_paper,,성범죄자 신부의 작품이 던진 질문…“예술과 작가는 분리될 수 있는가”,,https://n.news.naver.com/mnews/article/032/0003472711,2026-09-27T20:37:00+09:00,,A6면,
경향신문,naver_paper,,"미·러, ‘AI 자율살상무기’서 안전핀 뺐다",,https://n.news.naver.com/mnews/article/032/0003472713,2026-09-27T20:37:00+09:00,,A6면,
경향신문,naver_paper,,[단독]기초생활수급자 벗어난 이유 1위는 ‘사망’···소득 늘거나 취업해 벗어난 사람보다 많았다,지난해 기초생활보장 수급자에서 벗어난 사람 3명 중 1명은 ‘숨져서’ 벗어난 것으로 나타났다. 소득이 늘거나 새로 취업·창업해 수급 자격을 상실한 인원을 모두 …,https://n.news.naver.com/mnews/article/032/0003472738,2026-09-28T06:00:00+09:00,,A8면,
경향신문,naver_paper,,"“성실했던 형, 돌아올 순 없지만…외국인도 안전하게 일하게 되길”",,https://n.news.naver.com/mnews/article/032/0003472707,2026-09-27T20:35:00+09:00,,A8면,
경향신문,naver_paper,,"농장에 남은 사육곰 219마리, 동물자유연대가 ‘모두 매입’",,https://n.news.naver.com/mnews/article/032/0003472706,2026-09-27T20:34:00+09:00,,A8면,
경향신문,naver_paper,,[단독]자살 암시하며 나흘간 84차례 연락…이별 통보에 흉기 휘두른 10대 남성,,https://n.news.naver.com/mnews/article/032/0003472735,2026-09-28T06:00:00+09:00,,A8면,
경향신문,naver_paper,,[단독]법원은 업체 ‘동의권’ 인정 안 했는데…교육부는 ‘공공 원서접수’ 접었다,,https://n.news.naver.com/mnews/article/032/0003472739,2026-09-28T06:00:00+09:00,,A8면,
경향신문,naver_paper,,폐과 이유로 전임교원 ‘면직’…‘재임용 심사’ 안 거치면 위법,대학이 재직하던 전임교원(교수)을 전환배치 심사만으로 면직 처분한 것은 무효라는 법원 판단이 나왔다. 학과가 폐지되는 경우라 하더라도 교원을 면직하려면 재임용 심사를 따로 거쳐야 한다는 취지다. 2 …,https://n.news.naver.com/mnews/article/032/0003472702,2026-09-27T20:30:00+09:00,,A9면,
경향신문,naver_paper,,‘연휴의 끝’ 장식하는 색채의 물결[포토뉴스],,https://n.news.naver.com/mnews/article/032/0003472705,2026-09-27T20:30:00+09:00,,A9면,
경향신문,naver_paper,,40만 찾은 ‘부캉이’ 바다로 내보낸다,,https://n.news.naver.com/mnews/article/032/0003472703,2026-09-27T20:30:00+09:00,,A9면,
경향신문,naver_paper,,"주중 비 소식, 높은 일교차 주의[2026년 09월 28일 날씨]",,https://n.news.naver.com/mnews/article/032/0003472701,2026-09-27T20:31:00+09:00,,A9면,
경향신문,naver_paper,,옛 청사 오가며 회의하느라…전남광주 통합 뒤 50일간 출장만 1608건,,https://n.news.naver.com/mnews/article/032/0003472704,2026-09-27T20:30:00+09:00,,A9면,
경향신문,naver_paper,,"여수 섬박람회, 추석 반짝 특수 이어갈까","개장 첫날부터 먹거리 부족·콘텐츠 부실 등 논란을 빚은 ‘2026 여수세계섬박람회’가 추석 연휴 기간 관객몰이를 하며 분위기 반등을 노리고 있다. 하지만 연휴 기간 중 무료입장, K팝 공연 등 일회 …",https://n.news.naver.com/mnews/article/032/0003472699,2026-09-27T20:27:00+09:00,,A10면,
경향신문,naver_paper,,"몸집 작아진 ‘안심벨’, 목청은 커졌다",,https://n.news.naver.com/mnews/article/032/0003472697,2026-09-27T20:26:00+09:00,,A10면,
경향신문,naver_paper,,광주 장애인 공동체 50년 역사 돌아본다,,https://n.news.naver.com/mnews/article/032/0003472695,2026-09-27T20:25:00+09:00,,A10면,
경향신문,naver_paper,,“용산공원 주택 공급은 ‘결사반대’…하이브 앞 상권 브랜딩 추진할 것”,,https://n.news.naver.com/mnews/article/032/0003472696,2026-09-27T20:25:00+09:00,,A10면,
경향신문,naver_paper,,깎아주고 씻어주니…제주 카페서 개인 컵 사용 1년 새 3.2배 증가,,https://n.news.naver.com/mnews/article/032/0003472698,2026-09-27T20:27:00+09:00,,A10면,
경향신문,naver_paper,,시속 500km로 ‘꽝’…러 제트 드론 잡는 ‘박치기 드론’,"전장 바꿀 요격용 고속 무인기 러 ‘제트엔진’ 드론 공격 맞서 우크라 신형 개발, 실전 배치 대통령이 직접 격추 영상 올려 엔진 등 미공개…속도만 확인 대량생 …",https://n.news.naver.com/mnews/article/032/0003472694,2026-09-27T20:16:00+09:00,,A12면,
경향신문,naver_paper,,뇌에 주는 전기 자극…‘신약 개발’ 신세계 가능성 키워[신경과학 저널클럽],,https://n.news.naver.com/mnews/article/032/0003472692,2026-09-27T20:14:00+09:00,,A12면,
경향신문,naver_paper,,"‘인간 똥’ 넣은 콘크리트, 압축과 휨에 더 강하다",,https://n.news.naver.com/mnews/article/032/0003472693,2026-09-27T20:14:00+09:00,,A12면,
경향신문,naver_paper,,"“어, 저 차 뭐지?”…자동차는 OTT를 타고 세계로 달린다",요즘 인기 드라마나 영화를 보다 보면 무심코 스마트폰으로 차량 이름을 검색해보는 일이 잦아졌다. 화면을 스쳐 지나가는 자동차가 예사롭지 않아서다. 예전처럼 엠 …,https://n.news.naver.com/mnews/article/032/0003472690,2026-09-27T20:20:00+09:00,,A13면,
경향신문,naver_paper,,007 본드카·‘택시운전사’의 브리사…스크린이 만든 ‘자동차 전설’,,https://n.news.naver.com/mnews/article/032/0003472691,2026-09-27T20:11:00+09:00,,A13면,
경향신문,naver_paper,,20여년 겉돌았던 ‘한국·멕시코 경제협정’ 새 물꼬 트나,"통상환경 급변 속, 이 대통령 방문 ‘관세 완화·수출 개선’ 기대감 한국의 중남미 최대 교역국…자동차 부품 등 중간재 주요 수출 정부 “플랜 멕시코 최적 파트 …",https://n.news.naver.com/mnews/article/032/0003472681,2026-09-27T20:04:00+09:00,,A14면,
경향신문,naver_paper,,SK하이닉스 손자회사 ‘솔리다임’ 중복상장 논란 재점화,,https://n.news.naver.com/mnews/article/032/0003472682,2026-09-27T20:04:00+09:00,,A14면,
경향신문,naver_paper,,삼전·닉스 ‘역대 최대 성과급’에 육아휴직도 안 간다?,,https://n.news.naver.com/mnews/article/032/0003472683,2026-09-27T20:04:00+09:00,,A14면,
경향신문,naver_paper,,"[단독]고속도로 휴게소 입찰 ‘30억’ 문턱, 소상공인 넘을 수 있나",,https://n.news.naver.com/mnews/article/032/0003472737,2026-09-28T06:00:00+09:00,,A14면,
경향신문,naver_paper,,미 자동차 연비 규제 대폭 완화…국내 완성차 ‘득’일까 ‘독’일까,도널드 트럼프 미국 대통령이 조 바이든 전 행정부의 핵심 환경 정책이었던 자동차 연비 규제를 대폭 완화했다. 국내 완성차 업계로선 깐깐했던 전기차 전환 압박에 …,https://n.news.naver.com/mnews/article/032/0003472688,2026-09-27T20:07:00+09:00,,A16면,
경향신문,naver_paper,,"특송화물 ‘직접 개장검사율’ 대폭 줄어, 마약·밀수 ‘사각지대’",,https://n.news.naver.com/mnews/article/032/0003472684,2026-09-27T20:03:00+09:00,,A16면,
경향신문,naver_paper,,미·중 ‘AI 안전 연락망’ 텄지만 ‘알맹이’는 없었다,,https://n.news.naver.com/mnews/article/032/0003472685,2026-09-27T20:02:00+09:00,,A16면,
경향신문,naver_paper,,"엔비디아도 뛰어든 ‘무인 트럭’ 상용화 시장, 왜?",,https://n.news.naver.com/mnews/article/032/0003472686,2026-09-27T20:02:00+09:00,,A16면,
경향신문,naver_paper,,엔비디아의 AI 데이터센터 생태계에 LG전자 냉각 장치 들어갈 기회 열렸다,,https://n.news.naver.com/mnews/article/032/0003472687,2026-09-27T20:02:00+09:00,,A16면,
경향신문,naver_paper,,"나무 톱밥으로 만든 초콜릿, 완두콩으로 만든 연어 대체육···에스토니아 농업은 ‘기술·고부가’를 택했다",지난 14일 에스토니아의 탈린공대(Taltech)에 자리잡은 스타트업 ‘ÄIO’의 연구실. 연구진이 내온 초콜릿은 부드러운 식감과 달고 씁쓸한 맛 모 …,https://n.news.naver.com/mnews/article/032/0003472740,2026-09-28T06:00:00+09:00,,A17면,
경향신문,naver_paper,,국내 제조기업 60% “올 이익 목표 미달”,,https://n.news.naver.com/mnews/article/032/0003472689,2026-09-27T19:59:00+09:00,,A17면,
경향신문,naver_paper,,"‘급’ 달랐던 한·일전…한국 야구, 안도 섞인 ‘5연패’",한국 야구대표팀 선수들이 27일 일본 아이치현 도요하시 시민구장에서 열린 2026 아이치·나고야 아시안게임 야구 결승전에서 일본을 꺾은 뒤 환호하고 있다. 도 …,https://n.news.naver.com/mnews/article/032/0003472731,2026-09-27T22:34:00+09:00,,A18면,
경향신문,naver_paper,,"17세 스케이트보더 강준이, 일본 위로 날았다",,https://n.news.naver.com/mnews/article/032/0003472677,2026-09-27T19:57:00+09:00,,A18면,
경향신문,naver_paper,,대학생·초보 감독 뭉쳐 첫 금메달…‘3 대 3 농구’ 불모지의 기적,,https://n.news.naver.com/mnews/article/032/0003472678,2026-09-27T19:57:00+09:00,,A18면,
경향신문,naver_paper,,"모레노호, 28일 우루과이전 ‘이강인 투톱’ 띄운다",,https://n.news.naver.com/mnews/article/032/0003472676,2026-09-27T19:57:00+09:00,,A18면,
경향신문,naver_paper,,선수촌 생활하고 물리치료 덕에…40대 아재들 ‘e스포츠’서 금 캤다,,https://n.news.naver.com/mnews/article/032/0003472679,2026-09-27T19:56:00+09:00,,A18면,
경향신문,naver_paper,,방어율 41% ‘빛새영’…8년 만·8번째 금빛 우생순,,https://n.news.naver.com/mnews/article/032/0003472732,2026-09-27T22:36:00+09:00,,A18면,
경향신문,naver_paper,,"선비이자 예술가, 누군가의 벗이자 제자…‘인간 정선’을 만나다",,https://n.news.naver.com/mnews/article/032/0003472675,2026-09-27T19:53:00+09:00,,A19면,
경향신문,naver_paper,,[최정화의 사소한 세계]소설가 정화씨의 일일,| 최정화 소설가 정화씨는 아침에 눈을 뜨자마자 스마트폰으로 시간을 확인했다. 아침 8시였다. 지난주에 언니가 치앙마이에서 선물로 사온 밀크티를 마시고 작고 …,https://n.news.naver.com/mnews/article/032/0003472673,2026-09-27T19:46:00+09:00,,A20면,
경향신문,naver_paper,,[요리에 과학 한 스푼]정말 핫한 떡볶이,,https://n.news.naver.com/mnews/article/032/0003472671,2026-09-27T19:45:00+09:00,,A20면,
경향신문,naver_paper,,[NGO 현장]점검 급한 아이돌 육성 시스템,,https://n.news.naver.com/mnews/article/032/0003472672,2026-09-27T19:45:00+09:00,,A20면,
경향신문,naver_paper,,[김명희의 사회의학 클리닉]여우와 두루미의 저녁 초대가 되지 않으려면,| 김명희 노동건강연대 운영위원장·예방의학 전문의 마침내! 정부가 임신중지 약물인 ‘미프진’ 도입 방안을 발표했다. 낙태죄 헌법 불합치 결정 이후에도 7년 동 …,https://n.news.naver.com/mnews/article/032/0003472670,2026-09-27T19:42:00+09:00,,A21면,
경향신문,naver_paper,,"[지금, 여기]살아도 죽지 않는 집을 찾아서",,https://n.news.naver.com/mnews/article/032/0003472668,2026-09-27T19:42:00+09:00,,A21면,
경향신문,naver_paper,,[기고]비대면 진료의 위험한 질주,,https://n.news.naver.com/mnews/article/032/0003472669,2026-09-27T19:42:00+09:00,,A21면,
경향신문,naver_paper,,"[아침을 열며]불완전할지라도, ‘가능한 사랑’",| 이영경 문화부장 2011년 6월 평택역에서 부산역으로 향하는 무궁화호 열차에 쌍용자동차 해고자 가족 70명이 올랐다. ‘희망열차 85호’라 이름 붙인 열차 …,https://n.news.naver.com/mnews/article/032/0003472664,2026-09-27T19:36:00+09:00,,A22면,
경향신문,naver_paper,,"[세계의 시, 시의 세계]비 오는 날 늙은 참나무 아래 멈춰서다",,https://n.news.naver.com/mnews/article/032/0003472663,2026-09-27T19:36:00+09:00,,A22면,
경향신문,naver_paper,,[시선]판사가 AI라면 좋겠다,,https://n.news.naver.com/mnews/article/032/0003472667,2026-09-27T19:36:00+09:00,,A22면,
경향신문,naver_paper,,[여적]‘농구는 심장으로 한다’,,https://n.news.naver.com/mnews/article/032/0003472660,2026-09-27T18:10:00+09:00,,A22면,
경향신문,naver_paper,,[정동칼럼]설명의 부재,"| 류영재 의정부지법 남양주지원 판사 대법관 임명을 둘러싼 대법원장과 대통령의 대립이 극단으로 치닫고 있다. 사안의 성격은 ‘제청권과 임명권의 충돌’, 나아가 …",https://n.news.naver.com/mnews/article/032/0003472665,2026-09-27T19:31:00+09:00,,A23면,
경향신문,naver_paper,,[미디어세상]언론 신뢰도 조사는 신뢰할 만한가,,https://n.news.naver.com/mnews/article/032/0003472666,2026-09-27T19:30:00+09:00,,A23면,
경향신문,naver_paper,,"[사설] 내란 특별수사본부 검토, 적절하지 않다",,https://n.news.naver.com/mnews/article/032/0003472662,2026-09-27T18:44:00+09:00,,A23면,
경향신문,naver_paper,,"[사설]새 형사사법 체계 출범 눈앞, 수장 공백 신속히 해소하길",,https://n.news.naver.com/mnews/article/032/0003472661,2026-09-27T18:19:00+09:00,,A23면,
경향신문,naver_paper,,"[사설]지뢰 폭발·북한군 포로 송환, 안보 사안 과도한 정쟁화 없어야",,https://n.news.naver.com/mnews/article/032/0003472727,2026-09-27T21:32:00+09:00,,A23면,
경향신문,naver_paper,,"순방 마친 이 대통령, 중수청장 임명 나설 듯",이재명 대통령이 김지용 중대범죄수사청장 내정자의 임명 절차를 재개하고 내란 사건 특별수사본부(내란 특수본) 구성을 지시하는 등 국내 현안 대응에 나설 것으로 …,https://n.news.naver.com/mnews/article/032/0003472725,2026-09-27T21:03:00+09:00,,A1면,
경향신문,naver_paper,,"금리 치솟아도, 주가 안 떨어졌다…‘돈의 공식’ 바뀌나",,https://n.news.naver.com/mnews/article/032/0003472723,2026-09-27T21:01:00+09:00,,A1면,
경향신문,naver_paper,,"한국행 북 포로 2명 정부, 치료·조사 중",,https://n.news.naver.com/mnews/article/032/0003472722,2026-09-27T20:59:00+09:00,,A1면,
경향신문,naver_paper,,다시 일상으로[포토뉴스],,https://n.news.naver.com/mnews/article/032/0003472726,2026-09-27T21:04:00+09:00,,A1면,
경향신문,naver_paper,,2개월 무역 휴전 연장…중국 “대등” 미국 “호혜” 합의 온도차,도널드 트럼프 미국 대통령과 시진핑 중국 국가주석이 4개월 만에 워싱턴에서 다시 만났다. 미국의 화려한 의전 속에 양국은 무역 휴전 연장 등 일부 합의를 이뤘 …,https://n.news.naver.com/mnews/article/032/0003472721,2026-09-27T20:56:00+09:00,,A2면,
경향신문,naver_paper,,"미 전문가들 “한·미 정상회담, 양국 오해 푸는 데 도움”",,https://n.news.naver.com/mnews/article/032/0003472720,2026-09-27T20:57:00+09:00,,A2면,
경향신문,naver_paper,,"이 대통령은 제재 완화 꺼내고, 트럼프·시진핑은 비핵화 안 꺼내고…11월 APEC 북·미 대화 판 깔리나",이재명 대통령이 미국 뉴욕에서 열린 유엔총회를 계기로 ‘북핵 중단과 제재 완화의 교환’과 남·북·미·중 4자 대화를 제안했다. 북한이 핵보유국 지위를 주장하는 가운데 북·미 대화 여건을 조성하기 위 …,https://n.news.naver.com/mnews/article/032/0003472719,2026-09-27T20:50:00+09:00,,A3면,
경향신문,naver_paper,,2026년 09월 28일[김용민의 그림마당],,https://n.news.naver.com/mnews/article/032/0003472728,2026-09-27T21:34:00+09:00,,A3면,
경향신문,naver_paper,,DMZ 지뢰 폭발 현장 도달 무산…군 “차후 재개”,사고 엿새 만에 DMZ 진입 미확인 지뢰지대 추가 사고 우려 유엔사 등 40여명 근접지서 철수 조사 서두르기보다 안전 최우선 파편 등 국과수 감정…은폐 일축 …,https://n.news.naver.com/mnews/article/032/0003472716,2026-09-27T20:47:00+09:00,,A4면,
경향신문,naver_paper,,이송된 북한군 포로 2명은 ‘탈북민’…국정원 최대 120일 조사·임시 보호,,https://n.news.naver.com/mnews/article/032/0003472715,2026-09-27T20:46:00+09:00,,A4면,
경향신문,naver_paper,,‘수사·기소 분리’ 이번주 시작인데…중수청·공소청 수장 ‘공석’,수사와 기소를 완전 분리하는 새 형사사법체계가 주요 사정기관의 수장이 모두 공석인 채로 출범할 처지에 놓였다. 정부는 김지용 중대범죄수사청장 내정자만큼은 임명 …,https://n.news.naver.com/mnews/article/032/0003472708,2026-09-27T20:41:00+09:00,,A5면,
경향신문,naver_paper,,여 “민생 올인” 야 “국민 폭발 직전”…추석 민심 체감 온도차,,https://n.news.naver.com/mnews/article/032/0003472714,2026-09-27T20:40:00+09:00,,A5면,
경향신문,naver_paper,,조희대 ‘재제청 거부’에 대응책 없는 민주당…‘법원행정처 폐지’ 법원조직법 개정 ‘만지작’,,https://n.news.naver.com/mnews/article/032/0003472709,2026-09-27T20:41:00+09:00,,A5면,
경향신문,naver_paper,,이란 ‘7일 계획’ 내친 트럼프…미 언론 “중간선거 후 공격 고려”,도널드 트럼프 미국 대통령이 호르무즈 해협 개방과 종전 협상 재개 등을 위해 이란이 제안한 일명 ‘7일 계획’을 거절했다고 26일(현지시간) 밝혔다. 이란은 …,https://n.news.naver.com/mnews/article/032/0003472712,2026-09-27T20:37:00+09:00,,A6면,
경향신문,naver_paper,,AI 해법 못 찾고 시진핑은 ‘패싱’…‘다자주의’ 한계 드러낸 유엔총회,,https://n.news.naver.com/mnews/article/032/0003472710,2026-09-27T20:37:00+09:00,,A6면,
경향신문,naver_paper,,성범죄자 신부의 작품이 던진 질문…“예술과 작가는 분리될 수 있는가”,,https://n.news.naver.com/mnews/article/032/0003472711,2026-09-27T20:37:00+09:00,,A6면,
경향신문,naver_paper,,"미·러, ‘AI 자율살상무기’서 안전핀 뺐다",,https://n.news.naver.com/mnews/article/032/0003472713,2026-09-27T20:37:00+09:00,,A6면,
경향신문,naver_paper,,[단독]기초생활수급자 벗어난 이유 1위는 ‘사망’···소득 늘거나 취업해 벗어난 사람보다 많았다,지난해 기초생활보장 수급자에서 벗어난 사람 3명 중 1명은 ‘숨져서’ 벗어난 것으로 나타났다. 소득이 늘거나 새로 취업·창업해 수급 자격을 상실한 인원을 모두 …,https://n.news.naver.com/mnews/article/032/0003472738,2026-09-28T06:00:00+09:00,,A8면,
경향신문,naver_paper,,"“성실했던 형, 돌아올 순 없지만…외국인도 안전하게 일하게 되길”",,https://n.news.naver.com/mnews/article/032/0003472707,2026-09-27T20:35:00+09:00,,A8면,
경향신문,naver_paper,,"농장에 남은 사육곰 219마리, 동물자유연대가 ‘모두 매입’",,https://n.news.naver.com/mnews/article/032/0003472706,2026-09-27T20:34:00+09:00,,A8면,
경향신문,naver_paper,,[단독]자살 암시하며 나흘간 84차례 연락…이별 통보에 흉기 휘두른 10대 남성,,https://n.news.naver.com/mnews/article/032/0003472735,2026-09-28T06:00:00+09:00,,A8면,
경향신문,naver_paper,,[단독]법원은 업체 ‘동의권’ 인정 안 했는데…교육부는 ‘공공 원서접수’ 접었다,,https://n.news.naver.com/mnews/article/032/0003472739,2026-09-28T06:00:00+09:00,,A8면,
경향신문,naver_paper,,폐과 이유로 전임교원 ‘면직’…‘재임용 심사’ 안 거치면 위법,대학이 재직하던 전임교원(교수)을 전환배치 심사만으로 면직 처분한 것은 무효라는 법원 판단이 나왔다. 학과가 폐지되는 경우라 하더라도 교원을 면직하려면 재임용 심사를 따로 거쳐야 한다는 취지다. 2 …,https://n.news.naver.com/mnews/article/032/0003472702,2026-09-27T20:30:00+09:00,,A9면,
경향신문,naver_paper,,‘연휴의 끝’ 장식하는 색채의 물결[포토뉴스],,https://n.news.naver.com/mnews/article/032/0003472705,2026-09-27T20:30:00+09:00,,A9면,
경향신문,naver_paper,,40만 찾은 ‘부캉이’ 바다로 내보낸다,,https://n.news.naver.com/mnews/article/032/0003472703,2026-09-27T20:30:00+09:00,,A9면,
경향신문,naver_paper,,"주중 비 소식, 높은 일교차 주의[2026년 09월 28일 날씨]",,https://n.news.naver.com/mnews/article/032/0003472701,2026-09-27T20:31:00+09:00,,A9면,
경향신문,naver_paper,,옛 청사 오가며 회의하느라…전남광주 통합 뒤 50일간 출장만 1608건,,https://n.news.naver.com/mnews/article/032/0003472704,2026-09-27T20:30:00+09:00,,A9면,
경향신문,naver_paper,,"여수 섬박람회, 추석 반짝 특수 이어갈까","개장 첫날부터 먹거리 부족·콘텐츠 부실 등 논란을 빚은 ‘2026 여수세계섬박람회’가 추석 연휴 기간 관객몰이를 하며 분위기 반등을 노리고 있다. 하지만 연휴 기간 중 무료입장, K팝 공연 등 일회 …",https://n.news.naver.com/mnews/article/032/0003472699,2026-09-27T20:27:00+09:00,,A10면,
경향신문,naver_paper,,"몸집 작아진 ‘안심벨’, 목청은 커졌다",,https://n.news.naver.com/mnews/article/032/0003472697,2026-09-27T20:26:00+09:00,,A10면,
경향신문,naver_paper,,광주 장애인 공동체 50년 역사 돌아본다,,https://n.news.naver.com/mnews/article/032/0003472695,2026-09-27T20:25:00+09:00,,A10면,
경향신문,naver_paper,,“용산공원 주택 공급은 ‘결사반대’…하이브 앞 상권 브랜딩 추진할 것”,,https://n.news.naver.com/mnews/article/032/0003472696,2026-09-27T20:25:00+09:00,,A10면,
경향신문,naver_paper,,깎아주고 씻어주니…제주 카페서 개인 컵 사용 1년 새 3.2배 증가,,https://n.news.naver.com/mnews/article/032/0003472698,2026-09-27T20:27:00+09:00,,A10면,
경향신문,naver_paper,,"순방 마친 이 대통령, 중수청장 임명 나설 듯",이재명 대통령이 김지용 중대범죄수사청장 내정자의 임명 절차를 재개하고 내란 사건 특별수사본부(내란 특수본) 구성을 지시하는 등 국내 현안 대응에 나설 것으로 …,https://n.news.naver.com/mnews/article/032/0003472725,2026-09-27T21:03:00+09:00,,A1면,
경향신문,naver_paper,,"금리 치솟아도, 주가 안 떨어졌다…‘돈의 공식’ 바뀌나",,https://n.news.naver.com/mnews/article/032/0003472723,2026-09-27T21:01:00+09:00,,A1면,
경향신문,naver_paper,,"한국행 북 포로 2명 정부, 치료·조사 중",,https://n.news.naver.com/mnews/article/032/0003472722,2026-09-27T20:59:00+09:00,,A1면,
경향신문,naver_paper,,다시 일상으로[포토뉴스],,https://n.news.naver.com/mnews/article/032/0003472726,2026-09-27T21:04:00+09:00,,A1면,
경향신문,naver_paper,,2개월 무역 휴전 연장…중국 “대등” 미국 “호혜” 합의 온도차,도널드 트럼프 미국 대통령과 시진핑 중국 국가주석이 4개월 만에 워싱턴에서 다시 만났다. 미국의 화려한 의전 속에 양국은 무역 휴전 연장 등 일부 합의를 이뤘 …,https://n.news.naver.com/mnews/article/032/0003472721,2026-09-27T20:56:00+09:00,,A2면,
경향신문,naver_paper,,"미 전문가들 “한·미 정상회담, 양국 오해 푸는 데 도움”",,https://n.news.naver.com/mnews/article/032/0003472720,2026-09-27T20:57:00+09:00,,A2면,
경향신문,naver_paper,,"이 대통령은 제재 완화 꺼내고, 트럼프·시진핑은 비핵화 안 꺼내고…11월 APEC 북·미 대화 판 깔리나",이재명 대통령이 미국 뉴욕에서 열린 유엔총회를 계기로 ‘북핵 중단과 제재 완화의 교환’과 남·북·미·중 4자 대화를 제안했다. 북한이 핵보유국 지위를 주장하는 가운데 북·미 대화 여건을 조성하기 위 …,https://n.news.naver.com/mnews/article/032/0003472719,2026-09-27T20:50:00+09:00,,A3면,
경향신문,naver_paper,,2026년 09월 28일[김용민의 그림마당],,https://n.news.naver.com/mnews/article/032/0003472728,2026-09-27T21:34:00+09:00,,A3면,
경향신문,naver_paper,,DMZ 지뢰 폭발 현장 도달 무산…군 “차후 재개”,사고 엿새 만에 DMZ 진입 미확인 지뢰지대 추가 사고 우려 유엔사 등 40여명 근접지서 철수 조사 서두르기보다 안전 최우선 파편 등 국과수 감정…은폐 일축 …,https://n.news.naver.com/mnews/article/032/0003472716,2026-09-27T20:47:00+09:00,,A4면,
경향신문,naver_paper,,이송된 북한군 포로 2명은 ‘탈북민’…국정원 최대 120일 조사·임시 보호,,https://n.news.naver.com/mnews/article/032/0003472715,2026-09-27T20:46:00+09:00,,A4면,
경향신문,naver_paper,,‘수사·기소 분리’ 이번주 시작인데…중수청·공소청 수장 ‘공석’,수사와 기소를 완전 분리하는 새 형사사법체계가 주요 사정기관의 수장이 모두 공석인 채로 출범할 처지에 놓였다. 정부는 김지용 중대범죄수사청장 내정자만큼은 임명 …,https://n.news.naver.com/mnews/article/032/0003472708,2026-09-27T20:41:00+09:00,,A5면,
경향신문,naver_paper,,여 “민생 올인” 야 “국민 폭발 직전”…추석 민심 체감 온도차,,https://n.news.naver.com/mnews/article/032/0003472714,2026-09-27T20:40:00+09:00,,A5면,
경향신문,naver_paper,,조희대 ‘재제청 거부’에 대응책 없는 민주당…‘법원행정처 폐지’ 법원조직법 개정 ‘만지작’,,https://n.news.naver.com/mnews/article/032/0003472709,2026-09-27T20:41:00+09:00,,A5면,
경향신문,naver_paper,,이란 ‘7일 계획’ 내친 트럼프…미 언론 “중간선거 후 공격 고려”,도널드 트럼프 미국 대통령이 호르무즈 해협 개방과 종전 협상 재개 등을 위해 이란이 제안한 일명 ‘7일 계획’을 거절했다고 26일(현지시간) 밝혔다. 이란은 …,https://n.news.naver.com/mnews/article/032/0003472712,2026-09-27T20:37:00+09:00,,A6면,
경향신문,naver_paper,,AI 해법 못 찾고 시진핑은 ‘패싱’…‘다자주의’ 한계 드러낸 유엔총회,,https://n.news.naver.com/mnews/article/032/0003472710,2026-09-27T20:37:00+09:00,,A6면,
경향신문,naver_paper,,성범죄자 신부의 작품이 던진 질문…“예술과 작가는 분리될 수 있는가”,,https://n.news.naver.com/mnews/article/032/0003472711,2026-09-27T20:37:00+09:00,,A6면,
경향신문,naver_paper,,"미·러, ‘AI 자율살상무기’서 안전핀 뺐다",,https://n.news.naver.com/mnews/article/032/0003472713,2026-09-27T20:37:00+09:00,,A6면,
경향신문,naver_paper,,[단독]기초생활수급자 벗어난 이유 1위는 ‘사망’···소득 늘거나 취업해 벗어난 사람보다 많았다,지난해 기초생활보장 수급자에서 벗어난 사람 3명 중 1명은 ‘숨져서’ 벗어난 것으로 나타났다. 소득이 늘거나 새로 취업·창업해 수급 자격을 상실한 인원을 모두 …,https://n.news.naver.com/mnews/article/032/0003472738,2026-09-28T06:00:00+09:00,,A8면,
경향신문,naver_paper,,"“성실했던 형, 돌아올 순 없지만…외국인도 안전하게 일하게 되길”",,https://n.news.naver.com/mnews/article/032/0003472707,2026-09-27T20:35:00+09:00,,A8면,
경향신문,naver_paper,,"농장에 남은 사육곰 219마리, 동물자유연대가 ‘모두 매입’",,https://n.news.naver.com/mnews/article/032/0003472706,2026-09-27T20:34:00+09:00,,A8면,
경향신문,naver_paper,,[단독]자살 암시하며 나흘간 84차례 연락…이별 통보에 흉기 휘두른 10대 남성,,https://n.news.naver.com/mnews/article/032/0003472735,2026-09-28T06:00:00+09:00,,A8면,
경향신문,naver_paper,,[단독]법원은 업체 ‘동의권’ 인정 안 했는데…교육부는 ‘공공 원서접수’ 접었다,,https://n.news.naver.com/mnews/article/032/0003472739,2026-09-28T06:00:00+09:00,,A8면,
경향신문,naver_paper,,폐과 이유로 전임교원 ‘면직’…‘재임용 심사’ 안 거치면 위법,대학이 재직하던 전임교원(교수)을 전환배치 심사만으로 면직 처분한 것은 무효라는 법원 판단이 나왔다. 학과가 폐지되는 경우라 하더라도 교원을 면직하려면 재임용 심사를 따로 거쳐야 한다는 취지다. 2 …,https://n.news.naver.com/mnews/article/032/0003472702,2026-09-27T20:30:00+09:00,,A9면,
경향신문,naver_paper,,‘연휴의 끝’ 장식하는 색채의 물결[포토뉴스],,https://n.news.naver.com/mnews/article/032/0003472705,2026-09-27T20:30:00+09:00,,A9면,
경향신문,naver_paper,,40만 찾은 ‘부캉이’ 바다로 내보낸다,,https://n.news.naver.com/mnews/article/032/0003472703,2026-09-27T20:30:00+09:00,,A9면,
경향신문,naver_paper,,"주중 비 소식, 높은 일교차 주의[2026년 09월 28일 날씨]",,https://n.news.naver.com/mnews/article/032/0003472701,2026-09-27T20:31:00+09:00,,A9면,
경향신문,naver_paper,,옛 청사 오가며 회의하느라…전남광주 통합 뒤 50일간 출장만 1608건,,https://n.news.naver.com/mnews/article/032/0003472704,2026-09-27T20:30:00+09:00,,A9면,
경향신문,naver_paper,,"여수 섬박람회, 추석 반짝 특수 이어갈까","개장 첫날부터 먹거리 부족·콘텐츠 부실 등 논란을 빚은 ‘2026 여수세계섬박람회’가 추석 연휴 기간 관객몰이를 하며 분위기 반등을 노리고 있다. 하지만 연휴 기간 중 무료입장, K팝 공연 등 일회 …",https://n.news.naver.com/mnews/article/032/0003472699,2026-09-27T20:27:00+09:00,,A10면,
경향신문,naver_paper,,"몸집 작아진 ‘안심벨’, 목청은 커졌다",,https://n.news.naver.com/mnews/article/032/0003472697,2026-09-27T20:26:00+09:00,,A10면,
경향신문,naver_paper,,광주 장애인 공동체 50년 역사 돌아본다,,https://n.news.naver.com/mnews/article/032/0003472695,2026-09-27T20:25:00+09:00,,A10면,
경향신문,naver_paper,,“용산공원 주택 공급은 ‘결사반대’…하이브 앞 상권 브랜딩 추진할 것”,,https://n.news.naver.com/mnews/article/032/0003472696,2026-09-27T20:25:00+09:00,,A10면,
경향신문,naver_paper,,깎아주고 씻어주니…제주 카페서 개인 컵 사용 1년 새 3.2배 증가,,https://n.news.naver.com/mnews/article/032/0003472698,2026-09-27T20:27:00+09:00,,A10면,
경향신문,naver_paper,,"순방 마친 이 대통령, 중수청장 임명 나설 듯",이재명 대통령이 김지용 중대범죄수사청장 내정자의 임명 절차를 재개하고 내란 사건 특별수사본부(내란 특수본) 구성을 지시하는 등 국내 현안 대응에 나설 것으로 …,https://n.news.naver.com/mnews/article/032/0003472725,2026-09-27T21:03:00+09:00,,A1면,
경향신문,naver_paper,,"금리 치솟아도, 주가 안 떨어졌다…‘돈의 공식’ 바뀌나",,https://n.news.naver.com/mnews/article/032/0003472723,2026-09-27T21:01:00+09:00,,A1면,
경향신문,naver_paper,,"한국행 북 포로 2명 정부, 치료·조사 중",,https://n.news.naver.com/mnews/article/032/0003472722,2026-09-27T20:59:00+09:00,,A1면,
경향신문,naver_paper,,다시 일상으로[포토뉴스],,https://n.news.naver.com/mnews/article/032/0003472726,2026-09-27T21:04:00+09:00,,A1면,
경향신문,naver_paper,,2개월 무역 휴전 연장…중국 “대등” 미국 “호혜” 합의 온도차,도널드 트럼프 미국 대통령과 시진핑 중국 국가주석이 4개월 만에 워싱턴에서 다시 만났다. 미국의 화려한 의전 속에 양국은 무역 휴전 연장 등 일부 합의를 이뤘 …,https://n.news.naver.com/mnews/article/032/0003472721,2026-09-27T20:56:00+09:00,,A2면,
경향신문,naver_paper,,"미 전문가들 “한·미 정상회담, 양국 오해 푸는 데 도움”",,https://n.news.naver.com/mnews/article/032/0003472720,2026-09-27T20:57:00+09:00,,A2면,
경향신문,naver_paper,,"이 대통령은 제재 완화 꺼내고, 트럼프·시진핑은 비핵화 안 꺼내고…11월 APEC 북·미 대화 판 깔리나",이재명 대통령이 미국 뉴욕에서 열린 유엔총회를 계기로 ‘북핵 중단과 제재 완화의 교환’과 남·북·미·중 4자 대화를 제안했다. 북한이 핵보유국 지위를 주장하는 가운데 북·미 대화 여건을 조성하기 위 …,https://n.news.naver.com/mnews/article/032/0003472719,2026-09-27T20:50:00+09:00,,A3면,
경향신문,naver_paper,,2026년 09월 28일[김용민의 그림마당],,https://n.news.naver.com/mnews/article/032/0003472728,2026-09-27T21:34:00+09:00,,A3면,
경향신문,naver_paper,,DMZ 지뢰 폭발 현장 도달 무산…군 “차후 재개”,사고 엿새 만에 DMZ 진입 미확인 지뢰지대 추가 사고 우려 유엔사 등 40여명 근접지서 철수 조사 서두르기보다 안전 최우선 파편 등 국과수 감정…은폐 일축 …,https://n.news.naver.com/mnews/article/032/0003472716,2026-09-27T20:47:00+09:00,,A4면,
경향신문,naver_paper,,이송된 북한군 포로 2명은 ‘탈북민’…국정원 최대 120일 조사·임시 보호,,https://n.news.naver.com/mnews/article/032/0003472715,2026-09-27T20:46:00+09:00,,A4면,
경향신문,naver_paper,,‘수사·기소 분리’ 이번주 시작인데…중수청·공소청 수장 ‘공석’,수사와 기소를 완전 분리하는 새 형사사법체계가 주요 사정기관의 수장이 모두 공석인 채로 출범할 처지에 놓였다. 정부는 김지용 중대범죄수사청장 내정자만큼은 임명 …,https://n.news.naver.com/mnews/article/032/0003472708,2026-09-27T20:41:00+09:00,,A5면,
경향신문,naver_paper,,여 “민생 올인” 야 “국민 폭발 직전”…추석 민심 체감 온도차,,https://n.news.naver.com/mnews/article/032/0003472714,2026-09-27T20:40:00+09:00,,A5면,
경향신문,naver_paper,,조희대 ‘재제청 거부’에 대응책 없는 민주당…‘법원행정처 폐지’ 법원조직법 개정 ‘만지작’,,https://n.news.naver.com/mnews/article/032/0003472709,2026-09-27T20:41:00+09:00,,A5면,
경향신문,naver_paper,,이란 ‘7일 계획’ 내친 트럼프…미 언론 “중간선거 후 공격 고려”,도널드 트럼프 미국 대통령이 호르무즈 해협 개방과 종전 협상 재개 등을 위해 이란이 제안한 일명 ‘7일 계획’을 거절했다고 26일(현지시간) 밝혔다. 이란은 …,https://n.news.naver.com/mnews/article/032/0003472712,2026-09-27T20:37:00+09:00,,A6면,
경향신문,naver_paper,,AI 해법 못 찾고 시진핑은 ‘패싱’…‘다자주의’ 한계 드러낸 유엔총회,,https://n.news.naver.com/mnews/article/032/0003472710,2026-09-27T20:37:00+09:00,,A6면,
경향신문,naver_paper,,성범죄자 신부의 작품이 던진 질문…“예술과 작가는 분리될 수 있는가”,,https://n.news.naver.com/mnews/article/032/0003472711,2026-09-27T20:37:00+09:00,,A6면,
경향신문,naver_paper,,"미·러, ‘AI 자율살상무기’서 안전핀 뺐다",,https://n.news.naver.com/mnews/article/032/0003472713,2026-09-27T20:37:00+09:00,,A6면,
경향신문,naver_paper,,[단독]기초생활수급자 벗어난 이유 1위는 ‘사망’···소득 늘거나 취업해 벗어난 사람보다 많았다,지난해 기초생활보장 수급자에서 벗어난 사람 3명 중 1명은 ‘숨져서’ 벗어난 것으로 나타났다. 소득이 늘거나 새로 취업·창업해 수급 자격을 상실한 인원을 모두 …,https://n.news.naver.com/mnews/article/032/0003472738,2026-09-28T06:00:00+09:00,,A8면,
경향신문,naver_paper,,"“성실했던 형, 돌아올 순 없지만…외국인도 안전하게 일하게 되길”",,https://n.news.naver.com/mnews/article/032/0003472707,2026-09-27T20:35:00+09:00,,A8면,
경향신문,naver_paper,,"농장에 남은 사육곰 219마리, 동물자유연대가 ‘모두 매입’",,https://n.news.naver.com/mnews/article/032/0003472706,2026-09-27T20:34:00+09:00,,A8면,
경향신문,naver_paper,,[단독]자살 암시하며 나흘간 84차례 연락…이별 통보에 흉기 휘두른 10대 남성,,https://n.news.naver.com/mnews/article/032/0003472735,2026-09-28T06:00:00+09:00,,A8면,
경향신문,naver_paper,,[단독]법원은 업체 ‘동의권’ 인정 안 했는데…교육부는 ‘공공 원서접수’ 접었다,,https://n.news.naver.com/mnews/article/032/0003472739,2026-09-28T06:00:00+09:00,,A8면,
경향신문,naver_paper,,폐과 이유로 전임교원 ‘면직’…‘재임용 심사’ 안 거치면 위법,대학이 재직하던 전임교원(교수)을 전환배치 심사만으로 면직 처분한 것은 무효라는 법원 판단이 나왔다. 학과가 폐지되는 경우라 하더라도 교원을 면직하려면 재임용 심사를 따로 거쳐야 한다는 취지다. 2 …,https://n.news.naver.com/mnews/article/032/0003472702,2026-09-27T20:30:00+09:00,,A9면,
경향신문,naver_paper,,‘연휴의 끝’ 장식하는 색채의 물결[포토뉴스],,https://n.news.naver.com/mnews/article/032/0003472705,2026-09-27T20:30:00+09:00,,A9면,
경향신문,naver_paper,,40만 찾은 ‘부캉이’ 바다로 내보낸다,,https://n.news.naver.com/mnews/article/032/0003472703,2026-09-27T20:30:00+09:00,,A9면,
경향신문,naver_paper,,"주중 비 소식, 높은 일교차 주의[2026년 09월 28일 날씨]",,https://n.news.naver.com/mnews/article/032/0003472701,2026-09-27T20:31:00+09:00,,A9면,
경향신문,naver_paper,,옛 청사 오가며 회의하느라…전남광주 통합 뒤 50일간 출장만 1608건,,https://n.news.naver.com/mnews/article/032/0003472704,2026-09-27T20:30:00+09:00,,A9면,
경향신문,naver_paper,,"여수 섬박람회, 추석 반짝 특수 이어갈까","개장 첫날부터 먹거리 부족·콘텐츠 부실 등 논란을 빚은 ‘2026 여수세계섬박람회’가 추석 연휴 기간 관객몰이를 하며 분위기 반등을 노리고 있다. 하지만 연휴 기간 중 무료입장, K팝 공연 등 일회 …",https://n.news.naver.com/mnews/article/032/0003472699,2026-09-27T20:27:00+09:00,,A10면,
경향신문,naver_paper,,"몸집 작아진 ‘안심벨’, 목청은 커졌다",,https://n.news.naver.com/mnews/article/032/0003472697,2026-09-27T20:26:00+09:00,,A10면,
경향신문,naver_paper,,광주 장애인 공동체 50년 역사 돌아본다,,https://n.news.naver.com/mnews/article/032/0003472695,2026-09-27T20:25:00+09:00,,A10면,
경향신문,naver_paper,,“용산공원 주택 공급은 ‘결사반대’…하이브 앞 상권 브랜딩 추진할 것”,,https://n.news.naver.com/mnews/article/032/0003472696,2026-09-27T20:25:00+09:00,,A10면,
경향신문,naver_paper,,깎아주고 씻어주니…제주 카페서 개인 컵 사용 1년 새 3.2배 증가,,https://n.news.naver.com/mnews/article/032/0003472698,2026-09-27T20:27:00+09:00,,A10면,
경향신문,naver_paper,,"순방 마친 이 대통령, 중수청장 임명 나설 듯",이재명 대통령이 김지용 중대범죄수사청장 내정자의 임명 절차를 재개하고 내란 사건 특별수사본부(내란 특수본) 구성을 지시하는 등 국내 현안 대응에 나설 것으로 …,https://n.news.naver.com/mnews/article/032/0003472725,2026-09-27T21:03:00+09:00,,A1면,
경향신문,naver_paper,,"금리 치솟아도, 주가 안 떨어졌다…‘돈의 공식’ 바뀌나",,https://n.news.naver.com/mnews/article/032/0003472723,2026-09-27T21:01:00+09:00,,A1면,
경향신문,naver_paper,,"한국행 북 포로 2명 정부, 치료·조사 중",,https://n.news.naver.com/mnews/article/032/0003472722,2026-09-27T20:59:00+09:00,,A1면,
경향신문,naver_paper,,다시 일상으로[포토뉴스],,https://n.news.naver.com/mnews/article/032/0003472726,2026-09-27T21:04:00+09:00,,A1면,
경향신문,naver_paper,,2개월 무역 휴전 연장…중국 “대등” 미국 “호혜” 합의 온도차,도널드 트럼프 미국 대통령과 시진핑 중국 국가주석이 4개월 만에 워싱턴에서 다시 만났다. 미국의 화려한 의전 속에 양국은 무역 휴전 연장 등 일부 합의를 이뤘 …,https://n.news.naver.com/mnews/article/032/0003472721,2026-09-27T20:56:00+09:00,,A2면,
경향신문,naver_paper,,"미 전문가들 “한·미 정상회담, 양국 오해 푸는 데 도움”",,https://n.news.naver.com/mnews/article/032/0003472720,2026-09-27T20:57:00+09:00,,A2면,
경향신문,naver_paper,,"이 대통령은 제재 완화 꺼내고, 트럼프·시진핑은 비핵화 안 꺼내고…11월 APEC 북·미 대화 판 깔리나",이재명 대통령이 미국 뉴욕에서 열린 유엔총회를 계기로 ‘북핵 중단과 제재 완화의 교환’과 남·북·미·중 4자 대화를 제안했다. 북한이 핵보유국 지위를 주장하는 가운데 북·미 대화 여건을 조성하기 위 …,https://n.news.naver.com/mnews/article/032/0003472719,2026-09-27T20:50:00+09:00,,A3면,
경향신문,naver_paper,,2026년 09월 28일[김용민의 그림마당],,https://n.news.naver.com/mnews/article/032/0003472728,2026-09-27T21:34:00+09:00,,A3면,
경향신문,naver_paper,,DMZ 지뢰 폭발 현장 도달 무산…군 “차후 재개”,사고 엿새 만에 DMZ 진입 미확인 지뢰지대 추가 사고 우려 유엔사 등 40여명 근접지서 철수 조사 서두르기보다 안전 최우선 파편 등 국과수 감정…은폐 일축 …,https://n.news.naver.com/mnews/article/032/0003472716,2026-09-27T20:47:00+09:00,,A4면,
경향신문,naver_paper,,이송된 북한군 포로 2명은 ‘탈북민’…국정원 최대 120일 조사·임시 보호,,https://n.news.naver.com/mnews/article/032/0003472715,2026-09-27T20:46:00+09:00,,A4면,
경향신문,naver_paper,,‘수사·기소 분리’ 이번주 시작인데…중수청·공소청 수장 ‘공석’,수사와 기소를 완전 분리하는 새 형사사법체계가 주요 사정기관의 수장이 모두 공석인 채로 출범할 처지에 놓였다. 정부는 김지용 중대범죄수사청장 내정자만큼은 임명 …,https://n.news.naver.com/mnews/article/032/0003472708,2026-09-27T20:41:00+09:00,,A5면,
경향신문,naver_paper,,여 “민생 올인” 야 “국민 폭발 직전”…추석 민심 체감 온도차,,https://n.news.naver.com/mnews/article/032/0003472714,2026-09-27T20:40:00+09:00,,A5면,
경향신문,naver_paper,,조희대 ‘재제청 거부’에 대응책 없는 민주당…‘법원행정처 폐지’ 법원조직법 개정 ‘만지작’,,https://n.news.naver.com/mnews/article/032/0003472709,2026-09-27T20:41:00+09:00,,A5면,
경향신문,naver_paper,,이란 ‘7일 계획’ 내친 트럼프…미 언론 “중간선거 후 공격 고려”,도널드 트럼프 미국 대통령이 호르무즈 해협 개방과 종전 협상 재개 등을 위해 이란이 제안한 일명 ‘7일 계획’을 거절했다고 26일(현지시간) 밝혔다. 이란은 …,https://n.news.naver.com/mnews/article/032/0003472712,2026-09-27T20:37:00+09:00,,A6면,
경향신문,naver_paper,,AI 해법 못 찾고 시진핑은 ‘패싱’…‘다자주의’ 한계 드러낸 유엔총회,,https://n.news.naver.com/mnews/article/032/0003472710,2026-09-27T20:37:00+09:00,,A6면,
경향신문,naver_paper,,성범죄자 신부의 작품이 던진 질문…“예술과 작가는 분리될 수 있는가”,,https://n.news.naver.com/mnews/article/032/0003472711,2026-09-27T20:37:00+09:00,,A6면,
경향신문,naver_paper,,"미·러, ‘AI 자율살상무기’서 안전핀 뺐다",,https://n.news.naver.com/mnews/article/032/0003472713,2026-09-27T20:37:00+09:00,,A6면,
경향신문,naver_paper,,[단독]기초생활수급자 벗어난 이유 1위는 ‘사망’···소득 늘거나 취업해 벗어난 사람보다 많았다,지난해 기초생활보장 수급자에서 벗어난 사람 3명 중 1명은 ‘숨져서’ 벗어난 것으로 나타났다. 소득이 늘거나 새로 취업·창업해 수급 자격을 상실한 인원을 모두 …,https://n.news.naver.com/mnews/article/032/0003472738,2026-09-28T06:00:00+09:00,,A8면,
경향신문,naver_paper,,"“성실했던 형, 돌아올 순 없지만…외국인도 안전하게 일하게 되길”",,https://n.news.naver.com/mnews/article/032/0003472707,2026-09-27T20:35:00+09:00,,A8면,
경향신문,naver_paper,,"농장에 남은 사육곰 219마리, 동물자유연대가 ‘모두 매입’",,https://n.news.naver.com/mnews/article/032/0003472706,2026-09-27T20:34:00+09:00,,A8면,
경향신문,naver_paper,,[단독]자살 암시하며 나흘간 84차례 연락…이별 통보에 흉기 휘두른 10대 남성,,https://n.news.naver.com/mnews/article/032/0003472735,2026-09-28T06:00:00+09:00,,A8면,
경향신문,naver_paper,,[단독]법원은 업체 ‘동의권’ 인정 안 했는데…교육부는 ‘공공 원서접수’ 접었다,,https://n.news.naver.com/mnews/article/032/0003472739,2026-09-28T06:00:00+09:00,,A8면,
경향신문,naver_paper,,폐과 이유로 전임교원 ‘면직’…‘재임용 심사’ 안 거치면 위법,대학이 재직하던 전임교원(교수)을 전환배치 심사만으로 면직 처분한 것은 무효라는 법원 판단이 나왔다. 학과가 폐지되는 경우라 하더라도 교원을 면직하려면 재임용 심사를 따로 거쳐야 한다는 취지다. 2 …,https://n.news.naver.com/mnews/article/032/0003472702,2026-09-27T20:30:00+09:00,,A9면,
경향신문,naver_paper,,‘연휴의 끝’ 장식하는 색채의 물결[포토뉴스],,https://n.news.naver.com/mnews/article/032/0003472705,2026-09-27T20:30:00+09:00,,A9면,
경향신문,naver_paper,,40만 찾은 ‘부캉이’ 바다로 내보낸다,,https://n.news.naver.com/mnews/article/032/0003472703,2026-09-27T20:30:00+09:00,,A9면,
경향신문,naver_paper,,"주중 비 소식, 높은 일교차 주의[2026년 09월 28일 날씨]",,https://n.news.naver.com/mnews/article/032/0003472701,2026-09-27T20:31:00+09:00,,A9면,
경향신문,naver_paper,,옛 청사 오가며 회의하느라…전남광주 통합 뒤 50일간 출장만 1608건,,https://n.news.naver.com/mnews/article/032/0003472704,2026-09-27T20:30:00+09:00,,A9면,
경향신문,naver_paper,,"여수 섬박람회, 추석 반짝 특수 이어갈까","개장 첫날부터 먹거리 부족·콘텐츠 부실 등 논란을 빚은 ‘2026 여수세계섬박람회’가 추석 연휴 기간 관객몰이를 하며 분위기 반등을 노리고 있다. 하지만 연휴 기간 중 무료입장, K팝 공연 등 일회 …",https://n.news.naver.com/mnews/article/032/0003472699,2026-09-27T20:27:00+09:00,,A10면,
경향신문,naver_paper,,"몸집 작아진 ‘안심벨’, 목청은 커졌다",,https://n.news.naver.com/mnews/article/032/0003472697,2026-09-27T20:26:00+09:00,,A10면,
경향신문,naver_paper,,광주 장애인 공동체 50년 역사 돌아본다,,https://n.news.naver.com/mnews/article/032/0003472695,2026-09-27T20:25:00+09:00,,A10면,
경향신문,naver_paper,,“용산공원 주택 공급은 ‘결사반대’…하이브 앞 상권 브랜딩 추진할 것”,,https://n.news.naver.com/mnews/article/032/0003472696,2026-09-27T20:25:00+09:00,,A10면,
경향신문,naver_paper,,깎아주고 씻어주니…제주 카페서 개인 컵 사용 1년 새 3.2배 증가,,https://n.news.naver.com/mnews/article/032/0003472698,2026-09-27T20:27:00+09:00,,A10면,
경향신문,naver_paper,,"순방 마친 이 대통령, 중수청장 임명 나설 듯",이재명 대통령이 김지용 중대범죄수사청장 내정자의 임명 절차를 재개하고 내란 사건 특별수사본부(내란 특수본) 구성을 지시하는 등 국내 현안 대응에 나설 것으로 …,https://n.news.naver.com/mnews/article/032/0003472725,2026-09-27T21:03:00+09:00,,A1면,
경향신문,naver_paper,,"금리 치솟아도, 주가 안 떨어졌다…‘돈의 공식’ 바뀌나",,https://n.news.naver.com/mnews/article/032/0003472723,2026-09-27T21:01:00+09:00,,A1면,
경향신문,naver_paper,,"한국행 북 포로 2명 정부, 치료·조사 중",,https://n.news.naver.com/mnews/article/032/0003472722,2026-09-27T20:59:00+09:00,,A1면,
경향신문,naver_paper,,다시 일상으로[포토뉴스],,https://n.news.naver.com/mnews/article/032/0003472726,2026-09-27T21:04:00+09:00,,A1면,
경향신문,naver_paper,,2개월 무역 휴전 연장…중국 “대등” 미국 “호혜” 합의 온도차,도널드 트럼프 미국 대통령과 시진핑 중국 국가주석이 4개월 만에 워싱턴에서 다시 만났다. 미국의 화려한 의전 속에 양국은 무역 휴전 연장 등 일부 합의를 이뤘 …,https://n.news.naver.com/mnews/article/032/0003472721,2026-09-27T20:56:00+09:00,,A2면,
경향신문,naver_paper,,"미 전문가들 “한·미 정상회담, 양국 오해 푸는 데 도움”",,https://n.news.naver.com/mnews/article/032/0003472720,2026-09-27T20:57:00+09:00,,A2면,
경향신문,naver_paper,,"이 대통령은 제재 완화 꺼내고, 트럼프·시진핑은 비핵화 안 꺼내고…11월 APEC 북·미 대화 판 깔리나",이재명 대통령이 미국 뉴욕에서 열린 유엔총회를 계기로 ‘북핵 중단과 제재 완화의 교환’과 남·북·미·중 4자 대화를 제안했다. 북한이 핵보유국 지위를 주장하는 가운데 북·미 대화 여건을 조성하기 위 …,https://n.news.naver.com/mnews/article/032/0003472719,2026-09-27T20:50:00+09:00,,A3면,
경향신문,naver_paper,,2026년 09월 28일[김용민의 그림마당],,https://n.news.naver.com/mnews/article/032/0003472728,2026-09-27T21:34:00+09:00,,A3면,
경향신문,naver_paper,,DMZ 지뢰 폭발 현장 도달 무산…군 “차후 재개”,사고 엿새 만에 DMZ 진입 미확인 지뢰지대 추가 사고 우려 유엔사 등 40여명 근접지서 철수 조사 서두르기보다 안전 최우선 파편 등 국과수 감정…은폐 일축 …,https://n.news.naver.com/mnews/article/032/0003472716,2026-09-27T20:47:00+09:00,,A4면,
경향신문,naver_paper,,이송된 북한군 포로 2명은 ‘탈북민’…국정원 최대 120일 조사·임시 보호,,https://n.news.naver.com/mnews/article/032/0003472715,2026-09-27T20:46:00+09:00,,A4면,
경향신문,naver_paper,,‘수사·기소 분리’ 이번주 시작인데…중수청·공소청 수장 ‘공석’,수사와 기소를 완전 분리하는 새 형사사법체계가 주요 사정기관의 수장이 모두 공석인 채로 출범할 처지에 놓였다. 정부는 김지용 중대범죄수사청장 내정자만큼은 임명 …,https://n.news.naver.com/mnews/article/032/0003472708,2026-09-27T20:41:00+09:00,,A5면,
경향신문,naver_paper,,여 “민생 올인” 야 “국민 폭발 직전”…추석 민심 체감 온도차,,https://n.news.naver.com/mnews/article/032/0003472714,2026-09-27T20:40:00+09:00,,A5면,
경향신문,naver_paper,,조희대 ‘재제청 거부’에 대응책 없는 민주당…‘법원행정처 폐지’ 법원조직법 개정 ‘만지작’,,https://n.news.naver.com/mnews/article/032/0003472709,2026-09-27T20:41:00+09:00,,A5면,
경향신문,naver_paper,,이란 ‘7일 계획’ 내친 트럼프…미 언론 “중간선거 후 공격 고려”,도널드 트럼프 미국 대통령이 호르무즈 해협 개방과 종전 협상 재개 등을 위해 이란이 제안한 일명 ‘7일 계획’을 거절했다고 26일(현지시간) 밝혔다. 이란은 …,https://n.news.naver.com/mnews/article/032/0003472712,2026-09-27T20:37:00+09:00,,A6면,
경향신문,naver_paper,,AI 해법 못 찾고 시진핑은 ‘패싱’…‘다자주의’ 한계 드러낸 유엔총회,,https://n.news.naver.com/mnews/article/032/0003472710,2026-09-27T20:37:00+09:00,,A6면,
경향신문,naver_paper,,성범죄자 신부의 작품이 던진 질문…“예술과 작가는 분리될 수 있는가”,,https://n.news.naver.com/mnews/article/032/0003472711,2026-09-27T20:37:00+09:00,,A6면,
경향신문,naver_paper,,"미·러, ‘AI 자율살상무기’서 안전핀 뺐다",,https://n.news.naver.com/mnews/article/032/0003472713,2026-09-27T20:37:00+09:00,,A6면,
경향신문,naver_paper,,[단독]기초생활수급자 벗어난 이유 1위는 ‘사망’···소득 늘거나 취업해 벗어난 사람보다 많았다,지난해 기초생활보장 수급자에서 벗어난 사람 3명 중 1명은 ‘숨져서’ 벗어난 것으로 나타났다. 소득이 늘거나 새로 취업·창업해 수급 자격을 상실한 인원을 모두 …,https://n.news.naver.com/mnews/article/032/0003472738,2026-09-28T06:00:00+09:00,,A8면,
경향신문,naver_paper,,"“성실했던 형, 돌아올 순 없지만…외국인도 안전하게 일하게 되길”",,https://n.news.naver.com/mnews/article/032/0003472707,2026-09-27T20:35:00+09:00,,A8면,
경향신문,naver_paper,,"농장에 남은 사육곰 219마리, 동물자유연대가 ‘모두 매입’",,https://n.news.naver.com/mnews/article/032/0003472706,2026-09-27T20:34:00+09:00,,A8면,
경향신문,naver_paper,,[단독]자살 암시하며 나흘간 84차례 연락…이별 통보에 흉기 휘두른 10대 남성,,https://n.news.naver.com/mnews/article/032/0003472735,2026-09-28T06:00:00+09:00,,A8면,
경향신문,naver_paper,,[단독]법원은 업체 ‘동의권’ 인정 안 했는데…교육부는 ‘공공 원서접수’ 접었다,,https://n.news.naver.com/mnews/article/032/0003472739,2026-09-28T06:00:00+09:00,,A8면,
경향신문,naver_paper,,폐과 이유로 전임교원 ‘면직’…‘재임용 심사’ 안 거치면 위법,대학이 재직하던 전임교원(교수)을 전환배치 심사만으로 면직 처분한 것은 무효라는 법원 판단이 나왔다. 학과가 폐지되는 경우라 하더라도 교원을 면직하려면 재임용 심사를 따로 거쳐야 한다는 취지다. 2 …,https://n.news.naver.com/mnews/article/032/0003472702,2026-09-27T20:30:00+09:00,,A9면,
경향신문,naver_paper,,‘연휴의 끝’ 장식하는 색채의 물결[포토뉴스],,https://n.news.naver.com/mnews/article/032/0003472705,2026-09-27T20:30:00+09:00,,A9면,
경향신문,naver_paper,,40만 찾은 ‘부캉이’ 바다로 내보낸다,,https://n.news.naver.com/mnews/article/032/0003472703,2026-09-27T20:30:00+09:00,,A9면,
경향신문,naver_paper,,"주중 비 소식, 높은 일교차 주의[2026년 09월 28일 날씨]",,https://n.news.naver.com/mnews/article/032/0003472701,2026-09-27T20:31:00+09:00,,A9면,
경향신문,naver_paper,,옛 청사 오가며 회의하느라…전남광주 통합 뒤 50일간 출장만 1608건,,https://n.news.naver.com/mnews/article/032/0003472704,2026-09-27T20:30:00+09:00,,A9면,
경향신문,naver_paper,,"여수 섬박람회, 추석 반짝 특수 이어갈까","개장 첫날부터 먹거리 부족·콘텐츠 부실 등 논란을 빚은 ‘2026 여수세계섬박람회’가 추석 연휴 기간 관객몰이를 하며 분위기 반등을 노리고 있다. 하지만 연휴 기간 중 무료입장, K팝 공연 등 일회 …",https://n.news.naver.com/mnews/article/032/0003472699,2026-09-27T20:27:00+09:00,,A10면,
경향신문,naver_paper,,"몸집 작아진 ‘안심벨’, 목청은 커졌다",,https://n.news.naver.com/mnews/article/032/0003472697,2026-09-27T20:26:00+09:00,,A10면,
경향신문,naver_paper,,광주 장애인 공동체 50년 역사 돌아본다,,https://n.news.naver.com/mnews/article/032/0003472695,2026-09-27T20:25:00+09:00,,A10면,
경향신문,naver_paper,,“용산공원 주택 공급은 ‘결사반대’…하이브 앞 상권 브랜딩 추진할 것”,,https://n.news.naver.com/mnews/article/032/0003472696,2026-09-27T20:25:00+09:00,,A10면,
경향신문,naver_paper,,깎아주고 씻어주니…제주 카페서 개인 컵 사용 1년 새 3.2배 증가,,https://n.news.naver.com/mnews/article/032/0003472698,2026-09-27T20:27:00+09:00,,A10면,
국민일보,naver_paper,,다크웹 진열된 韓 DB… 단골 줄잇는 인기 상품,,https://n.news.naver.com/mnews/article/005/0001875192,2026-09-27T18:38:00+09:00,,1면,
국민일보,naver_paper,,지뢰 폭발 엿새 만에 현장조사… 軍 “안전 우선”,,https://n.news.naver.com/mnews/article/005/0001875206,2026-09-27T20:04:00+09:00,,1면,
국민일보,naver_paper,,[국민만평-서민호 화백] 2026년 9월 28일,,https://n.news.naver.com/mnews/article/005/0001875194,2026-09-27T18:39:00+09:00,,2면,
국민일보,naver_paper,,젤렌스키가 전한 ‘北포로 한국행’… 李 ‘대북 유화책’ 흔드나,,https://n.news.naver.com/mnews/article/005/0001875263,2026-09-28T02:04:00+09:00,,2면,
국민일보,naver_paper,,DMZ 폭발 1차 물증 감정 마무리… 北 의도적 매설 판단은 난제,,https://n.news.naver.com/mnews/article/005/0001875207,2026-09-27T20:04:00+09:00,,3면,
국민일보,naver_paper,,野 “北 눈치보기… 李 탄핵 사유” 與 “총풍 공작당… 음모론 양산”,,https://n.news.naver.com/mnews/article/005/0001875231,2026-09-28T00:10:00+09:00,,3면,
국민일보,naver_paper,,“한국 데이터 있나” 묻자… 창고서 물건 꺼내듯 기업·기관 DB 내놔,,https://n.news.naver.com/mnews/article/005/0001875193,2026-09-27T18:38:00+09:00,,4면,
국민일보,naver_paper,,성형 수술 전·후 아내 사진이 다크웹에 올라왔다,,https://n.news.naver.com/mnews/article/005/0001875195,2026-09-27T18:41:00+09:00,,5면,
국민일보,naver_paper,,다크웹·텔레그램·오픈웹 두 달 걸쳐 집중 모니터링,,https://n.news.naver.com/mnews/article/005/0001875196,2026-09-27T18:43:00+09:00,,5면,
국민일보,naver_paper,,"李, 내란 특수본 강행 관측… 김지용 임명 조만간 결단",,https://n.news.naver.com/mnews/article/005/0001875186,2026-09-27T18:16:00+09:00,,6면,
국민일보,naver_paper,,"트럼프, 리셉션 늦추며 李와 대화… 한·미관계 우려 불식 계기",,https://n.news.naver.com/mnews/article/005/0001875228,2026-09-28T00:05:00+09:00,,6면,
국민일보,naver_paper,,추석 민심 놓고… “민생 입법에 속도” “농지조사로 농민 분노”,,https://n.news.naver.com/mnews/article/005/0001875197,2026-09-27T18:45:00+09:00,,8면,
국민일보,naver_paper,,"“조희대, 법원행정처 재제청 의견 묵살”… 與, 새 의혹 제기하며 “직권남용” 공격",,https://n.news.naver.com/mnews/article/005/0001875272,2026-09-28T02:21:00+09:00,,8면,
국민일보,naver_paper,,희토류·대만 문제 평행선… ‘화려한 의전쇼’ 성과는 초라했다,,https://n.news.naver.com/mnews/article/005/0001875189,2026-09-27T18:29:00+09:00,,10면,
국민일보,naver_paper,,"中, 관세전쟁 휴전 연장 등 8개 합의 공개… 영부인 외교엔 찬사 … 판다 한쌍 美 선물",,https://n.news.naver.com/mnews/article/005/0001875190,2026-09-27T18:30:00+09:00,,10면,
국민일보,naver_paper,,"“美·中, 제2차 세계대전 동맹국”… 트럼프 발언에 日 당혹",,https://n.news.naver.com/mnews/article/005/0001875191,2026-09-27T18:31:00+09:00,,10면,
국민일보,naver_paper,,"이란 “호르무즈 개방, 물러서지 않을 것”… 트럼프 “美, 완전한 통제권 가지고 있어”",,https://n.news.naver.com/mnews/article/005/0001875199,2026-09-27T18:47:00+09:00,,11면,
국민일보,naver_paper,,"미·러, AI 무기 규제 완화 주도… “기술 악용시 10억명 사망”",,https://n.news.naver.com/mnews/article/005/0001875265,2026-09-28T02:08:00+09:00,,11면,
국민일보,naver_paper,,[포토] 다시 일상으로,,https://n.news.naver.com/mnews/article/005/0001875209,2026-09-27T20:21:00+09:00,,12면,
국민일보,naver_paper,,"[단독] “수사·기소 제도 분리는 그 자체로 허상”… 현직 검사, ‘검수완박’ 형소법 권한쟁의",,https://n.news.naver.com/mnews/article/005/0001875187,2026-09-27T18:20:00+09:00,,12면,
국민일보,naver_paper,,프로포폴 취급 병원 5곳 중 1곳 법 위반… 사용기한 넘기고 부패,,https://n.news.naver.com/mnews/article/005/0001875188,2026-09-27T18:23:00+09:00,,12면,
국민일보,naver_paper,,[포토] 연휴 마지막 날 즐기는 전통공연,,https://n.news.naver.com/mnews/article/005/0001875210,2026-09-27T20:21:00+09:00,,12면,
국민일보,naver_paper,,중수청 개문발차에 떠는 경찰… 檢 미제 16만건까지 업무폭탄,,https://n.news.naver.com/mnews/article/005/0001875229,2026-09-28T00:06:00+09:00,,12면,
국민일보,naver_paper,,SKY대 5년간 1만명 그만둬… 지역의사제에 올해 더 늘 듯,,https://n.news.naver.com/mnews/article/005/0001875201,2026-09-27T18:49:00+09:00,,13면,
국민일보,naver_paper,,9월말 늦더위에 못넣는 반팔,,https://n.news.naver.com/mnews/article/005/0001875202,2026-09-27T18:49:00+09:00,,13면,
국민일보,naver_paper,,[포토] 식당 이름 탓? 중국인들에 페인트 테러당한 식당,,https://n.news.naver.com/mnews/article/005/0001875203,2026-09-27T18:51:00+09:00,,13면,
국민일보,naver_paper,,"“독감 백신 작년엔 폐기, 올핸 태부족”",,https://n.news.naver.com/mnews/article/005/0001875204,2026-09-27T18:56:00+09:00,,13면,
국민일보,naver_paper,,암표 단속법 한 달… 중국 플랫폼서 ‘검은 거래’ 판친다,,https://n.news.naver.com/mnews/article/005/0001875271,2026-09-28T02:19:00+09:00,,13면,
국민일보,naver_paper,,전남광주 특성화 고교서 ‘실무형 반도체 인재’ 키운다,,https://n.news.naver.com/mnews/article/005/0001875181,2026-09-27T18:13:00+09:00,,14면,
국민일보,naver_paper,,"옥천군, 농어촌기본소득 부적격 신청 74명 적발",,https://n.news.naver.com/mnews/article/005/0001875182,2026-09-27T18:14:00+09:00,,14면,
국민일보,naver_paper,,제주도 내 ‘개인컵’ 이용 1년 새 3배 ‘껑충’,,https://n.news.naver.com/mnews/article/005/0001875183,2026-09-27T18:14:00+09:00,,14면,
국민일보,naver_paper,,‘판타지아대구페스타 가을축제’ 내달 2일 개막,,https://n.news.naver.com/mnews/article/005/0001875184,2026-09-27T18:15:00+09:00,,14면,
국민일보,naver_paper,,[포토] 억새꽃 활짝 핀 제주 오름,,https://n.news.naver.com/mnews/article/005/0001875185,2026-09-27T18:15:00+09:00,,14면,
국민일보,naver_paper,,[포토] 고가 가전 수요 증가,,https://n.news.naver.com/mnews/article/005/0001875219,2026-09-27T22:05:00+09:00,,15면,
국민일보,naver_paper,,"‘입주 절벽’ 서울… 李정부 공급물량, 경기권에 집중",,https://n.news.naver.com/mnews/article/005/0001875233,2026-09-28T00:14:00+09:00,,15면,
국민일보,naver_paper,,서울 아파트 거래량 한 달 새 41% 감소… 빌라는 20% 뚝,,https://n.news.naver.com/mnews/article/005/0001875234,2026-09-28T00:17:00+09:00,,15면,
국민일보,naver_paper,,묶어도 오르고 풀면 더 오르고… ‘토허제 덫’에 걸린 정부,,https://n.news.naver.com/mnews/article/005/0001875264,2026-09-28T02:07:00+09:00,,15면,
국민일보,naver_paper,,[포토] 추석 연휴 고속도로 주유소 할인,,https://n.news.naver.com/mnews/article/005/0001875211,2026-09-27T20:25:00+09:00,,16면,
국민일보,naver_paper,,‘삼전 30조 배당’ 오늘이 막차… 관계사 낙수효과도 주목,,https://n.news.naver.com/mnews/article/005/0001875235,2026-09-28T00:23:00+09:00,,16면,
국민일보,naver_paper,,[뉴욕 마켓] ‘반도체 풍향계’ 마이크론 실적 30일 발표,,https://n.news.naver.com/mnews/article/005/0001875236,2026-09-28T00:24:00+09:00,,16면,
국민일보,naver_paper,,폭락장 겪었어도… 올 최고 수익 자산은‘코스피200 ETF’,,https://n.news.naver.com/mnews/article/005/0001875237,2026-09-28T00:25:00+09:00,,16면,
국민일보,naver_paper,,삼각형 패드로 틈새까지 싸악… 쇠구슬 들어올려 먼지 ‘쏘옥~’,,https://n.news.naver.com/mnews/article/005/0001875269,2026-09-28T02:13:00+09:00,,18면,
국민일보,naver_paper,,韓·中 로봇청소기 안방 전쟁… 다이슨까지 참전,,https://n.news.naver.com/mnews/article/005/0001875270,2026-09-28T02:17:00+09:00,,18면,
국민일보,naver_paper,,"“솔리다임, 내년 美 상장 추진”… 주주가치 영향 변수",,https://n.news.naver.com/mnews/article/005/0001875246,2026-09-28T00:43:00+09:00,,20면,
국민일보,naver_paper,,美 ESS 업계 ‘1테라 시대’ 예고… K배터리도 영역 넓힌다,,https://n.news.naver.com/mnews/article/005/0001875247,2026-09-28T00:44:00+09:00,,20면,
국민일보,naver_paper,,"농심, 멕시코 K박람회 계기로 샘스클럽 입점 추진",,https://n.news.naver.com/mnews/article/005/0001875248,2026-09-28T00:45:00+09:00,,20면,
국민일보,naver_paper,,AI 에이전트의 잇단 ‘돌발 행동’… 오픈AI·메타 보안 경고등,,https://n.news.naver.com/mnews/article/005/0001875266,2026-09-28T02:08:00+09:00,,20면,
국민일보,naver_paper,,[포토] 상반기 LP 판매량 100만장 육박,,https://n.news.naver.com/mnews/article/005/0001875221,2026-09-27T22:09:00+09:00,,21면,
국민일보,naver_paper,,추석 끝나자 ‘국감 모드’… 유통·식품업계 긴장 고조,,https://n.news.naver.com/mnews/article/005/0001875230,2026-09-28T00:08:00+09:00,,21면,
국민일보,naver_paper,,[금융뒷담] “회장님 꼭 빼내야 해” 레버리지 국감에 증권가 비상,,https://n.news.naver.com/mnews/article/005/0001875238,2026-09-28T00:25:00+09:00,,21면,
국민일보,naver_paper,,"[단독] 국세청, 큰 소송에 약했다… 6대 로펌 상대 패소율 50%",,https://n.news.naver.com/mnews/article/005/0001875239,2026-09-28T00:28:00+09:00,,21면,
국민일보,naver_paper,,‘타짜 4’ 변요한·노재원 “완전 새로운 이야기… 1편 그늘 지울 것”,,https://n.news.naver.com/mnews/article/005/0001875249,2026-09-28T01:04:00+09:00,,23면,
국민일보,naver_paper,,정은채 “연달아 멋진 역할… 이젠 평범한 얼굴 보여주고파”,,https://n.news.naver.com/mnews/article/005/0001875251,2026-09-28T01:06:00+09:00,,23면,
국민일보,naver_paper,,맨땅에서 정상으로 날았다,,https://n.news.naver.com/mnews/article/005/0001875250,2026-09-28T01:05:00+09:00,,24면,
국민일보,naver_paper,,"12년 만에 고개 든 승마… 남동헌, 개인전 금빛 쾌거",,https://n.news.naver.com/mnews/article/005/0001875252,2026-09-28T01:08:00+09:00,,24면,
국민일보,naver_paper,,"女핸드볼, 일본 꺾고 8년 만에 정상 탈환",,https://n.news.naver.com/mnews/article/005/0001875253,2026-09-28T01:11:00+09:00,,24면,
국민일보,naver_paper,,"탁구, 너만 왜…",,https://n.news.naver.com/mnews/article/005/0001875256,2026-09-28T01:14:00+09:00,,24면,
국민일보,naver_paper,,"풍성한 한가위, 메달이 한가득",,https://n.news.naver.com/mnews/article/005/0001875255,2026-09-28T01:13:00+09:00,,25면,
국민일보,naver_paper,,카누 2관왕에도 웃지 못한 조광희 “기쁨보다 서러움 크다”,,https://n.news.naver.com/mnews/article/005/0001875257,2026-09-28T01:15:00+09:00,,25면,
국민일보,naver_paper,,"통쾌한 설욕… 한국 야구, 日 꺾고 5연패",,https://n.news.naver.com/mnews/article/005/0001875258,2026-09-28T01:18:00+09:00,,25면,
국민일보,naver_paper,,독자로 살다가 블로거로… 작가로… 지금은 유튜버입니다,,https://n.news.naver.com/mnews/article/005/0001875267,2026-09-28T02:09:00+09:00,,26면,
국민일보,naver_paper,,[부고] 김남선(약사)씨 별세,,https://n.news.naver.com/mnews/article/005/0001875213,2026-09-27T20:46:00+09:00,,27면,
국민일보,naver_paper,,[인사] 국가보훈부 外,,https://n.news.naver.com/mnews/article/005/0001875214,2026-09-27T20:46:00+09:00,,27면,
국민일보,naver_paper,,“위협 아닌 도구”… AI 시대 숙련의 미래를 엿보다,,https://n.news.naver.com/mnews/article/005/0001875260,2026-09-28T01:23:00+09:00,,27면,
국민일보,naver_paper,,"AI 인재 확보전, 중국 〉미국 역전",,https://n.news.naver.com/mnews/article/005/0001875261,2026-09-28T01:24:00+09:00,,27면,
국민일보,naver_paper,,김지훈 英길드홀 첫 한국인 교수 임용… “한국 가곡 선택과목 개설 방안 논의”,,https://n.news.naver.com/mnews/article/005/0001875262,2026-09-28T01:25:00+09:00,,27면,
국민일보,naver_paper,,“행정수도 완성 골든타임… 연내 특별법 제정에 온힘 다할 것”,,https://n.news.naver.com/mnews/article/005/0001875268,2026-09-28T02:11:00+09:00,,28면,
국민일보,naver_paper,,[살며 사랑하며] 서랍을 열다가,,https://n.news.naver.com/mnews/article/005/0001875242,2026-09-28T00:35:00+09:00,,29면,
국민일보,naver_paper,,[가리사니] 국민이 ‘연임’을 원한다면?,,https://n.news.naver.com/mnews/article/005/0001875244,2026-09-28T00:40:00+09:00,,29면,
국민일보,naver_paper,,[국민논단] 대학 경쟁력이 곧 국가의 미래 대응력,,https://n.news.naver.com/mnews/article/005/0001875240,2026-09-28T00:34:00+09:00,,30면,
국민일보,naver_paper,,[뉴스룸에서] 잘 굴러간 일상의 조건,,https://n.news.naver.com/mnews/article/005/0001875243,2026-09-28T00:37:00+09:00,,30면,
국민일보,naver_paper,,[글로벌 포커스] 파병하지 않으면 안전한가,,https://n.news.naver.com/mnews/article/005/0001875241,2026-09-28T00:34:00+09:00,,31면,
국민일보,naver_paper,,[한마당] 개문발차,,https://n.news.naver.com/mnews/article/005/0001875245,2026-09-28T00:42:00+09:00,,31면,
국민일보,naver_paper,,"[사설] 개혁 선명성 놓고 싸우는 여권, 국민 피로만 커진다",,https://n.news.naver.com/mnews/article/005/0001875254,2026-09-28T01:12:00+09:00,,31면,
국민일보,naver_paper,,"[사설] DMZ 폭발 사고, 철저한 조사로 의혹 해소해야",,https://n.news.naver.com/mnews/article/005/0001875259,2026-09-28T01:22:00+09:00,,31면,
국민일보,naver_paper,,은퇴 목회자 품은 교회 “보금자리에서 안식을”,,https://n.news.naver.com/mnews/article/005/0001875273,2026-09-28T03:03:00+09:00,,33면,
국민일보,naver_paper,,[365기도 ON] 삶으로 그리스도를 증언하게 하소서,,https://n.news.naver.com/mnews/article/005/0001875227,2026-09-28T00:03:00+09:00,,34면,
국민일보,naver_paper,,오랜만에 만난 가족·친척이 이단에 빠진 걸 알게 됐다면… “싸움보다 관계 먼저… 구조자의 마음으로 접근을”,,https://n.news.naver.com/mnews/article/005/0001875274,2026-09-28T03:04:00+09:00,,34면,
국민일보,naver_paper,,[겨자씨] 경험의 멸종,,https://n.news.naver.com/mnews/article/005/0001875277,2026-09-28T03:06:00+09:00,,34면,
국민일보,naver_paper,,"기독교 문화 콘텐츠, 대중 속으로 더 다가선다",,https://n.news.naver.com/mnews/article/005/0001875275,2026-09-28T03:05:00+09:00,,35면,
국민일보,naver_paper,,[오늘의 QT] 왜 이리 더딘가요?,,https://n.news.naver.com/mnews/article/005/0001875278,2026-09-28T03:06:00+09:00,,35면,
국민일보,naver_paper,,[기적을 품은 아이들 ] “희망이 또 다른 희망을 낳아요” 중보기도로 자라는 다섯 살,,https://n.news.naver.com/mnews/article/005/0001875276,2026-09-28T03:05:00+09:00,,36면,
국민일보,naver_paper,,[신앙 DM] 군대도 아닌데 교회서 ‘충성’이라는 말 쓰는 게 낯선데,,https://n.news.naver.com/mnews/article/005/0001875279,2026-09-28T03:06:00+09:00,,36면,
국민일보,naver_paper,,“네팔 잊지 않았습니다” 사랑의 후원 계속,,https://n.news.naver.com/mnews/article/005/0001875281,2026-09-28T03:07:00+09:00,,36면,
국민일보,naver_paper,,[우리 교회 소식] 인천 계산교회 外,,https://n.news.naver.com/mnews/article/005/0001875284,2026-09-28T03:10:00+09:00,,36면,
국민일보,naver_paper,,카페 사장으로 개척… “세상에 보냄받은 동네 이웃 되고 싶어”,,https://n.news.naver.com/mnews/article/005/0001875280,2026-09-28T03:07:00+09:00,,37면,
국민일보,naver_paper,,경력 단절 딛고 받은 연기상 “하나님 계획 있었죠”,,https://n.news.naver.com/mnews/article/005/0001875285,2026-09-28T03:10:00+09:00,,38면,
국민일보,naver_paper,,[역경의 열매] 조규남 (17) ‘이삭처럼 신중하게…’ 마흔에 다시 맞은 결혼,,https://n.news.naver.com/mnews/article/005/0001875282,2026-09-28T03:09:00+09:00,,39면,
국민일보,naver_paper,,[가정예배 365-9월 28일] 그리스도와 함께 있다는 것,,https://n.news.naver.com/mnews/article/005/0001875283,2026-09-28T03:10:00+09:00,,39면,
국민일보,naver_paper,,[오늘의 설교] 영적인 눈을 열어 주소서,,https://n.news.naver.com/mnews/article/005/0001875286,2026-09-28T03:11:00+09:00,,39면,
국민일보,naver_paper,,다크웹 진열된 韓 DB… 단골 줄잇는 인기 상품,,https://n.news.naver.com/mnews/article/005/0001875192,2026-09-27T18:38:00+09:00,,1면,
국민일보,naver_paper,,지뢰 폭발 엿새 만에 현장조사… 軍 “안전 우선”,,https://n.news.naver.com/mnews/article/005/0001875206,2026-09-27T20:04:00+09:00,,1면,
국민일보,naver_paper,,[국민만평-서민호 화백] 2026년 9월 28일,,https://n.news.naver.com/mnews/article/005/0001875194,2026-09-27T18:39:00+09:00,,2면,
국민일보,naver_paper,,젤렌스키가 전한 ‘北포로 한국행’… 李 ‘대북 유화책’ 흔드나,,https://n.news.naver.com/mnews/article/005/0001875263,2026-09-28T02:04:00+09:00,,2면,
국민일보,naver_paper,,DMZ 폭발 1차 물증 감정 마무리… 北 의도적 매설 판단은 난제,,https://n.news.naver.com/mnews/article/005/0001875207,2026-09-27T20:04:00+09:00,,3면,
국민일보,naver_paper,,野 “北 눈치보기… 李 탄핵 사유” 與 “총풍 공작당… 음모론 양산”,,https://n.news.naver.com/mnews/article/005/0001875231,2026-09-28T00:10:00+09:00,,3면,
국민일보,naver_paper,,“한국 데이터 있나” 묻자… 창고서 물건 꺼내듯 기업·기관 DB 내놔,,https://n.news.naver.com/mnews/article/005/0001875193,2026-09-27T18:38:00+09:00,,4면,
국민일보,naver_paper,,성형 수술 전·후 아내 사진이 다크웹에 올라왔다,,https://n.news.naver.com/mnews/article/005/0001875195,2026-09-27T18:41:00+09:00,,5면,
국민일보,naver_paper,,다크웹·텔레그램·오픈웹 두 달 걸쳐 집중 모니터링,,https://n.news.naver.com/mnews/article/005/0001875196,2026-09-27T18:43:00+09:00,,5면,
국민일보,naver_paper,,"李, 내란 특수본 강행 관측… 김지용 임명 조만간 결단",,https://n.news.naver.com/mnews/article/005/0001875186,2026-09-27T18:16:00+09:00,,6면,
국민일보,naver_paper,,"트럼프, 리셉션 늦추며 李와 대화… 한·미관계 우려 불식 계기",,https://n.news.naver.com/mnews/article/005/0001875228,2026-09-28T00:05:00+09:00,,6면,
국민일보,naver_paper,,추석 민심 놓고… “민생 입법에 속도” “농지조사로 농민 분노”,,https://n.news.naver.com/mnews/article/005/0001875197,2026-09-27T18:45:00+09:00,,8면,
국민일보,naver_paper,,"“조희대, 법원행정처 재제청 의견 묵살”… 與, 새 의혹 제기하며 “직권남용” 공격",,https://n.news.naver.com/mnews/article/005/0001875272,2026-09-28T02:21:00+09:00,,8면,
국민일보,naver_paper,,희토류·대만 문제 평행선… ‘화려한 의전쇼’ 성과는 초라했다,,https://n.news.naver.com/mnews/article/005/0001875189,2026-09-27T18:29:00+09:00,,10면,
국민일보,naver_paper,,"中, 관세전쟁 휴전 연장 등 8개 합의 공개… 영부인 외교엔 찬사 … 판다 한쌍 美 선물",,https://n.news.naver.com/mnews/article/005/0001875190,2026-09-27T18:30:00+09:00,,10면,
국민일보,naver_paper,,"“美·中, 제2차 세계대전 동맹국”… 트럼프 발언에 日 당혹",,https://n.news.naver.com/mnews/article/005/0001875191,2026-09-27T18:31:00+09:00,,10면,
국민일보,naver_paper,,다크웹 진열된 韓 DB… 단골 줄잇는 인기 상품,,https://n.news.naver.com/mnews/article/005/0001875192,2026-09-27T18:38:00+09:00,,1면,
국민일보,naver_paper,,지뢰 폭발 엿새 만에 현장조사… 軍 “안전 우선”,,https://n.news.naver.com/mnews/article/005/0001875206,2026-09-27T20:04:00+09:00,,1면,
국민일보,naver_paper,,[국민만평-서민호 화백] 2026년 9월 28일,,https://n.news.naver.com/mnews/article/005/0001875194,2026-09-27T18:39:00+09:00,,2면,
국민일보,naver_paper,,젤렌스키가 전한 ‘北포로 한국행’… 李 ‘대북 유화책’ 흔드나,,https://n.news.naver.com/mnews/article/005/0001875263,2026-09-28T02:04:00+09:00,,2면,
국민일보,naver_paper,,DMZ 폭발 1차 물증 감정 마무리… 北 의도적 매설 판단은 난제,,https://n.news.naver.com/mnews/article/005/0001875207,2026-09-27T20:04:00+09:00,,3면,
국민일보,naver_paper,,野 “北 눈치보기… 李 탄핵 사유” 與 “총풍 공작당… 음모론 양산”,,https://n.news.naver.com/mnews/article/005/0001875231,2026-09-28T00:10:00+09:00,,3면,
국민일보,naver_paper,,“한국 데이터 있나” 묻자… 창고서 물건 꺼내듯 기업·기관 DB 내놔,,https://n.news.naver.com/mnews/article/005/0001875193,2026-09-27T18:38:00+09:00,,4면,
국민일보,naver_paper,,성형 수술 전·후 아내 사진이 다크웹에 올라왔다,,https://n.news.naver.com/mnews/article/005/0001875195,2026-09-27T18:41:00+09:00,,5면,
국민일보,naver_paper,,다크웹·텔레그램·오픈웹 두 달 걸쳐 집중 모니터링,,https://n.news.naver.com/mnews/article/005/0001875196,2026-09-27T18:43:00+09:00,,5면,
국민일보,naver_paper,,"李, 내란 특수본 강행 관측… 김지용 임명 조만간 결단",,https://n.news.naver.com/mnews/article/005/0001875186,2026-09-27T18:16:00+09:00,,6면,
국민일보,naver_paper,,"트럼프, 리셉션 늦추며 李와 대화… 한·미관계 우려 불식 계기",,https://n.news.naver.com/mnews/article/005/0001875228,2026-09-28T00:05:00+09:00,,6면,
국민일보,naver_paper,,추석 민심 놓고… “민생 입법에 속도” “농지조사로 농민 분노”,,https://n.news.naver.com/mnews/article/005/0001875197,2026-09-27T18:45:00+09:00,,8면,
국민일보,naver_paper,,"“조희대, 법원행정처 재제청 의견 묵살”… 與, 새 의혹 제기하며 “직권남용” 공격",,https://n.news.naver.com/mnews/article/005/0001875272,2026-09-28T02:21:00+09:00,,8면,
국민일보,naver_paper,,희토류·대만 문제 평행선… ‘화려한 의전쇼’ 성과는 초라했다,,https://n.news.naver.com/mnews/article/005/0001875189,2026-09-27T18:29:00+09:00,,10면,
국민일보,naver_paper,,"中, 관세전쟁 휴전 연장 등 8개 합의 공개… 영부인 외교엔 찬사 … 판다 한쌍 美 선물",,https://n.news.naver.com/mnews/article/005/0001875190,2026-09-27T18:30:00+09:00,,10면,
국민일보,naver_paper,,"“美·中, 제2차 세계대전 동맹국”… 트럼프 발언에 日 당혹",,https://n.news.naver.com/mnews/article/005/0001875191,2026-09-27T18:31:00+09:00,,10면,
국민일보,naver_paper,,다크웹 진열된 韓 DB… 단골 줄잇는 인기 상품,,https://n.news.naver.com/mnews/article/005/0001875192,2026-09-27T18:38:00+09:00,,1면,
국민일보,naver_paper,,지뢰 폭발 엿새 만에 현장조사… 軍 “안전 우선”,,https://n.news.naver.com/mnews/article/005/0001875206,2026-09-27T20:04:00+09:00,,1면,
국민일보,naver_paper,,[국민만평-서민호 화백] 2026년 9월 28일,,https://n.news.naver.com/mnews/article/005/0001875194,2026-09-27T18:39:00+09:00,,2면,
국민일보,naver_paper,,젤렌스키가 전한 ‘北포로 한국행’… 李 ‘대북 유화책’ 흔드나,,https://n.news.naver.com/mnews/article/005/0001875263,2026-09-28T02:04:00+09:00,,2면,
국민일보,naver_paper,,DMZ 폭발 1차 물증 감정 마무리… 北 의도적 매설 판단은 난제,,https://n.news.naver.com/mnews/article/005/0001875207,2026-09-27T20:04:00+09:00,,3면,
국민일보,naver_paper,,野 “北 눈치보기… 李 탄핵 사유” 與 “총풍 공작당… 음모론 양산”,,https://n.news.naver.com/mnews/article/005/0001875231,2026-09-28T00:10:00+09:00,,3면,
국민일보,naver_paper,,“한국 데이터 있나” 묻자… 창고서 물건 꺼내듯 기업·기관 DB 내놔,,https://n.news.naver.com/mnews/article/005/0001875193,2026-09-27T18:38:00+09:00,,4면,
국민일보,naver_paper,,성형 수술 전·후 아내 사진이 다크웹에 올라왔다,,https://n.news.naver.com/mnews/article/005/0001875195,2026-09-27T18:41:00+09:00,,5면,
국민일보,naver_paper,,다크웹·텔레그램·오픈웹 두 달 걸쳐 집중 모니터링,,https://n.news.naver.com/mnews/article/005/0001875196,2026-09-27T18:43:00+09:00,,5면,
국민일보,naver_paper,,"李, 내란 특수본 강행 관측… 김지용 임명 조만간 결단",,https://n.news.naver.com/mnews/article/005/0001875186,2026-09-27T18:16:00+09:00,,6면,
국민일보,naver_paper,,"트럼프, 리셉션 늦추며 李와 대화… 한·미관계 우려 불식 계기",,https://n.news.naver.com/mnews/article/005/0001875228,2026-09-28T00:05:00+09:00,,6면,
국민일보,naver_paper,,추석 민심 놓고… “민생 입법에 속도” “농지조사로 농민 분노”,,https://n.news.naver.com/mnews/article/005/0001875197,2026-09-27T18:45:00+09:00,,8면,
국민일보,naver_paper,,"“조희대, 법원행정처 재제청 의견 묵살”… 與, 새 의혹 제기하며 “직권남용” 공격",,https://n.news.naver.com/mnews/article/005/0001875272,2026-09-28T02:21:00+09:00,,8면,
국민일보,naver_paper,,희토류·대만 문제 평행선… ‘화려한 의전쇼’ 성과는 초라했다,,https://n.news.naver.com/mnews/article/005/0001875189,2026-09-27T18:29:00+09:00,,10면,
국민일보,naver_paper,,"中, 관세전쟁 휴전 연장 등 8개 합의 공개… 영부인 외교엔 찬사 … 판다 한쌍 美 선물",,https://n.news.naver.com/mnews/article/005/0001875190,2026-09-27T18:30:00+09:00,,10면,
국민일보,naver_paper,,"“美·中, 제2차 세계대전 동맹국”… 트럼프 발언에 日 당혹",,https://n.news.naver.com/mnews/article/005/0001875191,2026-09-27T18:31:00+09:00,,10면,
국민일보,naver_paper,,다크웹 진열된 韓 DB… 단골 줄잇는 인기 상품,,https://n.news.naver.com/mnews/article/005/0001875192,2026-09-27T18:38:00+09:00,,1면,
국민일보,naver_paper,,지뢰 폭발 엿새 만에 현장조사… 軍 “안전 우선”,,https://n.news.naver.com/mnews/article/005/0001875206,2026-09-27T20:04:00+09:00,,1면,
국민일보,naver_paper,,[국민만평-서민호 화백] 2026년 9월 28일,,https://n.news.naver.com/mnews/article/005/0001875194,2026-09-27T18:39:00+09:00,,2면,
국민일보,naver_paper,,젤렌스키가 전한 ‘北포로 한국행’… 李 ‘대북 유화책’ 흔드나,,https://n.news.naver.com/mnews/article/005/0001875263,2026-09-28T02:04:00+09:00,,2면,
국민일보,naver_paper,,DMZ 폭발 1차 물증 감정 마무리… 北 의도적 매설 판단은 난제,,https://n.news.naver.com/mnews/article/005/0001875207,2026-09-27T20:04:00+09:00,,3면,
국민일보,naver_paper,,野 “北 눈치보기… 李 탄핵 사유” 與 “총풍 공작당… 음모론 양산”,,https://n.news.naver.com/mnews/article/005/0001875231,2026-09-28T00:10:00+09:00,,3면,
국민일보,naver_paper,,“한국 데이터 있나” 묻자… 창고서 물건 꺼내듯 기업·기관 DB 내놔,,https://n.news.naver.com/mnews/article/005/0001875193,2026-09-27T18:38:00+09:00,,4면,
국민일보,naver_paper,,성형 수술 전·후 아내 사진이 다크웹에 올라왔다,,https://n.news.naver.com/mnews/article/005/0001875195,2026-09-27T18:41:00+09:00,,5면,
국민일보,naver_paper,,다크웹·텔레그램·오픈웹 두 달 걸쳐 집중 모니터링,,https://n.news.naver.com/mnews/article/005/0001875196,2026-09-27T18:43:00+09:00,,5면,
국민일보,naver_paper,,"李, 내란 특수본 강행 관측… 김지용 임명 조만간 결단",,https://n.news.naver.com/mnews/article/005/0001875186,2026-09-27T18:16:00+09:00,,6면,
국민일보,naver_paper,,"트럼프, 리셉션 늦추며 李와 대화… 한·미관계 우려 불식 계기",,https://n.news.naver.com/mnews/article/005/0001875228,2026-09-28T00:05:00+09:00,,6면,
국민일보,naver_paper,,추석 민심 놓고… “민생 입법에 속도” “농지조사로 농민 분노”,,https://n.news.naver.com/mnews/article/005/0001875197,2026-09-27T18:45:00+09:00,,8면,
국민일보,naver_paper,,"“조희대, 법원행정처 재제청 의견 묵살”… 與, 새 의혹 제기하며 “직권남용” 공격",,https://n.news.naver.com/mnews/article/005/0001875272,2026-09-28T02:21:00+09:00,,8면,
국민일보,naver_paper,,희토류·대만 문제 평행선… ‘화려한 의전쇼’ 성과는 초라했다,,https://n.news.naver.com/mnews/article/005/0001875189,2026-09-27T18:29:00+09:00,,10면,
국민일보,naver_paper,,"中, 관세전쟁 휴전 연장 등 8개 합의 공개… 영부인 외교엔 찬사 … 판다 한쌍 美 선물",,https://n.news.naver.com/mnews/article/005/0001875190,2026-09-27T18:30:00+09:00,,10면,
국민일보,naver_paper,,"“美·中, 제2차 세계대전 동맹국”… 트럼프 발언에 日 당혹",,https://n.news.naver.com/mnews/article/005/0001875191,2026-09-27T18:31:00+09:00,,10면,
동아일보,naver_paper,,"美中, 빅딜 대신 갈등 관리 “무역휴전 두달 더”",23일부터 2박 3일 일정으로 미국 워싱턴에서 진행된 도널드 트럼프 미국 대통령과 시진핑(習近平) 중국 국가주석의 미중 정상회담이 25일(현지 시간) 마무리됐 …,https://n.news.naver.com/mnews/article/020/0003750906,2026-09-28T04:33:00+09:00,,A1면,
동아일보,naver_paper,,"젤렌스키, 북한군 포로 한국행 공개에… 李 “비공개 합의 어겨”",,https://n.news.naver.com/mnews/article/020/0003750862,2026-09-28T04:31:00+09:00,,A1면,
동아일보,naver_paper,,"굴욕 갚아줬다… 야구, 日 꺾고 亞게임 5연패",,https://n.news.naver.com/mnews/article/020/0003750863,2026-09-28T04:31:00+09:00,,A1면,
동아일보,naver_paper,,청탁금지법 시행 10년… 7년새 신고 4386→1280건,,https://n.news.naver.com/mnews/article/020/0003750907,2026-09-28T04:33:00+09:00,,A1면,
동아일보,naver_paper,,"軍-유엔사, DMZ 폭발 6일만에 합동 현장조사",,https://n.news.naver.com/mnews/article/020/0003750908,2026-09-28T04:33:00+09:00,,A1면,
동아일보,naver_paper,,“안 주고 안 받으니 편해” vs “소방서 반찬해온 할머니 돌려보내야”,“‘청탁금지법 때문에 못 받습니다’라는 한마디면 다들 수긍하는 분위기가 됐다.” 23년간의 공직 생활을 마치고 올해 초 퇴직한 한 전직 고위공무원은 10년 사 …,https://n.news.naver.com/mnews/article/020/0003750912,2026-09-28T04:33:00+09:00,,A2면,
동아일보,naver_paper,,"선물 기준 평소 5만원, 명절엔 30만원 가능… 10년간 7차례 손질",,https://n.news.naver.com/mnews/article/020/0003750913,2026-09-28T04:33:00+09:00,,A2면,
동아일보,naver_paper,,"트럼프-시진핑, 관세 낮추고 ‘AI 핫라인’… 대만-이란 충돌은 피해",“11월 10일 종료 예정이던 미국과 중국의 경제적 ‘긴장 완화(d´etente)’ 조치를 내년 1월 10일까지 연장하기로 했다.” 스콧 베선트 미국 재무장관 …,https://n.news.naver.com/mnews/article/020/0003750866,2026-09-28T04:31:00+09:00,,A3면,
동아일보,naver_paper,,"트럼프, 시진핑에 ‘美건국 상징’ 기록청 안내… 펑리위안과 인사땐 키 맞춰 무릎 굽히기도",,https://n.news.naver.com/mnews/article/020/0003750867,2026-09-28T04:31:00+09:00,,A3면,
동아일보,naver_paper,,우크라 “北포로 비공개 합의 없어” 靑 “조용한 처리 양해 있어”,북한군 포로 2명이 지난해 1월 우크라이나군에 생포된 지 1년 8개월 만에 한국 땅을 밟았다. 그동안 한국과 우크라이나는 한 차례의 정상회담과 5번의 외교장관 …,https://n.news.naver.com/mnews/article/020/0003750870,2026-09-28T04:31:00+09:00,,A4면,
동아일보,naver_paper,,6일만에 DMZ폭발 현장조사…野 “고의 조사 지연” 與 “장병의 피로 선동”,,https://n.news.naver.com/mnews/article/020/0003750911,2026-09-28T04:33:00+09:00,,A4면,
동아일보,naver_paper,,"연휴때 美-멕시코 순방한 李, 靑 인선-내란특수본 설치 속도낼듯","이재명 대통령이 5박 7일간의 미국, 멕시코 순방을 마치고 27일 귀국하면서 대통령비서실장과 정책실장 인선을 포함한 ‘정부 2기’ 구상에 속도를 낼 것으로 보 …",https://n.news.naver.com/mnews/article/020/0003750905,2026-09-28T04:33:00+09:00,,A5면,
동아일보,naver_paper,,韓-멕시코 “공급망 -자원-AI 협력 확대”,,https://n.news.naver.com/mnews/article/020/0003750903,2026-09-28T04:32:00+09:00,,A5면,
동아일보,naver_paper,,李 “국보법 폐지 주장하다 독소조항 못없애”… 盧정부때 유시민 사례 콕집어 강경파 비판,,https://n.news.naver.com/mnews/article/020/0003750904,2026-09-28T04:32:00+09:00,,A5면,
동아일보,naver_paper,,반도체 호황에 올해 초과세수 85조… 미래기금 200조 넘을듯,반도체 초호황으로 올해 걷힐 세수가 정부가 지난해 예상한 것보다 85조 원가량 더 많을 것이라는 전망이 나온다. 정부는 올해 4월 추가경정예산(추경) 편성 때 …,https://n.news.naver.com/mnews/article/020/0003750882,2026-09-28T04:32:00+09:00,,A6면,
동아일보,naver_paper,,[단독]중수청장 후보 이어 차장도 檢출신 검토,,https://n.news.naver.com/mnews/article/020/0003750883,2026-09-28T04:32:00+09:00,,A6면,
동아일보,naver_paper,,김현지 제1부속실장 부친상… 靑에도 안알려,,https://n.news.naver.com/mnews/article/020/0003750930,2026-09-28T04:34:00+09:00,,A6면,
동아일보,naver_paper,,‘약속의 8회’ 김도영 결승타… 日에 마지막 자존심은 지켰다,한국 야구 대표팀이 우여곡절 끝에 아시안게임 5연패를 달성했다. 류지현 감독이 이끈 한국은 27일 일본 아이치현 도요하시 시민구장에서 열린 2026 아이치-나 …,https://n.news.naver.com/mnews/article/020/0003750865,2026-09-28T04:31:00+09:00,,A8면,
동아일보,naver_paper,,“얕보는 시선 뒤집으려 죽기살기로” 코트 휘저은 K젠지,,https://n.news.naver.com/mnews/article/020/0003750864,2026-09-28T04:31:00+09:00,,A8면,
동아일보,naver_paper,,서울 아파트값 85주째 올라 ‘역대 최장’ 타이… 전월세도 동반상승,"서울 아파트 가격이 85주 연속 오르며 역대 최장 상승 기록과 같아졌다. 보유세 강화 방침을 담은 세제 개편안 여파로 강남3구(서초구, 강남구, 송파구)의 집 …",https://n.news.naver.com/mnews/article/020/0003750871,2026-09-28T04:31:00+09:00,,A10면,
동아일보,naver_paper,,"‘AI 안전 평가실’ 인력, 英 200명-美 34명인데 韓은 6명뿐",,https://n.news.naver.com/mnews/article/020/0003750914,2026-09-28T04:33:00+09:00,,A10면,
동아일보,naver_paper,,"[단독]‘국비 6668억’ 천리안위성 5호, 2031년 발사 못할수도",,https://n.news.naver.com/mnews/article/020/0003750915,2026-09-28T04:33:00+09:00,,A10면,
동아일보,naver_paper,,"인도 점령 공유자전거 방치땐, 견인료 4만원 업체에 물린다",“좁은 인도에 킥보드나 자전거가 여러 대 세워져 있으면 지나가기도 어렵고 걸려 넘어질까 봐 항상 신경 쓰입니다.” 서울 강서구에 사는 회사원 윤모 씨(36)는 …,https://n.news.naver.com/mnews/article/020/0003750877,2026-09-28T04:31:00+09:00,,A12면,
동아일보,naver_paper,,"추석 연휴 끝, 아쉬운 이별",,https://n.news.naver.com/mnews/article/020/0003750878,2026-09-28T04:31:00+09:00,,A12면,
동아일보,naver_paper,,대법관 1명 공백속 내일 김건희 재판 첫 ‘전합’ 진행,,https://n.news.naver.com/mnews/article/020/0003750921,2026-09-28T04:33:00+09:00,,A12면,
동아일보,naver_paper,,5년간 2.7조… 퇴직자 재취업 업체에 일감 24% 준 코레일,,https://n.news.naver.com/mnews/article/020/0003750922,2026-09-28T04:33:00+09:00,,A12면,
동아일보,naver_paper,,"토픽 부정행위 느는데, 해외시험장 35% 탐지기 없어",,https://n.news.naver.com/mnews/article/020/0003750923,2026-09-28T04:33:00+09:00,,A12면,
동아일보,naver_paper,,[단독]경찰내 성비위 신고 절반이 ‘내사종결’… 조사 중지 요건 강화했지만 효과없어,,https://n.news.naver.com/mnews/article/020/0003750924,2026-09-28T04:33:00+09:00,,A12면,
동아일보,naver_paper,,[단독]“온실가스 감축 기술투자 기업 지원” 목적인데…렌터카 업계에 130억 쓴 녹색정책금융,"정부가 온실가스 감축에 나선 기업을 지원하는 ‘녹색정책금융’을 통해 렌터카 업계에만 4년간 130억 원을 지출한 것으로 나타났다. 배터리, 석유화학 업종에 이 …",https://n.news.naver.com/mnews/article/020/0003750928,2026-09-28T04:34:00+09:00,,A14면,
동아일보,naver_paper,,남산골한옥마을 ‘아슬아슬’ 외줄타기,,https://n.news.naver.com/mnews/article/020/0003750879,2026-09-28T04:31:00+09:00,,A14면,
동아일보,naver_paper,,서울 민간 산후조리원 543만원… ‘반값’ 공공은 2곳뿐,,https://n.news.naver.com/mnews/article/020/0003750925,2026-09-28T04:33:00+09:00,,A14면,
동아일보,naver_paper,,육아휴직급여 부정수급 5년간 2636명이 212억,,https://n.news.naver.com/mnews/article/020/0003750926,2026-09-28T04:33:00+09:00,,A14면,
동아일보,naver_paper,,작년 지방공항 10곳 1179억 영업 손실… 김해 등 4곳 2406억 흑자 ‘실적 양극화’,,https://n.news.naver.com/mnews/article/020/0003750927,2026-09-28T04:33:00+09:00,,A14면,
동아일보,naver_paper,,서울 지하철역 이름 팔아 280억 벌었다,서울 지하철역 이름에 기업·기관명을 함께 표기하는 권리를 파는 사업을 통해 서울교통공사가 약 10년간 약 280억 원의 수익을 거둔 것으로 나타났다. 계약 금 …,https://n.news.naver.com/mnews/article/020/0003750886,2026-09-28T04:32:00+09:00,,A16면,
동아일보,naver_paper,,"오페라부터 미술까지… 대구, 20일간 축제 속으로",,https://n.news.naver.com/mnews/article/020/0003750896,2026-09-28T04:32:00+09:00,,A16면,
동아일보,naver_paper,,수도권 반도체 공장에 전북이 핵심 소재 공급,전북도가 반도체 공정에 사용되는 핵심 화학 소재를 기반으로 국내 반도체 산업의 발전을 이끌 한 축으로 떠오르고 있다. 전북에 반도체 소재·케미컬 후방 공급기지 …,https://n.news.naver.com/mnews/article/020/0003750890,2026-09-28T04:32:00+09:00,,A16면,
동아일보,naver_paper,,서울건축문화제 내달 11일까지,,https://n.news.naver.com/mnews/article/020/0003750884,2026-09-28T04:32:00+09:00,,A16면,
동아일보,naver_paper,,[초대석]“필수의료 살려야 산모-태아도 살린다”,“환자 한 명이 아니라 산모와 태아 두 생명을 지키는 일에 보람을 느낍니다.” 김영남 부산백병원 권역모자의료센터장(53)은 23일 부산 부산진구 인제대 부산백 …,https://n.news.naver.com/mnews/article/020/0003750897,2026-09-28T04:32:00+09:00,,A16면,
동아일보,naver_paper,,서울 프로포폴 취급 병원 5곳 중 1곳이 마약법 위반,,https://n.news.naver.com/mnews/article/020/0003750885,2026-09-28T04:32:00+09:00,,A16면,
동아일보,naver_paper,,무심천 다리에 빛 입히고 공항 길목엔 ‘청주 관문’,충북 청주시가 △감성 야간경관 △관문 경관 △생활 밀착 경관을 3대 추진 방향으로 잡고 하반기부터 본격적인 도시경관 개선 사업을 추진한다. 27일 청주시에 따 …,https://n.news.naver.com/mnews/article/020/0003750898,2026-09-28T04:32:00+09:00,,A16면,
동아일보,naver_paper,,‘바가지 논란’ 소래포구에 불편 접수센터,,https://n.news.naver.com/mnews/article/020/0003750887,2026-09-28T04:32:00+09:00,,A16면,
동아일보,naver_paper,,"일산 호수공원, 가을꽃으로 물든다",,https://n.news.naver.com/mnews/article/020/0003750888,2026-09-28T04:32:00+09:00,,A16면,
동아일보,naver_paper,,"제주 카페에서 개인 컵 내미는 손님, 1년 새 3.2배 늘었다",,https://n.news.naver.com/mnews/article/020/0003750891,2026-09-28T04:32:00+09:00,,A16면,
동아일보,naver_paper,,참조기 낚고 굴비도 엮고… 제주 추자도 앞바다는 ‘가을 놀이터’,,https://n.news.naver.com/mnews/article/020/0003750892,2026-09-28T04:32:00+09:00,,A16면,
동아일보,naver_paper,,교실에 미니 반도체 생산라인… 직업계고 교육 개편,,https://n.news.naver.com/mnews/article/020/0003750893,2026-09-28T04:32:00+09:00,,A16면,
동아일보,naver_paper,,김해시 민선 9기 공약 점검 ‘시민배심원제’ 운영,,https://n.news.naver.com/mnews/article/020/0003750894,2026-09-28T04:32:00+09:00,,A16면,
동아일보,naver_paper,,경남과학고 영재학교 전환 추진… 교육청 ‘UNIST 부설’ 신청 준비,,https://n.news.naver.com/mnews/article/020/0003750895,2026-09-28T04:32:00+09:00,,A16면,
동아일보,naver_paper,,김이나-천명관-데보라 스미스와 함께 읽는 ‘세종의 밤’,,https://n.news.naver.com/mnews/article/020/0003750899,2026-09-28T04:32:00+09:00,,A16면,
동아일보,naver_paper,,도담삼봉 보러 갔다가 백일홍에 흠뻑 취했네,,https://n.news.naver.com/mnews/article/020/0003750900,2026-09-28T04:32:00+09:00,,A16면,
동아일보,naver_paper,,“꼭 필요한 보건 서비스 무엇입니까?” 홍성 주민에 직접 묻는다,,https://n.news.naver.com/mnews/article/020/0003750901,2026-09-28T04:32:00+09:00,,A16면,
동아일보,naver_paper,,“역대 보은대추축제 사연과 사진 보내주세요”,,https://n.news.naver.com/mnews/article/020/0003750902,2026-09-28T04:32:00+09:00,,A16면,
동아일보,naver_paper,,‘모란꽃 문양 바지’ ‘전통 칼라 드레스’… 美中 정상부인 의상 외교,미국 워싱턴에서 23∼25일 진행된 미중 정상회담에선 도널드 트럼프 미 대통령의 부인 멜라니아 여사와 시진핑(習近平) 중국 국가주석의 부인 펑리위안(彭麗媛) …,https://n.news.naver.com/mnews/article/020/0003750881,2026-09-28T04:32:00+09:00,,A18면,
동아일보,naver_paper,,"“日, 中연안 타격 가능 장거리 미사일… 내달 美와 연합훈련때 첫 전개 예정”",,https://n.news.naver.com/mnews/article/020/0003750861,2026-09-28T04:31:00+09:00,,A18면,
동아일보,naver_paper,,191번째 獨 옥토버페스트 개막,,https://n.news.naver.com/mnews/article/020/0003750880,2026-09-28T04:32:00+09:00,,A18면,
동아일보,naver_paper,,트럼프 “이란 ‘7일 평화 구상’ 거절” vs 이란 “협상만이 해결책”,,https://n.news.naver.com/mnews/article/020/0003750929,2026-09-28T04:34:00+09:00,,A18면,
동아일보,naver_paper,,‘사운드 오브 뮤직’ 가득 찬 ‘성지’ 속으로,"“I am sixteen going on seventeen(난 이제 막 열일곱 살이 되려는 열여섯 살), Innocent as a rose(장미처럼 순수해). …",https://n.news.naver.com/mnews/article/020/0003750932,2026-09-28T04:34:00+09:00,,A20면,
동아일보,naver_paper,,‘재일 교포 실업가’ 김용두 수집품 진주서 본다,,https://n.news.naver.com/mnews/article/020/0003750931,2026-09-28T04:34:00+09:00,,A20면,
동아일보,naver_paper,,"“기역-디귿-시옷, 기윽-디읃-시읏으로도 불러주세요”",,https://n.news.naver.com/mnews/article/020/0003750933,2026-09-28T04:34:00+09:00,,A20면,
동아일보,naver_paper,,공주 웨딩드레스에 숨은 ‘9057시간의 눈물’,,https://n.news.naver.com/mnews/article/020/0003750934,2026-09-28T04:34:00+09:00,,A20면,
동아일보,naver_paper,,[오늘의 채널A]아내의 수상한 동창회 전말 공개,‘사건수첩’에서는 아내의 잦은 동창회 참석이 의심스럽다는 의뢰가 접수된다. 의뢰인은 아내의 불륜을 의심했지만 아내 역시 이용당하고 있었다. 수상한 동창회의 전말을 공개한다. ‘탐정 24시’에서는 7 …,https://n.news.naver.com/mnews/article/020/0003750889,2026-09-28T04:32:00+09:00,,A21면,
동아일보,naver_paper,,"두번의 ‘아픔’은 없다… 女핸드볼, 일본을 질식시키다",한국 여자 핸드볼 대표팀 에이스 류은희(오른쪽)가 27일 일본과의 2026 아이치-나고야 아시안게임 여자 핸드볼 풀리그 최종 6차전에서 수비수 위로 슛을 시도 …,https://n.news.naver.com/mnews/article/020/0003750909,2026-09-28T04:33:00+09:00,,A23면,
동아일보,naver_paper,,"‘골든’에 맞춰 ‘골든 연기’… 남동헌, 12년만에 마장마술 金",,https://n.news.naver.com/mnews/article/020/0003750868,2026-09-28T04:31:00+09:00,,A23면,
동아일보,naver_paper,,[오늘의 운세/9월 28일],,https://n.news.naver.com/mnews/article/020/0003750869,2026-09-28T04:31:00+09:00,,A23면,
동아일보,naver_paper,,"오상욱 ‘맏형 리더십’… “내가 해줄게, 신경 꺼”",,https://n.news.naver.com/mnews/article/020/0003750910,2026-09-28T04:33:00+09:00,,A23면,
동아일보,naver_paper,,두번 넘어져도 다시 우뚝… 맨땅서 날아오른 ‘보드 신동’ 강준이,강준이가 27일 열린 2026 아이치-나고야 아시안게임 스케이트보드 남자 스트리트 결선에서 연기를 펼치고 있다. 강준이는 이날 최종 합계 180.85점을 받아 …,https://n.news.naver.com/mnews/article/020/0003750919,2026-09-28T04:33:00+09:00,,A24면,
동아일보,naver_paper,,"금빛 파도 꿈 꾼 김수지, 김나현과 ‘은빛 입수’",,https://n.news.naver.com/mnews/article/020/0003750875,2026-09-28T04:31:00+09:00,,A24면,
동아일보,naver_paper,,[오늘의 아시안게임]2026년 9월 28일,,https://n.news.naver.com/mnews/article/020/0003750876,2026-09-28T04:31:00+09:00,,A24면,
동아일보,naver_paper,,"135cm ‘엄지공주’ 황서현, 평균대 40년만의 金",,https://n.news.naver.com/mnews/article/020/0003750920,2026-09-28T04:33:00+09:00,,A24면,
동아일보,naver_paper,,“부캉이 보자” 연휴 나흘간 46만명 몰렸다,부산 동구 북항 친수공원 인공수로에 머무는 상어를 보기 위해 추석 연휴에 46만 명이 넘는 인파가 몰렸다. 27일 부산시와 부산시설공단에 따르면 24일부터 2 …,https://n.news.naver.com/mnews/article/020/0003750916,2026-09-28T04:33:00+09:00,,A26면,
동아일보,naver_paper,,[부고]김남선 별세 外,,https://n.news.naver.com/mnews/article/020/0003750872,2026-09-28T04:31:00+09:00,,A26면,
동아일보,naver_paper,,"교황, 18년만에 프랑스 방문…샹젤리제 거리 미사에 80만명 운집",,https://n.news.naver.com/mnews/article/020/0003750873,2026-09-28T04:31:00+09:00,,A26면,
동아일보,naver_paper,,[인사]한겨레신문사,,https://n.news.naver.com/mnews/article/020/0003750874,2026-09-28T04:31:00+09:00,,A26면,
동아일보,naver_paper,,"佛공쿠르상, AI 대필 의혹 소설 후보서 제외",,https://n.news.naver.com/mnews/article/020/0003750917,2026-09-28T04:33:00+09:00,,A26면,
동아일보,naver_paper,,‘연극계 노벨상’ 구자하에 “관습 뛰어넘는 능력”,,https://n.news.naver.com/mnews/article/020/0003750918,2026-09-28T04:33:00+09:00,,A26면,
동아일보,naver_paper,,택시 기사가 된 어느 퇴직자의 고민[정경아의 퇴직생활백서],이른 아침에 택시를 탔다. 뒷좌석에 앉고 보니 여성 기사였다. 반가운 마음에 이런저런 이야기를 나누다가 기사님의 개인사를 듣게 됐다. 택시를 시작한 지 석 달 …,https://n.news.naver.com/mnews/article/020/0003750819,2026-09-27T23:01:00+09:00,,A28면,
동아일보,naver_paper,,"찬 바람 불 때, 생강 찌고 말린 ‘홍강’의 힘[정세연의 음식처방]",,https://n.news.naver.com/mnews/article/020/0003750821,2026-09-27T23:01:00+09:00,,A28면,
동아일보,naver_paper,,세상은 쉽게 요약되지 않는다… 구순 거장이 ‘높은 해상도’로 담은 韓[김영민의 본다는 것은],나는 한국 사회가 재현(再現·representation)의 위기에 시달리고 있다고 생각한다. 재현이란 어떤 것을 다시(re) 제시하는(presentation) …,https://n.news.naver.com/mnews/article/020/0003750822,2026-09-27T23:01:00+09:00,,A29면,
동아일보,naver_paper,,명절 뒤 드는 ‘어른 되기’에 대한 생각[2030세상/배윤슬],,https://n.news.naver.com/mnews/article/020/0003750823,2026-09-27T23:01:00+09:00,,A29면,
동아일보,naver_paper,,"[김승련 칼럼]한동훈의 1인극 폭로정치, 득인가 실인가","무소속 한동훈 의원의 나 홀로 정치가 여의도를 흔들고 있다. 김승원 법무부 장관 후보자에 대한 폭로 정치로 시작해 군사분계선(MDL) 지뢰 사건, 우크라이나 …",https://n.news.naver.com/mnews/article/020/0003750829,2026-09-27T23:22:00+09:00,,A30면,
동아일보,naver_paper,,[횡설수설/장원재]‘음소거’ 된 트럼프,,https://n.news.naver.com/mnews/article/020/0003750828,2026-09-27T23:19:00+09:00,,A30면,
동아일보,naver_paper,,[고양이 눈]“어서 오십쇼”,,https://n.news.naver.com/mnews/article/020/0003750824,2026-09-27T23:07:00+09:00,,A30면,
동아일보,naver_paper,,"[광화문에서/조건희]도입 14년 사회적 협동조합, 美처럼 ‘가족 거래’ 신고해야",,https://n.news.naver.com/mnews/article/020/0003750826,2026-09-27T23:12:00+09:00,,A30면,
동아일보,naver_paper,,[사설]청탁금지법 10년… ‘선출직은 예외’ 이중잣대 손볼 때,공직자의 공정하고 청렴한 직무 수행을 위해 마련된 청탁금지법이 28일로 시행된 지 10년이 된다. 시행 초기 한 해 4000건이 넘었던 위반 신고는 지난해 1 …,https://n.news.naver.com/mnews/article/020/0003750832,2026-09-27T23:31:00+09:00,,A31면,
동아일보,naver_paper,,[사설]손봉기-김민기 함께 물러나면 어떨까,,https://n.news.naver.com/mnews/article/020/0003750830,2026-09-27T23:24:00+09:00,,A31면,
동아일보,naver_paper,,"[사설]美中 정상, 화려한 의전-미미한 성과… 계속되는 불안한 휴전",,https://n.news.naver.com/mnews/article/020/0003750831,2026-09-27T23:27:00+09:00,,A31면,
동아일보,naver_paper,,여백은 결핍이 아니다[내가 만난 명문장/손유리],,https://n.news.naver.com/mnews/article/020/0003750825,2026-09-27T23:07:00+09:00,,A31면,
동아일보,naver_paper,,[특파원 칼럼/김철중]中 정부가 ‘배달 기사’ 처우 개선에 나선 이유,,https://n.news.naver.com/mnews/article/020/0003750827,2026-09-27T23:16:00+09:00,,A31면,
동아일보,naver_paper,,"막 뚫는 AI, 호주정부 사이트까지 무단 침투했다","오픈AI의 인공지능(AI) 에이전트가 호주 정부 사이트에 무단으로 접근해 비공개 자료까지 열어보는가 하면, 개인 이용자들이 제공한 이미지를 외부에 게시한 것으 …",https://n.news.naver.com/mnews/article/020/0003750855,2026-09-28T00:31:00+09:00,,B1면,
동아일보,naver_paper,,"올 수익률 1위 ‘코스피200 ETF’, 정기예금의 40.6배",,https://n.news.naver.com/mnews/article/020/0003750853,2026-09-28T00:31:00+09:00,,B1면,
동아일보,naver_paper,,"메타, AI 에이전트 ‘뮤즈’… 악성링크에 뚫릴 가능성",,https://n.news.naver.com/mnews/article/020/0003750854,2026-09-28T00:31:00+09:00,,B1면,
동아일보,naver_paper,,美국채금리 30년물 年5.5%까지 올라… 韓경제 악재될지 촉각,미국의 30년 만기 국채 금리가 연 5.50%를 넘겨 2004년 이후 22년 만에 최고치를 찍었다. 세계 금리의 기준이 되는 미국의 국채 금리 인상은 한국 경 …,https://n.news.naver.com/mnews/article/020/0003750848,2026-09-28T00:31:00+09:00,,B2면,
동아일보,naver_paper,,카드 직접 만들고… 보험 직접 팔고… 수수료 챙기는 ‘셀프 금융’이 뜬다,,https://n.news.naver.com/mnews/article/020/0003750852,2026-09-28T00:31:00+09:00,,B2면,
동아일보,naver_paper,,"‘대출 갈아타기’, 은행 16곳중 11곳 신규보다 비싸",,https://n.news.naver.com/mnews/article/020/0003750849,2026-09-28T00:31:00+09:00,,B2면,
동아일보,naver_paper,,런웨이는 벌써 ‘내년 봄’,,https://n.news.naver.com/mnews/article/020/0003750850,2026-09-28T00:31:00+09:00,,B2면,
동아일보,naver_paper,,“전국 대표식품축제 20개 묶었다”… 내달부터 두달간 ‘K푸드 페스타’,,https://n.news.naver.com/mnews/article/020/0003750851,2026-09-28T00:31:00+09:00,,B2면,
동아일보,naver_paper,,[단독]“현대차 AI ‘글레오’ 말귀 못알아듣는다? 처음부터 100점은 없어”,올해 신형 그랜저를 시작으로 현대자동차그룹 신차들에 잇따라 탑재되고 있는 차량용 인공지능(AI) 음성비서 ‘글레오 AI’. 아직은 단순한 차량 제어를 돕는 ‘ …,https://n.news.naver.com/mnews/article/020/0003750844,2026-09-28T00:31:00+09:00,,B3면,
동아일보,naver_paper,,"LG전자, 엔비디아 ‘AI데이터센터 냉각’ 파트너 선정",,https://n.news.naver.com/mnews/article/020/0003750845,2026-09-28T00:31:00+09:00,,B3면,
동아일보,naver_paper,,“성과급 놓칠라” 삼전닉스 육아휴직률 첫 동반하락,,https://n.news.naver.com/mnews/article/020/0003750846,2026-09-28T00:31:00+09:00,,B3면,
동아일보,naver_paper,,"제조업 경기전망 2분기 연속 상승, 반도체 역대 최대",,https://n.news.naver.com/mnews/article/020/0003750847,2026-09-28T00:31:00+09:00,,B3면,
동아일보,naver_paper,,"삼성디스플레이, ‘10억’ 페라리 첫 전기차에 신기술 심었다",이달 22일 경기 용인 삼성디스플레이 본사 로비에 아직 정식 출시되지 않은 페라리의 첫 순수 전기차 ‘페라리 루체’가 모습을 드러내자 임직원들이 차량 주변으로 …,https://n.news.naver.com/mnews/article/020/0003750836,2026-09-28T00:31:00+09:00,,B4면,
동아일보,naver_paper,,추석연휴 쇼핑하며 양주별산대놀이 구경,,https://n.news.naver.com/mnews/article/020/0003750838,2026-09-28T00:31:00+09:00,,B4면,
동아일보,naver_paper,,"20년 넘은 서울 노후 아파트 가격 상승폭, 신축 앞질러",,https://n.news.naver.com/mnews/article/020/0003750837,2026-09-28T00:31:00+09:00,,B4면,
동아일보,naver_paper,,"MS AI ‘코파일럿’, 말로 지시하면 알아서 앱 제작",,https://n.news.naver.com/mnews/article/020/0003750839,2026-09-28T00:31:00+09:00,,B4면,
동아일보,naver_paper,,"농심, 멕시코 ‘K엑스포’서 신라면 맛 알렸다",,https://n.news.naver.com/mnews/article/020/0003750840,2026-09-28T00:31:00+09:00,,B4면,
동아일보,naver_paper,,‘디 올 뉴 팰리세이드’ 누적 판매 30만대 코앞,,https://n.news.naver.com/mnews/article/020/0003750841,2026-09-28T00:31:00+09:00,,B4면,
동아일보,naver_paper,,필라테스-헬스 업종 ‘먹튀 폐업’ 발생 최다,,https://n.news.naver.com/mnews/article/020/0003750842,2026-09-28T00:31:00+09:00,,B4면,
동아일보,naver_paper,,"대한항공 미사용 마일리지, 올 상반기 3조 넘어",,https://n.news.naver.com/mnews/article/020/0003750843,2026-09-28T00:31:00+09:00,,B4면,
동아일보,naver_paper,,"뇌는 일정한 속도로 늙지 않는다… 24세부턴 완만, 60대 이후 급변",역대급 규모의 인간 뇌 전전두엽 지도가 작성됐다. 전전두엽은 고등 인지 기능의 핵심 역할을 수행한다. 연구 성과는 인간 전 생애에 걸쳐 전전두엽의 발달 단계를 …,https://n.news.naver.com/mnews/article/020/0003750857,2026-09-28T00:32:00+09:00,,B6면,
동아일보,naver_paper,,몸을 통신망 삼아 센서와 치료기기 연결… 생쥐 다리 움직였다,,https://n.news.naver.com/mnews/article/020/0003750856,2026-09-28T00:31:00+09:00,,B6면,
동아일보,naver_paper,,[DBR]직무 쪼개 여러 과업으로 재분배… ‘과업경제’가 온다,최근 미국을 중심으로 인공지능(AI) 도입을 이유로 직원을 줄였다가 다시 구인에 나선 기업들이 등장하고 있다. 이른바 ‘AI 부메랑’ 현상이다. 인력 서비스 …,https://n.news.naver.com/mnews/article/020/0003750859,2026-09-28T00:32:00+09:00,,B7면,
동아일보,naver_paper,,[DBR]‘고용형 휴머노이드’ 주목,,https://n.news.naver.com/mnews/article/020/0003750835,2026-09-28T00:31:00+09:00,,B7면,
동아일보,naver_paper,,[DBR]가격 올리는 것보다 품질 낮추는 게 더 위험,,https://n.news.naver.com/mnews/article/020/0003750858,2026-09-28T00:32:00+09:00,,B7면,
동아일보,naver_paper,,[DBR/알립니다]제13회 ‘마이클 포터상’ 주인공을 찾습니다,,https://n.news.naver.com/mnews/article/020/0003750860,2026-09-28T00:32:00+09:00,,B7면,
동아일보,naver_paper,,"美中, 빅딜 대신 갈등 관리 “무역휴전 두달 더”",23일부터 2박 3일 일정으로 미국 워싱턴에서 진행된 도널드 트럼프 미국 대통령과 시진핑(習近平) 중국 국가주석의 미중 정상회담이 25일(현지 시간) 마무리됐 …,https://n.news.naver.com/mnews/article/020/0003750906,2026-09-28T04:33:00+09:00,,A1면,
동아일보,naver_paper,,"젤렌스키, 북한군 포로 한국행 공개에… 李 “비공개 합의 어겨”",,https://n.news.naver.com/mnews/article/020/0003750862,2026-09-28T04:31:00+09:00,,A1면,
동아일보,naver_paper,,"굴욕 갚아줬다… 야구, 日 꺾고 亞게임 5연패",,https://n.news.naver.com/mnews/article/020/0003750863,2026-09-28T04:31:00+09:00,,A1면,
동아일보,naver_paper,,청탁금지법 시행 10년… 7년새 신고 4386→1280건,,https://n.news.naver.com/mnews/article/020/0003750907,2026-09-28T04:33:00+09:00,,A1면,
동아일보,naver_paper,,"軍-유엔사, DMZ 폭발 6일만에 합동 현장조사",,https://n.news.naver.com/mnews/article/020/0003750908,2026-09-28T04:33:00+09:00,,A1면,
동아일보,naver_paper,,“안 주고 안 받으니 편해” vs “소방서 반찬해온 할머니 돌려보내야”,“‘청탁금지법 때문에 못 받습니다’라는 한마디면 다들 수긍하는 분위기가 됐다.” 23년간의 공직 생활을 마치고 올해 초 퇴직한 한 전직 고위공무원은 10년 사 …,https://n.news.naver.com/mnews/article/020/0003750912,2026-09-28T04:33:00+09:00,,A2면,
동아일보,naver_paper,,"선물 기준 평소 5만원, 명절엔 30만원 가능… 10년간 7차례 손질",,https://n.news.naver.com/mnews/article/020/0003750913,2026-09-28T04:33:00+09:00,,A2면,
동아일보,naver_paper,,"트럼프-시진핑, 관세 낮추고 ‘AI 핫라인’… 대만-이란 충돌은 피해",“11월 10일 종료 예정이던 미국과 중국의 경제적 ‘긴장 완화(d´etente)’ 조치를 내년 1월 10일까지 연장하기로 했다.” 스콧 베선트 미국 재무장관 …,https://n.news.naver.com/mnews/article/020/0003750866,2026-09-28T04:31:00+09:00,,A3면,
동아일보,naver_paper,,"트럼프, 시진핑에 ‘美건국 상징’ 기록청 안내… 펑리위안과 인사땐 키 맞춰 무릎 굽히기도",,https://n.news.naver.com/mnews/article/020/0003750867,2026-09-28T04:31:00+09:00,,A3면,
동아일보,naver_paper,,우크라 “北포로 비공개 합의 없어” 靑 “조용한 처리 양해 있어”,북한군 포로 2명이 지난해 1월 우크라이나군에 생포된 지 1년 8개월 만에 한국 땅을 밟았다. 그동안 한국과 우크라이나는 한 차례의 정상회담과 5번의 외교장관 …,https://n.news.naver.com/mnews/article/020/0003750870,2026-09-28T04:31:00+09:00,,A4면,
동아일보,naver_paper,,6일만에 DMZ폭발 현장조사…野 “고의 조사 지연” 與 “장병의 피로 선동”,,https://n.news.naver.com/mnews/article/020/0003750911,2026-09-28T04:33:00+09:00,,A4면,
동아일보,naver_paper,,"연휴때 美-멕시코 순방한 李, 靑 인선-내란특수본 설치 속도낼듯","이재명 대통령이 5박 7일간의 미국, 멕시코 순방을 마치고 27일 귀국하면서 대통령비서실장과 정책실장 인선을 포함한 ‘정부 2기’ 구상에 속도를 낼 것으로 보 …",https://n.news.naver.com/mnews/article/020/0003750905,2026-09-28T04:33:00+09:00,,A5면,
동아일보,naver_paper,,韓-멕시코 “공급망 -자원-AI 협력 확대”,,https://n.news.naver.com/mnews/article/020/0003750903,2026-09-28T04:32:00+09:00,,A5면,
동아일보,naver_paper,,李 “국보법 폐지 주장하다 독소조항 못없애”… 盧정부때 유시민 사례 콕집어 강경파 비판,,https://n.news.naver.com/mnews/article/020/0003750904,2026-09-28T04:32:00+09:00,,A5면,
동아일보,naver_paper,,반도체 호황에 올해 초과세수 85조… 미래기금 200조 넘을듯,반도체 초호황으로 올해 걷힐 세수가 정부가 지난해 예상한 것보다 85조 원가량 더 많을 것이라는 전망이 나온다. 정부는 올해 4월 추가경정예산(추경) 편성 때 …,https://n.news.naver.com/mnews/article/020/0003750882,2026-09-28T04:32:00+09:00,,A6면,
동아일보,naver_paper,,[단독]중수청장 후보 이어 차장도 檢출신 검토,,https://n.news.naver.com/mnews/article/020/0003750883,2026-09-28T04:32:00+09:00,,A6면,
동아일보,naver_paper,,김현지 제1부속실장 부친상… 靑에도 안알려,,https://n.news.naver.com/mnews/article/020/0003750930,2026-09-28T04:34:00+09:00,,A6면,
동아일보,naver_paper,,‘약속의 8회’ 김도영 결승타… 日에 마지막 자존심은 지켰다,한국 야구 대표팀이 우여곡절 끝에 아시안게임 5연패를 달성했다. 류지현 감독이 이끈 한국은 27일 일본 아이치현 도요하시 시민구장에서 열린 2026 아이치-나 …,https://n.news.naver.com/mnews/article/020/0003750865,2026-09-28T04:31:00+09:00,,A8면,
동아일보,naver_paper,,“얕보는 시선 뒤집으려 죽기살기로” 코트 휘저은 K젠지,,https://n.news.naver.com/mnews/article/020/0003750864,2026-09-28T04:31:00+09:00,,A8면,
동아일보,naver_paper,,서울 아파트값 85주째 올라 ‘역대 최장’ 타이… 전월세도 동반상승,"서울 아파트 가격이 85주 연속 오르며 역대 최장 상승 기록과 같아졌다. 보유세 강화 방침을 담은 세제 개편안 여파로 강남3구(서초구, 강남구, 송파구)의 집 …",https://n.news.naver.com/mnews/article/020/0003750871,2026-09-28T04:31:00+09:00,,A10면,
동아일보,naver_paper,,"‘AI 안전 평가실’ 인력, 英 200명-美 34명인데 韓은 6명뿐",,https://n.news.naver.com/mnews/article/020/0003750914,2026-09-28T04:33:00+09:00,,A10면,
동아일보,naver_paper,,"[단독]‘국비 6668억’ 천리안위성 5호, 2031년 발사 못할수도",,https://n.news.naver.com/mnews/article/020/0003750915,2026-09-28T04:33:00+09:00,,A10면,
동아일보,naver_paper,,"美中, 빅딜 대신 갈등 관리 “무역휴전 두달 더”",23일부터 2박 3일 일정으로 미국 워싱턴에서 진행된 도널드 트럼프 미국 대통령과 시진핑(習近平) 중국 국가주석의 미중 정상회담이 25일(현지 시간) 마무리됐 …,https://n.news.naver.com/mnews/article/020/0003750906,2026-09-28T04:33:00+09:00,,A1면,
동아일보,naver_paper,,"젤렌스키, 북한군 포로 한국행 공개에… 李 “비공개 합의 어겨”",,https://n.news.naver.com/mnews/article/020/0003750862,2026-09-28T04:31:00+09:00,,A1면,
동아일보,naver_paper,,"굴욕 갚아줬다… 야구, 日 꺾고 亞게임 5연패",,https://n.news.naver.com/mnews/article/020/0003750863,2026-09-28T04:31:00+09:00,,A1면,
동아일보,naver_paper,,청탁금지법 시행 10년… 7년새 신고 4386→1280건,,https://n.news.naver.com/mnews/article/020/0003750907,2026-09-28T04:33:00+09:00,,A1면,
동아일보,naver_paper,,"軍-유엔사, DMZ 폭발 6일만에 합동 현장조사",,https://n.news.naver.com/mnews/article/020/0003750908,2026-09-28T04:33:00+09:00,,A1면,
동아일보,naver_paper,,“안 주고 안 받으니 편해” vs “소방서 반찬해온 할머니 돌려보내야”,“‘청탁금지법 때문에 못 받습니다’라는 한마디면 다들 수긍하는 분위기가 됐다.” 23년간의 공직 생활을 마치고 올해 초 퇴직한 한 전직 고위공무원은 10년 사 …,https://n.news.naver.com/mnews/article/020/0003750912,2026-09-28T04:33:00+09:00,,A2면,
동아일보,naver_paper,,"선물 기준 평소 5만원, 명절엔 30만원 가능… 10년간 7차례 손질",,https://n.news.naver.com/mnews/article/020/0003750913,2026-09-28T04:33:00+09:00,,A2면,
동아일보,naver_paper,,"트럼프-시진핑, 관세 낮추고 ‘AI 핫라인’… 대만-이란 충돌은 피해",“11월 10일 종료 예정이던 미국과 중국의 경제적 ‘긴장 완화(d´etente)’ 조치를 내년 1월 10일까지 연장하기로 했다.” 스콧 베선트 미국 재무장관 …,https://n.news.naver.com/mnews/article/020/0003750866,2026-09-28T04:31:00+09:00,,A3면,
동아일보,naver_paper,,"트럼프, 시진핑에 ‘美건국 상징’ 기록청 안내… 펑리위안과 인사땐 키 맞춰 무릎 굽히기도",,https://n.news.naver.com/mnews/article/020/0003750867,2026-09-28T04:31:00+09:00,,A3면,
동아일보,naver_paper,,우크라 “北포로 비공개 합의 없어” 靑 “조용한 처리 양해 있어”,북한군 포로 2명이 지난해 1월 우크라이나군에 생포된 지 1년 8개월 만에 한국 땅을 밟았다. 그동안 한국과 우크라이나는 한 차례의 정상회담과 5번의 외교장관 …,https://n.news.naver.com/mnews/article/020/0003750870,2026-09-28T04:31:00+09:00,,A4면,
동아일보,naver_paper,,6일만에 DMZ폭발 현장조사…野 “고의 조사 지연” 與 “장병의 피로 선동”,,https://n.news.naver.com/mnews/article/020/0003750911,2026-09-28T04:33:00+09:00,,A4면,
동아일보,naver_paper,,"연휴때 美-멕시코 순방한 李, 靑 인선-내란특수본 설치 속도낼듯","이재명 대통령이 5박 7일간의 미국, 멕시코 순방을 마치고 27일 귀국하면서 대통령비서실장과 정책실장 인선을 포함한 ‘정부 2기’ 구상에 속도를 낼 것으로 보 …",https://n.news.naver.com/mnews/article/020/0003750905,2026-09-28T04:33:00+09:00,,A5면,
동아일보,naver_paper,,韓-멕시코 “공급망 -자원-AI 협력 확대”,,https://n.news.naver.com/mnews/article/020/0003750903,2026-09-28T04:32:00+09:00,,A5면,
동아일보,naver_paper,,李 “국보법 폐지 주장하다 독소조항 못없애”… 盧정부때 유시민 사례 콕집어 강경파 비판,,https://n.news.naver.com/mnews/article/020/0003750904,2026-09-28T04:32:00+09:00,,A5면,
동아일보,naver_paper,,반도체 호황에 올해 초과세수 85조… 미래기금 200조 넘을듯,반도체 초호황으로 올해 걷힐 세수가 정부가 지난해 예상한 것보다 85조 원가량 더 많을 것이라는 전망이 나온다. 정부는 올해 4월 추가경정예산(추경) 편성 때 …,https://n.news.naver.com/mnews/article/020/0003750882,2026-09-28T04:32:00+09:00,,A6면,
동아일보,naver_paper,,[단독]중수청장 후보 이어 차장도 檢출신 검토,,https://n.news.naver.com/mnews/article/020/0003750883,2026-09-28T04:32:00+09:00,,A6면,
동아일보,naver_paper,,김현지 제1부속실장 부친상… 靑에도 안알려,,https://n.news.naver.com/mnews/article/020/0003750930,2026-09-28T04:34:00+09:00,,A6면,
동아일보,naver_paper,,‘약속의 8회’ 김도영 결승타… 日에 마지막 자존심은 지켰다,한국 야구 대표팀이 우여곡절 끝에 아시안게임 5연패를 달성했다. 류지현 감독이 이끈 한국은 27일 일본 아이치현 도요하시 시민구장에서 열린 2026 아이치-나 …,https://n.news.naver.com/mnews/article/020/0003750865,2026-09-28T04:31:00+09:00,,A8면,
동아일보,naver_paper,,“얕보는 시선 뒤집으려 죽기살기로” 코트 휘저은 K젠지,,https://n.news.naver.com/mnews/article/020/0003750864,2026-09-28T04:31:00+09:00,,A8면,
동아일보,naver_paper,,서울 아파트값 85주째 올라 ‘역대 최장’ 타이… 전월세도 동반상승,"서울 아파트 가격이 85주 연속 오르며 역대 최장 상승 기록과 같아졌다. 보유세 강화 방침을 담은 세제 개편안 여파로 강남3구(서초구, 강남구, 송파구)의 집 …",https://n.news.naver.com/mnews/article/020/0003750871,2026-09-28T04:31:00+09:00,,A10면,
동아일보,naver_paper,,"‘AI 안전 평가실’ 인력, 英 200명-美 34명인데 韓은 6명뿐",,https://n.news.naver.com/mnews/article/020/0003750914,2026-09-28T04:33:00+09:00,,A10면,
동아일보,naver_paper,,"[단독]‘국비 6668억’ 천리안위성 5호, 2031년 발사 못할수도",,https://n.news.naver.com/mnews/article/020/0003750915,2026-09-28T04:33:00+09:00,,A10면,
동아일보,naver_paper,,"美中, 빅딜 대신 갈등 관리 “무역휴전 두달 더”",23일부터 2박 3일 일정으로 미국 워싱턴에서 진행된 도널드 트럼프 미국 대통령과 시진핑(習近平) 중국 국가주석의 미중 정상회담이 25일(현지 시간) 마무리됐 …,https://n.news.naver.com/mnews/article/020/0003750906,2026-09-28T04:33:00+09:00,,A1면,
동아일보,naver_paper,,"젤렌스키, 북한군 포로 한국행 공개에… 李 “비공개 합의 어겨”",,https://n.news.naver.com/mnews/article/020/0003750862,2026-09-28T04:31:00+09:00,,A1면,
동아일보,naver_paper,,"굴욕 갚아줬다… 야구, 日 꺾고 亞게임 5연패",,https://n.news.naver.com/mnews/article/020/0003750863,2026-09-28T04:31:00+09:00,,A1면,
동아일보,naver_paper,,청탁금지법 시행 10년… 7년새 신고 4386→1280건,,https://n.news.naver.com/mnews/article/020/0003750907,2026-09-28T04:33:00+09:00,,A1면,
동아일보,naver_paper,,"軍-유엔사, DMZ 폭발 6일만에 합동 현장조사",,https://n.news.naver.com/mnews/article/020/0003750908,2026-09-28T04:33:00+09:00,,A1면,
동아일보,naver_paper,,“안 주고 안 받으니 편해” vs “소방서 반찬해온 할머니 돌려보내야”,“‘청탁금지법 때문에 못 받습니다’라는 한마디면 다들 수긍하는 분위기가 됐다.” 23년간의 공직 생활을 마치고 올해 초 퇴직한 한 전직 고위공무원은 10년 사 …,https://n.news.naver.com/mnews/article/020/0003750912,2026-09-28T04:33:00+09:00,,A2면,
동아일보,naver_paper,,"선물 기준 평소 5만원, 명절엔 30만원 가능… 10년간 7차례 손질",,https://n.news.naver.com/mnews/article/020/0003750913,2026-09-28T04:33:00+09:00,,A2면,
동아일보,naver_paper,,"트럼프-시진핑, 관세 낮추고 ‘AI 핫라인’… 대만-이란 충돌은 피해",“11월 10일 종료 예정이던 미국과 중국의 경제적 ‘긴장 완화(d´etente)’ 조치를 내년 1월 10일까지 연장하기로 했다.” 스콧 베선트 미국 재무장관 …,https://n.news.naver.com/mnews/article/020/0003750866,2026-09-28T04:31:00+09:00,,A3면,
동아일보,naver_paper,,"트럼프, 시진핑에 ‘美건국 상징’ 기록청 안내… 펑리위안과 인사땐 키 맞춰 무릎 굽히기도",,https://n.news.naver.com/mnews/article/020/0003750867,2026-09-28T04:31:00+09:00,,A3면,
동아일보,naver_paper,,우크라 “北포로 비공개 합의 없어” 靑 “조용한 처리 양해 있어”,북한군 포로 2명이 지난해 1월 우크라이나군에 생포된 지 1년 8개월 만에 한국 땅을 밟았다. 그동안 한국과 우크라이나는 한 차례의 정상회담과 5번의 외교장관 …,https://n.news.naver.com/mnews/article/020/0003750870,2026-09-28T04:31:00+09:00,,A4면,
동아일보,naver_paper,,6일만에 DMZ폭발 현장조사…野 “고의 조사 지연” 與 “장병의 피로 선동”,,https://n.news.naver.com/mnews/article/020/0003750911,2026-09-28T04:33:00+09:00,,A4면,
동아일보,naver_paper,,"연휴때 美-멕시코 순방한 李, 靑 인선-내란특수본 설치 속도낼듯","이재명 대통령이 5박 7일간의 미국, 멕시코 순방을 마치고 27일 귀국하면서 대통령비서실장과 정책실장 인선을 포함한 ‘정부 2기’ 구상에 속도를 낼 것으로 보 …",https://n.news.naver.com/mnews/article/020/0003750905,2026-09-28T04:33:00+09:00,,A5면,
동아일보,naver_paper,,韓-멕시코 “공급망 -자원-AI 협력 확대”,,https://n.news.naver.com/mnews/article/020/0003750903,2026-09-28T04:32:00+09:00,,A5면,
동아일보,naver_paper,,李 “국보법 폐지 주장하다 독소조항 못없애”… 盧정부때 유시민 사례 콕집어 강경파 비판,,https://n.news.naver.com/mnews/article/020/0003750904,2026-09-28T04:32:00+09:00,,A5면,
동아일보,naver_paper,,반도체 호황에 올해 초과세수 85조… 미래기금 200조 넘을듯,반도체 초호황으로 올해 걷힐 세수가 정부가 지난해 예상한 것보다 85조 원가량 더 많을 것이라는 전망이 나온다. 정부는 올해 4월 추가경정예산(추경) 편성 때 …,https://n.news.naver.com/mnews/article/020/0003750882,2026-09-28T04:32:00+09:00,,A6면,
동아일보,naver_paper,,[단독]중수청장 후보 이어 차장도 檢출신 검토,,https://n.news.naver.com/mnews/article/020/0003750883,2026-09-28T04:32:00+09:00,,A6면,
동아일보,naver_paper,,김현지 제1부속실장 부친상… 靑에도 안알려,,https://n.news.naver.com/mnews/article/020/0003750930,2026-09-28T04:34:00+09:00,,A6면,
동아일보,naver_paper,,‘약속의 8회’ 김도영 결승타… 日에 마지막 자존심은 지켰다,한국 야구 대표팀이 우여곡절 끝에 아시안게임 5연패를 달성했다. 류지현 감독이 이끈 한국은 27일 일본 아이치현 도요하시 시민구장에서 열린 2026 아이치-나 …,https://n.news.naver.com/mnews/article/020/0003750865,2026-09-28T04:31:00+09:00,,A8면,
동아일보,naver_paper,,“얕보는 시선 뒤집으려 죽기살기로” 코트 휘저은 K젠지,,https://n.news.naver.com/mnews/article/020/0003750864,2026-09-28T04:31:00+09:00,,A8면,
동아일보,naver_paper,,서울 아파트값 85주째 올라 ‘역대 최장’ 타이… 전월세도 동반상승,"서울 아파트 가격이 85주 연속 오르며 역대 최장 상승 기록과 같아졌다. 보유세 강화 방침을 담은 세제 개편안 여파로 강남3구(서초구, 강남구, 송파구)의 집 …",https://n.news.naver.com/mnews/article/020/0003750871,2026-09-28T04:31:00+09:00,,A10면,
동아일보,naver_paper,,"‘AI 안전 평가실’ 인력, 英 200명-美 34명인데 韓은 6명뿐",,https://n.news.naver.com/mnews/article/020/0003750914,2026-09-28T04:33:00+09:00,,A10면,
동아일보,naver_paper,,"[단독]‘국비 6668억’ 천리안위성 5호, 2031년 발사 못할수도",,https://n.news.naver.com/mnews/article/020/0003750915,2026-09-28T04:33:00+09:00,,A10면,
서울신문,naver_paper,,‘DMZ 폭발’ 현장도 못 봤다,추가 폭발 우려 근접 지역서 멈춰 靑 “은폐 절대 있을 수 없다” 강조 폭발 지점까지 도달 못해 軍 “차후 추가 조사 시행” 합동참모본부와 유엔군사령부 군사정 …,https://n.news.naver.com/mnews/article/081/0003683772,2026-09-28T05:02:00+09:00,,1면,
서울신문,naver_paper,,수장 공백 속 출범 앞둔 중수청… 간판만 ‘한국형 FBI’ 우려,,https://n.news.naver.com/mnews/article/081/0003683773,2026-09-28T05:02:00+09:00,,1면,
서울신문,naver_paper,,"트럼프와 시진핑, 친분만 과시했다",,https://n.news.naver.com/mnews/article/081/0003683774,2026-09-28T05:02:00+09:00,,1면,
서울신문,naver_paper,,멕시코 K팝 팬덤 150명 ‘칼군무’… 李부부 손가락 하트로 응원,,https://n.news.naver.com/mnews/article/081/0003683762,2026-09-27T20:50:00+09:00,,2면,
서울신문,naver_paper,,조희대 충돌·여권 분열… 李 인적 쇄신으로 돌파구 찾나,"“개혁 저절로 안돼… 국민 참여 필요” 정책·비서실장 인선 곧 단행할 듯 ‘내란 특수본’ 구성 지시할 가능성도 靑, 유시민 겨냥 “檢 개혁 의지 왜곡” “트럼 …",https://n.news.naver.com/mnews/article/081/0003683776,2026-09-28T05:02:00+09:00,,3면,
서울신문,naver_paper,,"AI·항공우주부터 라면까지… K산업, 중남미 시장 키운다",,https://n.news.naver.com/mnews/article/081/0003683775,2026-09-28T05:02:00+09:00,,3면,
서울신문,naver_paper,,"경찰, 기업·금융범죄 등 ‘전문성’ 과제… 외부 개입 막아 ‘중립성’ 지켜라","경찰의 수사 권한이 커지면서 역량과 중립성을 확보하는 것이 주요 과제로 떠오르고 있다. 수사 전문성이 뒷받침되지 않으면 기업·금융범죄 등 복잡한 대형 사건에 제대로 대응하기 어렵고, 중요 사건의 지 …",https://n.news.naver.com/mnews/article/081/0003683778,2026-09-28T05:02:00+09:00,,4면,
서울신문,naver_paper,,"고소·고발은 경찰에, ‘7대 범죄’는 중수청… 경찰 불송치 결정엔 이의신청 가능해요",,https://n.news.naver.com/mnews/article/081/0003683777,2026-09-28T05:02:00+09:00,,4면,
서울신문,naver_paper,,"정부, 北포로 송환 공개에 유감 표명… 우크라 내부도 “정치쇼”",,https://n.news.naver.com/mnews/article/081/0003683779,2026-09-28T05:02:00+09:00,,5면,
서울신문,naver_paper,,북러 밀착 과시하는 김정은… “방러 일정 조율 중”,,https://n.news.naver.com/mnews/article/081/0003683780,2026-09-28T05:02:00+09:00,,6면,
서울신문,naver_paper,,추석 밥상 달군 ‘농지 전쟁’… 與 “죄송스럽다” 野 “수탈 멈춰라”,"민주당, 농민 불안감 달래기 주력 野 “서민·청년 인내심 한계” 맹공 여야는 연휴 마지막 날인 27일 추석 명절 청취한 엇갈린 민심을 전하며 정국 주도권 경쟁 …",https://n.news.naver.com/mnews/article/081/0003683782,2026-09-28T05:02:00+09:00,,8면,
서울신문,naver_paper,,與 “정치판 선 조희대”… 野 “청와대 ‘양김’ 나와라”,,https://n.news.naver.com/mnews/article/081/0003683781,2026-09-28T05:02:00+09:00,,8면,
서울신문,naver_paper,,“부캉이 보며 다시 웃어”… 일상 속 힐링 ‘동물 팬덤’,푸바오·늑구 이어 특정 동물에 관심 취업·경쟁 벗어나 정서적 위안 얻어 ‘부캉이’ 출몰 기후변화 징후 지적도 부산에 사는 직장인 박서휘(33)씨는 추석 연휴 …,https://n.news.naver.com/mnews/article/081/0003683755,2026-09-27T20:06:00+09:00,,10면,
서울신문,naver_paper,,"구속기간 최대 6개월… 강선우·김경 석방, 법조계 “새 형소법체제 상한선 더 늘려야”",,https://n.news.naver.com/mnews/article/081/0003683785,2026-09-28T05:02:00+09:00,,10면,
서울신문,naver_paper,,‘서해 공무원 월북 판단’ 해경 간부들… 법원 “직위해제 취소”,,https://n.news.naver.com/mnews/article/081/0003683783,2026-09-28T05:02:00+09:00,,10면,
서울신문,naver_paper,,중식당 ‘시진핑’에 테러… 중국인 4명 범행 당일 출국,,https://n.news.naver.com/mnews/article/081/0003683784,2026-09-28T05:02:00+09:00,,10면,
서울신문,naver_paper,,짧았던 추석연휴… 귀경객 아쉬운 발걸음,,https://n.news.naver.com/mnews/article/081/0003683786,2026-09-28T05:02:00+09:00,,10면,
서울신문,naver_paper,,여자 ‘음주’ 남자 ‘당뇨’… 건강 적신호,,https://n.news.naver.com/mnews/article/081/0003683787,2026-09-28T05:02:00+09:00,,10면,
서울신문,naver_paper,공정위,공정위 퇴직자 86명 ‘로펌행’… 불공정 ‘공피아 카르텔’,"10년 새 급증… 최근 5년여간 57명 김앤장 21명 최다, 보수 최대 3.7배 부위원장 등 고위직 출신도 재취업 ‘한솥밥 관계’ 전원회의 공정성 우려 최근 …",https://n.news.naver.com/mnews/article/081/0003683789,2026-09-28T05:03:00+09:00,,12면,
서울신문,naver_paper,,소통 늘리고 민원 줄이고 안전 높이고… 국민이 ‘정부 혁신정책’ 직접 선택한다,,https://n.news.naver.com/mnews/article/081/0003683788,2026-09-28T05:03:00+09:00,,12면,
서울신문,naver_paper,,"대이란 봉쇄 먹혔나… 트럼프, 이란 ‘7일 평화안’ 걷어찼다","이란, 원유 제재 중단 등 요구하고 “7일간 준수하면 해협 개방·핵 협상” 美, 선거 전까지 경제 압박 가할 듯 이란 “美 첨단 무인 잠수정 나포” 도널드 트 …",https://n.news.naver.com/mnews/article/081/0003683794,2026-09-28T05:03:00+09:00,,14면,
서울신문,naver_paper,,벌써 10번째 시신… 남아공 여성 연쇄 살인 공포 확산,,https://n.news.naver.com/mnews/article/081/0003683790,2026-09-28T05:03:00+09:00,,14면,
서울신문,naver_paper,,미중 옛 동맹 부각에… 다카이치 ‘노심초사’,,https://n.news.naver.com/mnews/article/081/0003683791,2026-09-28T05:03:00+09:00,,14면,
서울신문,naver_paper,,“EU와 너무 가까워” 불만에… 스위스 ‘중립국 지위 강화’ 국민투표,,https://n.news.naver.com/mnews/article/081/0003683792,2026-09-28T05:03:00+09:00,,14면,
서울신문,naver_paper,,교황 방문에 80만명 운집한 프랑스 파리… “청년이 오늘날의 교회”,,https://n.news.naver.com/mnews/article/081/0003683793,2026-09-28T05:03:00+09:00,,14면,
서울신문,naver_paper,,“삶을 더 사랑하기 위해 죽음의 방식 치열하게 논의해야” [월요인터뷰],,https://n.news.naver.com/mnews/article/081/0003683795,2026-09-28T05:03:00+09:00,,16면,
서울신문,naver_paper,,‘인간적인 것’의 보루… 노벨문학상 주인공은,"완연한 가을의 정취가 독서가들을 설레게 한다. 문인이 도달할 수 있는 최고의 영예, 노벨문학상 수상자가 곧 가려질 예정이다. 인공지능(AI)이 인간이 할 일을 …",https://n.news.naver.com/mnews/article/081/0003683797,2026-09-28T05:03:00+09:00,,18면,
서울신문,naver_paper,,“성대 갈아끼우며 10대 뉴요커로… 발레 내려두고 R＆B 리듬 탔죠”,,https://n.news.naver.com/mnews/article/081/0003683796,2026-09-28T05:03:00+09:00,,18면,
서울신문,naver_paper,,‘지역 소비도 하고 운동도 하고’… 파크골프가 살린 골목 상권,전국적인 파크골프 열풍이 이어지고 있는 가운데 지방자치단체들이 지역 상권 구매 실적을 파크골프장 이용과 연계하면서 지역 경제 활성화의 새 모델을 제시하고 있다 …,https://n.news.naver.com/mnews/article/081/0003683801,2026-09-28T05:03:00+09:00,,19면,
서울신문,naver_paper,,“위급할 땐 누르세요” 서울시 ‘동행안심벨’ 개선,,https://n.news.naver.com/mnews/article/081/0003683802,2026-09-28T05:03:00+09:00,,19면,
서울신문,naver_paper,,‘포항 지진안전종합센터’ 건립 속도 낸다,,https://n.news.naver.com/mnews/article/081/0003683798,2026-09-28T05:03:00+09:00,,19면,
서울신문,naver_paper,,여수 석유화학·광양 철강 ‘맞춤 위기대응’ 성과,,https://n.news.naver.com/mnews/article/081/0003683799,2026-09-28T05:03:00+09:00,,19면,
서울신문,naver_paper,,교량·고가 아래 빛 입히는 ‘서울라이트업’,,https://n.news.naver.com/mnews/article/081/0003683800,2026-09-28T05:03:00+09:00,,19면,
서울신문,naver_paper,,아쉬운 추석연휴 붙잡는 전통 줄타기,,https://n.news.naver.com/mnews/article/081/0003683803,2026-09-28T05:03:00+09:00,,19면,
서울신문,naver_paper,,중랑구 ‘알뜰살뜰’ 전통시장 챙기기 [현장 행정],직원 332명 시장 장보기 동참 대목 앞두고 안전 점검도 실시 “시장 살리기는 공동체 살리기” “전통시장은 지역 경제의 축이자 문화와 교류가 이뤄지는 소중한 …,https://n.news.naver.com/mnews/article/081/0003683804,2026-09-28T05:03:00+09:00,,20면,
서울신문,naver_paper,,복잡한 부동산 세금… 양천구 ‘일타강사’로 나선다,,https://n.news.naver.com/mnews/article/081/0003683805,2026-09-28T05:03:00+09:00,,20면,
서울신문,naver_paper,,꼼꼼한 강동의 촘촘한 소상공인 지원,,https://n.news.naver.com/mnews/article/081/0003683806,2026-09-28T05:03:00+09:00,,20면,
서울신문,naver_paper,,마포구 “가을 별자리 같이 봐요”,,https://n.news.naver.com/mnews/article/081/0003683807,2026-09-28T05:03:00+09:00,,20면,
서울신문,naver_paper,,진로 탐색부터 취업 상담까지… 도봉서 펼치는 ‘청년의 꿈’,창업센터 입주기업·전문기관들과 아이디어 경진대회·멘토링 등 개최 정책 안내·체험형 프로그램도 마련 “구청장으로서 청년 일자리를 많이 만들어내고자 최선을 다하겠 …,https://n.news.naver.com/mnews/article/081/0003683810,2026-09-28T05:03:00+09:00,,21면,
서울신문,naver_paper,,명절 후 체중관리는 서대문과 함께,,https://n.news.naver.com/mnews/article/081/0003683808,2026-09-28T05:03:00+09:00,,21면,
서울신문,naver_paper,,빨리 찾아온 독감… 성동 “예방접종하세요”,,https://n.news.naver.com/mnews/article/081/0003683809,2026-09-28T05:03:00+09:00,,21면,
서울신문,naver_paper,,역사를 놀이처럼… 송파 ‘청소년 관광 체험학습’ 모집,,https://n.news.naver.com/mnews/article/081/0003683811,2026-09-28T05:04:00+09:00,,21면,
서울신문,naver_paper,,꿈나무들이 그리는 서초의 오늘과 내일,,https://n.news.naver.com/mnews/article/081/0003683812,2026-09-28T05:04:00+09:00,,21면,
서울신문,naver_paper,,천년 역사에 첨단을 더하다… 전주 ‘피지컬 AI 특별도시’,"전북, 7368억 대형 국책사업 선정 협업지능 기반 SW플랫폼 국산화 무인공장 구현하는 게 핵심 목표 전주에 AI 시험·검인증 거점 육성 새만금 로봇 제조 파 …",https://n.news.naver.com/mnews/article/081/0003683814,2026-09-28T05:04:00+09:00,,22면,
서울신문,naver_paper,,“기술·기업·인재 모아 전주·새만금 잇는 AX 산업벨트 구축”,,https://n.news.naver.com/mnews/article/081/0003683813,2026-09-28T05:04:00+09:00,,22면,
서울신문,naver_paper,,41.7세 ‘오락실 아재들’ 금… “물리치료로 살았죠”,순발력 생명 ‘대전격투’ 경륜 발휘 한 달 합숙하며 규칙적으로 훈련 “독박육아 감당한 아내에게 감사” “40대들이 보고 힘 받으면 좋겠다” 100원짜리 동전을 …,https://n.news.naver.com/mnews/article/081/0003683761,2026-09-27T20:48:00+09:00,,23면,
서울신문,naver_paper,,"북한, 금메달 6개 모두 역도서 땄다… LA올림픽 정조준",,https://n.news.naver.com/mnews/article/081/0003683818,2026-09-28T05:04:00+09:00,,23면,
서울신문,naver_paper,,방방곡곡 K푸드!,,https://n.news.naver.com/mnews/article/081/0003683815,2026-09-28T05:04:00+09:00,,23면,
서울신문,naver_paper,,[인사],,https://n.news.naver.com/mnews/article/081/0003683816,2026-09-28T05:04:00+09:00,,23면,
서울신문,naver_paper,,4일 만에 130만명… 추석 극장가 승자는 ‘암살자(들)’,,https://n.news.naver.com/mnews/article/081/0003683817,2026-09-28T05:04:00+09:00,,23면,
서울신문,naver_paper,,남산은 K콘텐츠!,,https://n.news.naver.com/mnews/article/081/0003683819,2026-09-28T05:04:00+09:00,,23면,
서울신문,naver_paper,,"AI시대, 지식인의 자리는 어디인가 [모종린의 문화로 읽는 AI시대]",,https://n.news.naver.com/mnews/article/081/0003683820,2026-09-28T05:04:00+09:00,,25면,
서울신문,naver_paper,,[우석훈의 청년이 행복한 나라] 처칠과 청년 경제의 새 계획,"20대의 대통령 국정 지지율이 20% 밑으로 떨어졌다. 여론 조사에 잡히진 않지만 10대 지지율을 조사하면 더 낮을 것 같다. 추세가 안 좋은 것은, 젊을수록 …",https://n.news.naver.com/mnews/article/081/0003683821,2026-09-28T05:04:00+09:00,,26면,
서울신문,naver_paper,,"[서울on] AI 속도전, 이제는 검증 경쟁이다",,https://n.news.naver.com/mnews/article/081/0003683842,2026-09-28T05:11:00+09:00,,26면,
서울신문,naver_paper,,[길섶에서] 어느 아빠의 죄책감,,https://n.news.naver.com/mnews/article/081/0003683843,2026-09-28T05:11:00+09:00,,26면,
서울신문,naver_paper,,[데스크 시각] 부부는 법정에서도 서로의 동료인가,‘노토리어스 RGB’로 알려진 루스 베이더 긴즈버그 미국 연방대법관의 남편 마틴 긴즈버그는 유명한 세법 전문 변호사였다. 그는 부인의 커리어를 적극 지지한 것 …,https://n.news.naver.com/mnews/article/081/0003683844,2026-09-28T05:11:00+09:00,,27면,
서울신문,naver_paper,,"[사설] 추석 민심 아전인수 말고, 민생 정책으로 경쟁하길",,https://n.news.naver.com/mnews/article/081/0003683846,2026-09-28T05:14:00+09:00,,27면,
서울신문,naver_paper,,"[사설] 지뢰 조사, 北 포로 입국… 신속·투명 대응 못 할 까닭 없다",,https://n.news.naver.com/mnews/article/081/0003683848,2026-09-28T05:14:00+09:00,,27면,
서울신문,naver_paper,,[사설] 미래기금 사업 95% 정부 원안대로… 방만 재정 걱정된다,,https://n.news.naver.com/mnews/article/081/0003683847,2026-09-28T05:14:00+09:00,,27면,
서울신문,naver_paper,,[씨줄날줄] 아이를 살리는 동네,,https://n.news.naver.com/mnews/article/081/0003683845,2026-09-28T05:11:00+09:00,,27면,
서울신문,naver_paper,,‘DMZ 폭발’ 현장도 못 봤다,추가 폭발 우려 근접 지역서 멈춰 靑 “은폐 절대 있을 수 없다” 강조 폭발 지점까지 도달 못해 軍 “차후 추가 조사 시행” 합동참모본부와 유엔군사령부 군사정 …,https://n.news.naver.com/mnews/article/081/0003683772,2026-09-28T05:02:00+09:00,,1면,
서울신문,naver_paper,,수장 공백 속 출범 앞둔 중수청… 간판만 ‘한국형 FBI’ 우려,,https://n.news.naver.com/mnews/article/081/0003683773,2026-09-28T05:02:00+09:00,,1면,
서울신문,naver_paper,,"트럼프와 시진핑, 친분만 과시했다",,https://n.news.naver.com/mnews/article/081/0003683774,2026-09-28T05:02:00+09:00,,1면,
서울신문,naver_paper,,멕시코 K팝 팬덤 150명 ‘칼군무’… 李부부 손가락 하트로 응원,,https://n.news.naver.com/mnews/article/081/0003683762,2026-09-27T20:50:00+09:00,,2면,
서울신문,naver_paper,,조희대 충돌·여권 분열… 李 인적 쇄신으로 돌파구 찾나,"“개혁 저절로 안돼… 국민 참여 필요” 정책·비서실장 인선 곧 단행할 듯 ‘내란 특수본’ 구성 지시할 가능성도 靑, 유시민 겨냥 “檢 개혁 의지 왜곡” “트럼 …",https://n.news.naver.com/mnews/article/081/0003683776,2026-09-28T05:02:00+09:00,,3면,
서울신문,naver_paper,,"AI·항공우주부터 라면까지… K산업, 중남미 시장 키운다",,https://n.news.naver.com/mnews/article/081/0003683775,2026-09-28T05:02:00+09:00,,3면,
서울신문,naver_paper,,"경찰, 기업·금융범죄 등 ‘전문성’ 과제… 외부 개입 막아 ‘중립성’ 지켜라","경찰의 수사 권한이 커지면서 역량과 중립성을 확보하는 것이 주요 과제로 떠오르고 있다. 수사 전문성이 뒷받침되지 않으면 기업·금융범죄 등 복잡한 대형 사건에 제대로 대응하기 어렵고, 중요 사건의 지 …",https://n.news.naver.com/mnews/article/081/0003683778,2026-09-28T05:02:00+09:00,,4면,
서울신문,naver_paper,,"고소·고발은 경찰에, ‘7대 범죄’는 중수청… 경찰 불송치 결정엔 이의신청 가능해요",,https://n.news.naver.com/mnews/article/081/0003683777,2026-09-28T05:02:00+09:00,,4면,
서울신문,naver_paper,,"정부, 北포로 송환 공개에 유감 표명… 우크라 내부도 “정치쇼”",,https://n.news.naver.com/mnews/article/081/0003683779,2026-09-28T05:02:00+09:00,,5면,
서울신문,naver_paper,,북러 밀착 과시하는 김정은… “방러 일정 조율 중”,,https://n.news.naver.com/mnews/article/081/0003683780,2026-09-28T05:02:00+09:00,,6면,
서울신문,naver_paper,,추석 밥상 달군 ‘농지 전쟁’… 與 “죄송스럽다” 野 “수탈 멈춰라”,"민주당, 농민 불안감 달래기 주력 野 “서민·청년 인내심 한계” 맹공 여야는 연휴 마지막 날인 27일 추석 명절 청취한 엇갈린 민심을 전하며 정국 주도권 경쟁 …",https://n.news.naver.com/mnews/article/081/0003683782,2026-09-28T05:02:00+09:00,,8면,
서울신문,naver_paper,,與 “정치판 선 조희대”… 野 “청와대 ‘양김’ 나와라”,,https://n.news.naver.com/mnews/article/081/0003683781,2026-09-28T05:02:00+09:00,,8면,
서울신문,naver_paper,,“부캉이 보며 다시 웃어”… 일상 속 힐링 ‘동물 팬덤’,푸바오·늑구 이어 특정 동물에 관심 취업·경쟁 벗어나 정서적 위안 얻어 ‘부캉이’ 출몰 기후변화 징후 지적도 부산에 사는 직장인 박서휘(33)씨는 추석 연휴 …,https://n.news.naver.com/mnews/article/081/0003683755,2026-09-27T20:06:00+09:00,,10면,
서울신문,naver_paper,,"구속기간 최대 6개월… 강선우·김경 석방, 법조계 “새 형소법체제 상한선 더 늘려야”",,https://n.news.naver.com/mnews/article/081/0003683785,2026-09-28T05:02:00+09:00,,10면,
서울신문,naver_paper,,‘서해 공무원 월북 판단’ 해경 간부들… 법원 “직위해제 취소”,,https://n.news.naver.com/mnews/article/081/0003683783,2026-09-28T05:02:00+09:00,,10면,
서울신문,naver_paper,,중식당 ‘시진핑’에 테러… 중국인 4명 범행 당일 출국,,https://n.news.naver.com/mnews/article/081/0003683784,2026-09-28T05:02:00+09:00,,10면,
서울신문,naver_paper,,짧았던 추석연휴… 귀경객 아쉬운 발걸음,,https://n.news.naver.com/mnews/article/081/0003683786,2026-09-28T05:02:00+09:00,,10면,
서울신문,naver_paper,,여자 ‘음주’ 남자 ‘당뇨’… 건강 적신호,,https://n.news.naver.com/mnews/article/081/0003683787,2026-09-28T05:02:00+09:00,,10면,
서울신문,naver_paper,,‘DMZ 폭발’ 현장도 못 봤다,추가 폭발 우려 근접 지역서 멈춰 靑 “은폐 절대 있을 수 없다” 강조 폭발 지점까지 도달 못해 軍 “차후 추가 조사 시행” 합동참모본부와 유엔군사령부 군사정 …,https://n.news.naver.com/mnews/article/081/0003683772,2026-09-28T05:02:00+09:00,,1면,
서울신문,naver_paper,,수장 공백 속 출범 앞둔 중수청… 간판만 ‘한국형 FBI’ 우려,,https://n.news.naver.com/mnews/article/081/0003683773,2026-09-28T05:02:00+09:00,,1면,
서울신문,naver_paper,,"트럼프와 시진핑, 친분만 과시했다",,https://n.news.naver.com/mnews/article/081/0003683774,2026-09-28T05:02:00+09:00,,1면,
서울신문,naver_paper,,멕시코 K팝 팬덤 150명 ‘칼군무’… 李부부 손가락 하트로 응원,,https://n.news.naver.com/mnews/article/081/0003683762,2026-09-27T20:50:00+09:00,,2면,
서울신문,naver_paper,,조희대 충돌·여권 분열… 李 인적 쇄신으로 돌파구 찾나,"“개혁 저절로 안돼… 국민 참여 필요” 정책·비서실장 인선 곧 단행할 듯 ‘내란 특수본’ 구성 지시할 가능성도 靑, 유시민 겨냥 “檢 개혁 의지 왜곡” “트럼 …",https://n.news.naver.com/mnews/article/081/0003683776,2026-09-28T05:02:00+09:00,,3면,
서울신문,naver_paper,,"AI·항공우주부터 라면까지… K산업, 중남미 시장 키운다",,https://n.news.naver.com/mnews/article/081/0003683775,2026-09-28T05:02:00+09:00,,3면,
서울신문,naver_paper,,"경찰, 기업·금융범죄 등 ‘전문성’ 과제… 외부 개입 막아 ‘중립성’ 지켜라","경찰의 수사 권한이 커지면서 역량과 중립성을 확보하는 것이 주요 과제로 떠오르고 있다. 수사 전문성이 뒷받침되지 않으면 기업·금융범죄 등 복잡한 대형 사건에 제대로 대응하기 어렵고, 중요 사건의 지 …",https://n.news.naver.com/mnews/article/081/0003683778,2026-09-28T05:02:00+09:00,,4면,
서울신문,naver_paper,,"고소·고발은 경찰에, ‘7대 범죄’는 중수청… 경찰 불송치 결정엔 이의신청 가능해요",,https://n.news.naver.com/mnews/article/081/0003683777,2026-09-28T05:02:00+09:00,,4면,
서울신문,naver_paper,,"정부, 北포로 송환 공개에 유감 표명… 우크라 내부도 “정치쇼”",,https://n.news.naver.com/mnews/article/081/0003683779,2026-09-28T05:02:00+09:00,,5면,
서울신문,naver_paper,,북러 밀착 과시하는 김정은… “방러 일정 조율 중”,,https://n.news.naver.com/mnews/article/081/0003683780,2026-09-28T05:02:00+09:00,,6면,
서울신문,naver_paper,,추석 밥상 달군 ‘농지 전쟁’… 與 “죄송스럽다” 野 “수탈 멈춰라”,"민주당, 농민 불안감 달래기 주력 野 “서민·청년 인내심 한계” 맹공 여야는 연휴 마지막 날인 27일 추석 명절 청취한 엇갈린 민심을 전하며 정국 주도권 경쟁 …",https://n.news.naver.com/mnews/article/081/0003683782,2026-09-28T05:02:00+09:00,,8면,
서울신문,naver_paper,,與 “정치판 선 조희대”… 野 “청와대 ‘양김’ 나와라”,,https://n.news.naver.com/mnews/article/081/0003683781,2026-09-28T05:02:00+09:00,,8면,
서울신문,naver_paper,,“부캉이 보며 다시 웃어”… 일상 속 힐링 ‘동물 팬덤’,푸바오·늑구 이어 특정 동물에 관심 취업·경쟁 벗어나 정서적 위안 얻어 ‘부캉이’ 출몰 기후변화 징후 지적도 부산에 사는 직장인 박서휘(33)씨는 추석 연휴 …,https://n.news.naver.com/mnews/article/081/0003683755,2026-09-27T20:06:00+09:00,,10면,
서울신문,naver_paper,,"구속기간 최대 6개월… 강선우·김경 석방, 법조계 “새 형소법체제 상한선 더 늘려야”",,https://n.news.naver.com/mnews/article/081/0003683785,2026-09-28T05:02:00+09:00,,10면,
서울신문,naver_paper,,‘서해 공무원 월북 판단’ 해경 간부들… 법원 “직위해제 취소”,,https://n.news.naver.com/mnews/article/081/0003683783,2026-09-28T05:02:00+09:00,,10면,
서울신문,naver_paper,,중식당 ‘시진핑’에 테러… 중국인 4명 범행 당일 출국,,https://n.news.naver.com/mnews/article/081/0003683784,2026-09-28T05:02:00+09:00,,10면,
서울신문,naver_paper,,짧았던 추석연휴… 귀경객 아쉬운 발걸음,,https://n.news.naver.com/mnews/article/081/0003683786,2026-09-28T05:02:00+09:00,,10면,
서울신문,naver_paper,,여자 ‘음주’ 남자 ‘당뇨’… 건강 적신호,,https://n.news.naver.com/mnews/article/081/0003683787,2026-09-28T05:02:00+09:00,,10면,
서울신문,naver_paper,,"외국 정부까지 침투 시도… “AI, 악용 땐 10억명 죽을 수도”","오픈AI 에이전트, 호주 기관 접근 차단 명령 거부하며 다른 길 찾아 챗GPT회원 이미지 53장도 유출 ‘소버린 AI’ 역량 확보 목소리 커져 빌 게이츠 “전 …",https://n.news.naver.com/mnews/article/081/0003683822,2026-09-28T05:04:00+09:00,,B1면,
서울신문,naver_paper,,"“여보, 억대 성과급 챙겨야지”… 삼전닉스 육아휴직률 첫 동반 하락",,https://n.news.naver.com/mnews/article/081/0003683754,2026-09-27T20:06:00+09:00,,B1면,
서울신문,naver_paper,,"美 ESS ‘1TWh 시대’ 막오른다… K배터리, EV라인 전환에 ‘올인’",인공지능(AI) 데이터센터 확산으로 전력 수요가 급증하면서 미국 에너지저장장치(ESS) 시장이 2032년 1TWh(테라와트시) 목표를 향해 빠르게 커지고 있다 …,https://n.news.naver.com/mnews/article/081/0003683825,2026-09-28T05:04:00+09:00,,B2면,
서울신문,naver_paper,,"갤럭시 폴드8, 유럽 5개국 소비자 평가서 1위",,https://n.news.naver.com/mnews/article/081/0003683823,2026-09-28T05:04:00+09:00,,B2면,
서울신문,naver_paper,,하이브리드 타고 질주한 현대차… 美서 포드 첫 추월하고 톱3 전망,,https://n.news.naver.com/mnews/article/081/0003683824,2026-09-28T05:04:00+09:00,,B2면,
서울신문,naver_paper,,“이 음식 출시해도 될까요?”,,https://n.news.naver.com/mnews/article/081/0003683826,2026-09-28T05:04:00+09:00,,B2면,
서울신문,naver_paper,,서울 아파트 전세 8268만원 상승… 강남 집값은 ‘추풍낙엽’,서울 아파트 평균 전세보증금이 2년 새 8268만원 올라 약 6억 3663만원으로 역대 최고치를 기록했다. 2년 전 전세계약을 맺은 세입자가 비슷한 조건의 전 …,https://n.news.naver.com/mnews/article/081/0003683830,2026-09-28T05:04:00+09:00,,B3면,
서울신문,naver_paper,,뻥 뚫린 내 정보… 6년간 1억 4000만건 유출됐다,,https://n.news.naver.com/mnews/article/081/0003683827,2026-09-28T05:04:00+09:00,,B3면,
서울신문,naver_paper,,"LG전자, 엔비디아 공식 파트너 선정… AI 데이터센터 냉각 시장 공략 속도",,https://n.news.naver.com/mnews/article/081/0003683828,2026-09-28T05:04:00+09:00,,B3면,
서울신문,naver_paper,,서울 강남 노른자땅 ‘주택 공급 속도’… 서리풀1지구 내년 보상·2028년 착공,,https://n.news.naver.com/mnews/article/081/0003683829,2026-09-28T05:04:00+09:00,,B3면,
서울신문,naver_paper,,반도체 호황에 올해 세수 465조… 미래대응기금 200조 넘을 듯,법인세 등 초과 세수 50조 웃돌아 4년 만에 세입 최대 기록 세울 듯 미래기금 162조원서 늘어날 전망 올해 역대 최대 규모인 465조원 수준의 세수가 걷힐 것으로 전망된다. 반도체 수출 호황으로 …,https://n.news.naver.com/mnews/article/081/0003683832,2026-09-28T05:05:00+09:00,,B4면,
서울신문,naver_paper,,수출·내수 동반 호조… 4분기 제조업 경기 전망 개선,,https://n.news.naver.com/mnews/article/081/0003683831,2026-09-28T05:04:00+09:00,,B4면,
서울신문,naver_paper,,美·이란 협상 결렬에 금융시장 또 긴장,,https://n.news.naver.com/mnews/article/081/0003683833,2026-09-28T05:05:00+09:00,,B4면,
서울신문,naver_paper,,박스권 갇힌 증시… 예금으로 ‘역 머니무브’,,https://n.news.naver.com/mnews/article/081/0003683834,2026-09-28T05:05:00+09:00,,B4면,
서울신문,naver_paper,,빵·카드 찾아 오픈런… 성지 등극한 ‘팬의점’,,https://n.news.naver.com/mnews/article/081/0003683835,2026-09-28T05:05:00+09:00,,B4면,
서울신문,naver_paper,,이름값 떼고 원팀 일냈다… 시스템 K농구 ‘전성시대’,"여자 대표팀, 일본에 75-70 승리간판급 박지수·박지현 없이 우승프로 경력 없는 박수호 감독 성과남자팀 마줄스 ‘시스템 로테이션’“우리만의 농구 띄우기 노력 …",https://n.news.naver.com/mnews/article/081/0003683838,2026-09-28T05:05:00+09:00,,B6면,
서울신문,naver_paper,,빚 갚은 여자 핸드볼 … 일본 꺾고 8년 만에 아시아 정상 탈환,,https://n.news.naver.com/mnews/article/081/0003683836,2026-09-28T05:05:00+09:00,,B6면,
서울신문,naver_paper,,"사브르 남녀 검객들, 일본 안방에서 ‘금빛 칼춤’",,https://n.news.naver.com/mnews/article/081/0003683837,2026-09-28T05:05:00+09:00,,B6면,
서울신문,naver_paper,,김도영에겐 ‘약속의 8회’가 있었다…한국 야구 日 꺾고 아시안게임 金,대한민국 야구 대표팀 선수들이 27일 일본 도요하시 시민구장에서 열린 2026 아이치·나고야 아시안게임 야구 결승에서 일본을 3-1로 꺾은 뒤 셀카를 찍으며 …,https://n.news.naver.com/mnews/article/081/0003683840,2026-09-28T05:05:00+09:00,,B7면,
서울신문,naver_paper,,팀코리아 金 40개·3위 정조준… 이제 양궁·태권도 ‘금맥’ 캔다,,https://n.news.naver.com/mnews/article/081/0003683839,2026-09-28T05:05:00+09:00,,B7면,
서울신문,naver_paper,,‘17세 스케이트보더’ 강준이 날고… 남동헌 ‘12년 만에 승마 정상’ 올랐다,,https://n.news.naver.com/mnews/article/081/0003683841,2026-09-28T05:05:00+09:00,,B7면,
서울신문,naver_paper,,‘DMZ 폭발’ 현장도 못 봤다,추가 폭발 우려 근접 지역서 멈춰 靑 “은폐 절대 있을 수 없다” 강조 폭발 지점까지 도달 못해 軍 “차후 추가 조사 시행” 합동참모본부와 유엔군사령부 군사정 …,https://n.news.naver.com/mnews/article/081/0003683772,2026-09-28T05:02:00+09:00,,1면,
서울신문,naver_paper,,수장 공백 속 출범 앞둔 중수청… 간판만 ‘한국형 FBI’ 우려,,https://n.news.naver.com/mnews/article/081/0003683773,2026-09-28T05:02:00+09:00,,1면,
서울신문,naver_paper,,"트럼프와 시진핑, 친분만 과시했다",,https://n.news.naver.com/mnews/article/081/0003683774,2026-09-28T05:02:00+09:00,,1면,
서울신문,naver_paper,,멕시코 K팝 팬덤 150명 ‘칼군무’… 李부부 손가락 하트로 응원,,https://n.news.naver.com/mnews/article/081/0003683762,2026-09-27T20:50:00+09:00,,2면,
서울신문,naver_paper,,조희대 충돌·여권 분열… 李 인적 쇄신으로 돌파구 찾나,"“개혁 저절로 안돼… 국민 참여 필요” 정책·비서실장 인선 곧 단행할 듯 ‘내란 특수본’ 구성 지시할 가능성도 靑, 유시민 겨냥 “檢 개혁 의지 왜곡” “트럼 …",https://n.news.naver.com/mnews/article/081/0003683776,2026-09-28T05:02:00+09:00,,3면,
서울신문,naver_paper,,"AI·항공우주부터 라면까지… K산업, 중남미 시장 키운다",,https://n.news.naver.com/mnews/article/081/0003683775,2026-09-28T05:02:00+09:00,,3면,
서울신문,naver_paper,,"경찰, 기업·금융범죄 등 ‘전문성’ 과제… 외부 개입 막아 ‘중립성’ 지켜라","경찰의 수사 권한이 커지면서 역량과 중립성을 확보하는 것이 주요 과제로 떠오르고 있다. 수사 전문성이 뒷받침되지 않으면 기업·금융범죄 등 복잡한 대형 사건에 제대로 대응하기 어렵고, 중요 사건의 지 …",https://n.news.naver.com/mnews/article/081/0003683778,2026-09-28T05:02:00+09:00,,4면,
서울신문,naver_paper,,"고소·고발은 경찰에, ‘7대 범죄’는 중수청… 경찰 불송치 결정엔 이의신청 가능해요",,https://n.news.naver.com/mnews/article/081/0003683777,2026-09-28T05:02:00+09:00,,4면,
서울신문,naver_paper,,"정부, 北포로 송환 공개에 유감 표명… 우크라 내부도 “정치쇼”",,https://n.news.naver.com/mnews/article/081/0003683779,2026-09-28T05:02:00+09:00,,5면,
서울신문,naver_paper,,북러 밀착 과시하는 김정은… “방러 일정 조율 중”,,https://n.news.naver.com/mnews/article/081/0003683780,2026-09-28T05:02:00+09:00,,6면,
서울신문,naver_paper,,추석 밥상 달군 ‘농지 전쟁’… 與 “죄송스럽다” 野 “수탈 멈춰라”,"민주당, 농민 불안감 달래기 주력 野 “서민·청년 인내심 한계” 맹공 여야는 연휴 마지막 날인 27일 추석 명절 청취한 엇갈린 민심을 전하며 정국 주도권 경쟁 …",https://n.news.naver.com/mnews/article/081/0003683782,2026-09-28T05:02:00+09:00,,8면,
서울신문,naver_paper,,與 “정치판 선 조희대”… 野 “청와대 ‘양김’ 나와라”,,https://n.news.naver.com/mnews/article/081/0003683781,2026-09-28T05:02:00+09:00,,8면,
서울신문,naver_paper,,“부캉이 보며 다시 웃어”… 일상 속 힐링 ‘동물 팬덤’,푸바오·늑구 이어 특정 동물에 관심 취업·경쟁 벗어나 정서적 위안 얻어 ‘부캉이’ 출몰 기후변화 징후 지적도 부산에 사는 직장인 박서휘(33)씨는 추석 연휴 …,https://n.news.naver.com/mnews/article/081/0003683755,2026-09-27T20:06:00+09:00,,10면,
서울신문,naver_paper,,"구속기간 최대 6개월… 강선우·김경 석방, 법조계 “새 형소법체제 상한선 더 늘려야”",,https://n.news.naver.com/mnews/article/081/0003683785,2026-09-28T05:02:00+09:00,,10면,
서울신문,naver_paper,,‘서해 공무원 월북 판단’ 해경 간부들… 법원 “직위해제 취소”,,https://n.news.naver.com/mnews/article/081/0003683783,2026-09-28T05:02:00+09:00,,10면,
서울신문,naver_paper,,중식당 ‘시진핑’에 테러… 중국인 4명 범행 당일 출국,,https://n.news.naver.com/mnews/article/081/0003683784,2026-09-28T05:02:00+09:00,,10면,
서울신문,naver_paper,,짧았던 추석연휴… 귀경객 아쉬운 발걸음,,https://n.news.naver.com/mnews/article/081/0003683786,2026-09-28T05:02:00+09:00,,10면,
서울신문,naver_paper,,여자 ‘음주’ 남자 ‘당뇨’… 건강 적신호,,https://n.news.naver.com/mnews/article/081/0003683787,2026-09-28T05:02:00+09:00,,10면,
서울신문,naver_paper,,‘DMZ 폭발’ 현장도 못 봤다,추가 폭발 우려 근접 지역서 멈춰 靑 “은폐 절대 있을 수 없다” 강조 폭발 지점까지 도달 못해 軍 “차후 추가 조사 시행” 합동참모본부와 유엔군사령부 군사정 …,https://n.news.naver.com/mnews/article/081/0003683772,2026-09-28T05:02:00+09:00,,1면,
서울신문,naver_paper,,수장 공백 속 출범 앞둔 중수청… 간판만 ‘한국형 FBI’ 우려,,https://n.news.naver.com/mnews/article/081/0003683773,2026-09-28T05:02:00+09:00,,1면,
서울신문,naver_paper,,"트럼프와 시진핑, 친분만 과시했다",,https://n.news.naver.com/mnews/article/081/0003683774,2026-09-28T05:02:00+09:00,,1면,
서울신문,naver_paper,,멕시코 K팝 팬덤 150명 ‘칼군무’… 李부부 손가락 하트로 응원,,https://n.news.naver.com/mnews/article/081/0003683762,2026-09-27T20:50:00+09:00,,2면,
서울신문,naver_paper,,조희대 충돌·여권 분열… 李 인적 쇄신으로 돌파구 찾나,"“개혁 저절로 안돼… 국민 참여 필요” 정책·비서실장 인선 곧 단행할 듯 ‘내란 특수본’ 구성 지시할 가능성도 靑, 유시민 겨냥 “檢 개혁 의지 왜곡” “트럼 …",https://n.news.naver.com/mnews/article/081/0003683776,2026-09-28T05:02:00+09:00,,3면,
서울신문,naver_paper,,"AI·항공우주부터 라면까지… K산업, 중남미 시장 키운다",,https://n.news.naver.com/mnews/article/081/0003683775,2026-09-28T05:02:00+09:00,,3면,
서울신문,naver_paper,,"경찰, 기업·금융범죄 등 ‘전문성’ 과제… 외부 개입 막아 ‘중립성’ 지켜라","경찰의 수사 권한이 커지면서 역량과 중립성을 확보하는 것이 주요 과제로 떠오르고 있다. 수사 전문성이 뒷받침되지 않으면 기업·금융범죄 등 복잡한 대형 사건에 제대로 대응하기 어렵고, 중요 사건의 지 …",https://n.news.naver.com/mnews/article/081/0003683778,2026-09-28T05:02:00+09:00,,4면,
서울신문,naver_paper,,"고소·고발은 경찰에, ‘7대 범죄’는 중수청… 경찰 불송치 결정엔 이의신청 가능해요",,https://n.news.naver.com/mnews/article/081/0003683777,2026-09-28T05:02:00+09:00,,4면,
서울신문,naver_paper,,"정부, 北포로 송환 공개에 유감 표명… 우크라 내부도 “정치쇼”",,https://n.news.naver.com/mnews/article/081/0003683779,2026-09-28T05:02:00+09:00,,5면,
서울신문,naver_paper,,북러 밀착 과시하는 김정은… “방러 일정 조율 중”,,https://n.news.naver.com/mnews/article/081/0003683780,2026-09-28T05:02:00+09:00,,6면,
서울신문,naver_paper,,추석 밥상 달군 ‘농지 전쟁’… 與 “죄송스럽다” 野 “수탈 멈춰라”,"민주당, 농민 불안감 달래기 주력 野 “서민·청년 인내심 한계” 맹공 여야는 연휴 마지막 날인 27일 추석 명절 청취한 엇갈린 민심을 전하며 정국 주도권 경쟁 …",https://n.news.naver.com/mnews/article/081/0003683782,2026-09-28T05:02:00+09:00,,8면,
서울신문,naver_paper,,與 “정치판 선 조희대”… 野 “청와대 ‘양김’ 나와라”,,https://n.news.naver.com/mnews/article/081/0003683781,2026-09-28T05:02:00+09:00,,8면,
서울신문,naver_paper,,“부캉이 보며 다시 웃어”… 일상 속 힐링 ‘동물 팬덤’,푸바오·늑구 이어 특정 동물에 관심 취업·경쟁 벗어나 정서적 위안 얻어 ‘부캉이’ 출몰 기후변화 징후 지적도 부산에 사는 직장인 박서휘(33)씨는 추석 연휴 …,https://n.news.naver.com/mnews/article/081/0003683755,2026-09-27T20:06:00+09:00,,10면,
서울신문,naver_paper,,"구속기간 최대 6개월… 강선우·김경 석방, 법조계 “새 형소법체제 상한선 더 늘려야”",,https://n.news.naver.com/mnews/article/081/0003683785,2026-09-28T05:02:00+09:00,,10면,
서울신문,naver_paper,,‘서해 공무원 월북 판단’ 해경 간부들… 법원 “직위해제 취소”,,https://n.news.naver.com/mnews/article/081/0003683783,2026-09-28T05:02:00+09:00,,10면,
서울신문,naver_paper,,중식당 ‘시진핑’에 테러… 중국인 4명 범행 당일 출국,,https://n.news.naver.com/mnews/article/081/0003683784,2026-09-28T05:02:00+09:00,,10면,
서울신문,naver_paper,,짧았던 추석연휴… 귀경객 아쉬운 발걸음,,https://n.news.naver.com/mnews/article/081/0003683786,2026-09-28T05:02:00+09:00,,10면,
서울신문,naver_paper,,여자 ‘음주’ 남자 ‘당뇨’… 건강 적신호,,https://n.news.naver.com/mnews/article/081/0003683787,2026-09-28T05:02:00+09:00,,10면,
세계일보,naver_paper,,수장도 시스템도 없이 사건 2168건 대이동,,https://n.news.naver.com/mnews/article/022/0004162091,2026-09-27T17:47:00+09:00,,A1면,
세계일보,naver_paper,,아시안 게임서 쏟아진 금메달로 풍성해진 한가위,,https://n.news.naver.com/mnews/article/022/0004162095,2026-09-27T18:17:00+09:00,,A1면,
세계일보,naver_paper,,"트럼프·시진핑, 빅딜 없었다… ‘北 비핵화’ 언급도 빠져",,https://n.news.naver.com/mnews/article/022/0004162088,2026-09-27T17:32:00+09:00,,A1면,
세계일보,naver_paper,,DMZ 지뢰사고 이르면 주중 1차 조사 결과,,https://n.news.naver.com/mnews/article/022/0004162093,2026-09-27T18:02:00+09:00,,A1면,
세계일보,naver_paper,,고향의 정 안고… 다시 일상으로,,https://n.news.naver.com/mnews/article/022/0004162151,2026-09-27T23:12:00+09:00,,A1면,
세계일보,naver_paper,,DMZ 지뢰사고 현장조사… 폭발 지점엔 도달 못해,,https://n.news.naver.com/mnews/article/022/0004162174,2026-09-28T06:02:00+09:00,,A1면,
세계일보,naver_paper,,"추진 땐 재정 악화, 접자니 매몰비 책임… 애물단지된 트램 [심층기획-지자체 트램 딜레마]",,https://n.news.naver.com/mnews/article/022/0004162177,2026-09-28T06:02:00+09:00,,A2면,
세계일보,naver_paper,,‘지하철 4분의 1’이라던 사업비… 이설하고 터널 뚫으면 천정부지 [심층기획-지자체 트램 딜레마],,https://n.news.naver.com/mnews/article/022/0004162197,2026-09-28T06:04:00+09:00,,A2면,
세계일보,naver_paper,,習에 마린원 보여주며 스킨십 ‘이례적 환대’ [막 내린 美·中 정상회담],,https://n.news.naver.com/mnews/article/022/0004162103,2026-09-27T18:47:00+09:00,,A3면,
세계일보,naver_paper,,"美 ‘희토류’ 띄웠지만, 中은 발표서 제외… 핵심 현안 온도 차 [막 내린 美·中 정상회담]",,https://n.news.naver.com/mnews/article/022/0004162100,2026-09-27T18:32:00+09:00,,A3면,
세계일보,naver_paper,,트럼프 “中은 2차대전 동맹” 강조… 日 당혹 [막 내린 美·中 정상회담],,https://n.news.naver.com/mnews/article/022/0004162105,2026-09-27T19:02:00+09:00,,A3면,
세계일보,naver_paper,,李 “농지 전수조사 할 일은 할 것”… 吳 “실거주 이어 실경작에 집착”,,https://n.news.naver.com/mnews/article/022/0004162097,2026-09-27T18:25:00+09:00,,A4면,
세계일보,naver_paper,,야권 공세 확장 속 내부 반발 덮쳐… 고심 깊은 與,,https://n.news.naver.com/mnews/article/022/0004162101,2026-09-27T18:39:00+09:00,,A4면,
세계일보,naver_paper,,지뢰사고 공방 격화… 野 “고의지연 땐 탄핵 사유” 與 “음모론”,,https://n.news.naver.com/mnews/article/022/0004162104,2026-09-27T18:55:00+09:00,,A4면,
세계일보,naver_paper,,與 “야당 공세는 정쟁” 野 “국민 폭발 직전”… ‘아전인수’ 민심 해석,,https://n.news.naver.com/mnews/article/022/0004162094,2026-09-27T18:09:00+09:00,,A4면,
세계일보,naver_paper,,우크라 ‘北 포로송환 공개’ 논란에… 靑 “일관된 원칙 대응”,,https://n.news.naver.com/mnews/article/022/0004162096,2026-09-27T18:22:00+09:00,,A5면,
세계일보,naver_paper,,인사·사법 현안에 여권 내홍 수습까지… 돌아온 李 난제 산적,,https://n.news.naver.com/mnews/article/022/0004162185,2026-09-28T06:03:00+09:00,,A5면,
세계일보,naver_paper,,"트럼프, 기조연설도 미루고 李와 회담 연장",,https://n.news.naver.com/mnews/article/022/0004162198,2026-09-28T06:04:00+09:00,,A5면,
세계일보,naver_paper,,‘삼전닉스’ 육아휴직 동시 줄었다…역대급 억대 성과급 기대감 고조,,https://n.news.naver.com/mnews/article/022/0004162181,2026-09-28T06:03:00+09:00,,A6면,
세계일보,naver_paper,,[단독] 국가 하천 편입토지 보상 지급 늦어져… 지연이자만 4년간 53억원 ‘혈세 줄줄’,,https://n.news.naver.com/mnews/article/022/0004162081,2026-09-27T17:01:00+09:00,,A6면,
세계일보,naver_paper,,"85주째 오른 서울 아파트… 무주택자, 사기도 버티기도 어렵다",,https://n.news.naver.com/mnews/article/022/0004162102,2026-09-27T18:42:00+09:00,,A6면,
세계일보,naver_paper,,반도체 호황 초과세수 50조+α… 미래대응기금 ‘200조’ 가능성,,https://n.news.naver.com/mnews/article/022/0004162179,2026-09-28T06:03:00+09:00,,A6면,
세계일보,naver_paper,,‘국힘 397억 반환’ 걸린 尹 선거법 항소심 29일 결심,,https://n.news.naver.com/mnews/article/022/0004162110,2026-09-27T19:32:00+09:00,,A8면,
세계일보,naver_paper,,"경찰 통합수사팀 사건 수, 지역별 최대 7배차",,https://n.news.naver.com/mnews/article/022/0004162109,2026-09-27T19:22:00+09:00,,A8면,
세계일보,naver_paper,,미성년자에 성착취 대화 걸었다… 위장수사에 딱 걸렸다,,https://n.news.naver.com/mnews/article/022/0004162106,2026-09-27T19:02:00+09:00,,A8면,
세계일보,naver_paper,,“임신중지약 판매사이트 차단법 합헌”,,https://n.news.naver.com/mnews/article/022/0004162107,2026-09-27T19:12:00+09:00,,A8면,
세계일보,naver_paper,,여주 자원순환시설 화재… 인명 피해는 없어,,https://n.news.naver.com/mnews/article/022/0004162152,2026-09-27T23:14:00+09:00,,A8면,
세계일보,naver_paper,,“상어 ‘부캉이’ 보자”… 연휴에도 ‘오픈런’,,https://n.news.naver.com/mnews/article/022/0004162122,2026-09-27T20:02:00+09:00,,A9면,
세계일보,naver_paper,,[단독] 건강기능식품 이상사례 신고 증상별 분류에서 2025년 5250건 최다,,https://n.news.naver.com/mnews/article/022/0004162083,2026-09-27T17:06:00+09:00,,A9면,
세계일보,naver_paper,,"[28일의 날씨] ""우산 챙기세요""",,https://n.news.naver.com/mnews/article/022/0004162098,2026-09-27T18:26:00+09:00,,A9면,
세계일보,naver_paper,,[단독] 장애부모 자녀 언어 지원사업 ‘헛바퀴’,,https://n.news.naver.com/mnews/article/022/0004162082,2026-09-27T17:06:00+09:00,,A9면,
세계일보,naver_paper,,‘그냥드림’ 온정… 복지 빈틈 채운다,,https://n.news.naver.com/mnews/article/022/0004162113,2026-09-27T19:42:00+09:00,,A9면,
세계일보,naver_paper,,전공의 복귀에도… 피부과는 일반의 늘어,,https://n.news.naver.com/mnews/article/022/0004162116,2026-09-27T19:52:00+09:00,,A9면,
세계일보,naver_paper,,한가위 꼬마 장사… 모래판 대결,,https://n.news.naver.com/mnews/article/022/0004162150,2026-09-27T23:12:00+09:00,,A10면,
세계일보,naver_paper,,어두웠던 교량·고가도로 하부 ‘야간 명소’ 변신,,https://n.news.naver.com/mnews/article/022/0004162169,2026-09-28T06:02:00+09:00,,A10면,
세계일보,naver_paper,,전남광주 통합 공무원시험 ‘거주지 제한’ 없앤다,,https://n.news.naver.com/mnews/article/022/0004162170,2026-09-28T06:02:00+09:00,,A10면,
세계일보,naver_paper,,서울지하철역 이름 판매 누적 수익 280억,,https://n.news.naver.com/mnews/article/022/0004162172,2026-09-28T06:02:00+09:00,,A10면,
세계일보,naver_paper,,"재난 비상 속 예보는 패스하고, 해외 견학까지… ‘근무태만’ 공무원 24명 적발",,https://n.news.naver.com/mnews/article/022/0004162175,2026-09-28T06:02:00+09:00,,A10면,
세계일보,naver_paper,,"최동민 동대문구청장 “전통시장 ‘글로벌 K마켓’ 육성… 동대문구, K문화 거점 만들 것” [서울 구청장에 묻다]",,https://n.news.naver.com/mnews/article/022/0004162180,2026-09-28T06:03:00+09:00,,A10면,
세계일보,naver_paper,,전북 14개 시·군 ‘올인원 관광’ 시대,,https://n.news.naver.com/mnews/article/022/0004162188,2026-09-28T06:04:00+09:00,,A10면,
세계일보,naver_paper,,배차 늘리고 환승 혜택 키웠더니…구미 시내버스 이용객 22% ‘껑충’,,https://n.news.naver.com/mnews/article/022/0004162189,2026-09-28T06:04:00+09:00,,A10면,
세계일보,naver_paper,,"40년 묵은 천안 서곡지구, 시민 품으로 돌아오나",,https://n.news.naver.com/mnews/article/022/0004162192,2026-09-28T06:04:00+09:00,,A10면,
세계일보,naver_paper,,충무로·명동 일대서 맞춤형 ‘골목 축제’,,https://n.news.naver.com/mnews/article/022/0004162193,2026-09-28T06:04:00+09:00,,A10면,
세계일보,naver_paper,,경기 초중고생 1만명 ‘폰프리 100일’ 도전,,https://n.news.naver.com/mnews/article/022/0004162194,2026-09-28T06:04:00+09:00,,A10면,
세계일보,naver_paper,,태백 산란계 사육농장 추진에 삼척 “악취·식수원 오염”… 이웃 간 갈등 심화,,https://n.news.naver.com/mnews/article/022/0004162196,2026-09-28T06:04:00+09:00,,A10면,
세계일보,naver_paper,,이란 평화안 거부한 트럼프… 종전 희망 다시 먹구름 속으로,,https://n.news.naver.com/mnews/article/022/0004162108,2026-09-27T19:17:00+09:00,,A12면,
세계일보,naver_paper,,교황 18년 만에 프랑스 방문… 80만 운집 야외 미사,,https://n.news.naver.com/mnews/article/022/0004162115,2026-09-27T19:47:00+09:00,,A12면,
세계일보,naver_paper,,추락 악몽 보잉 737맥스機 또 SW 결함,,https://n.news.naver.com/mnews/article/022/0004162178,2026-09-28T06:02:00+09:00,,A12면,
세계일보,naver_paper,공정위,공정위는 퇴직자도 잘나가네… 10년간 86명 10대 로펌行,,https://n.news.naver.com/mnews/article/022/0004162128,2026-09-27T20:32:00+09:00,,A14면,
세계일보,naver_paper,,2026년 재테크 수단별 성적표 보니… ‘코스피200 ETF’가 은행 정기예금 40.6배로 1위,,https://n.news.naver.com/mnews/article/022/0004162121,2026-09-27T20:02:00+09:00,,A14면,
세계일보,naver_paper,,엔화 스테이블코인 JPYC 상당수 비싸게 매수 평가손,,https://n.news.naver.com/mnews/article/022/0004162124,2026-09-27T20:17:00+09:00,,A14면,
세계일보,naver_paper,,차기 은행연합회장 윤종규·윤종원·박종복 ‘3파전’,,https://n.news.naver.com/mnews/article/022/0004162131,2026-09-27T20:47:00+09:00,,A14면,
세계일보,naver_paper,,은행 갈아타기 대출 금리 신규보다 높아 효과 의문 [경제 레이더],,https://n.news.naver.com/mnews/article/022/0004162158,2026-09-28T05:02:00+09:00,,A14면,
세계일보,naver_paper,,[이코노 브리핑] 농협금융 ‘건강증진형 상품’ 5종 선봬 외,,https://n.news.naver.com/mnews/article/022/0004162159,2026-09-28T05:02:00+09:00,,A14면,
세계일보,naver_paper,,"환율 하락·AI 속도조절론 뚫고… K반도체, 3Q 성적표도 ‘A+’",,https://n.news.naver.com/mnews/article/022/0004162134,2026-09-27T21:02:00+09:00,,A15면,
세계일보,naver_paper,,흥겨운 전통문화 공연… 즐거운 한가위 연휴,,https://n.news.naver.com/mnews/article/022/0004162153,2026-09-27T23:15:00+09:00,,A15면,
세계일보,naver_paper,,[경제 단신] 뉴 팰리세이드 질주… 판매량 30만대 눈앞 외,,https://n.news.naver.com/mnews/article/022/0004162162,2026-09-28T05:02:00+09:00,,A15면,
세계일보,naver_paper,,中 BYD 거센 추격… 전기차 시장 경쟁 격화,,https://n.news.naver.com/mnews/article/022/0004162173,2026-09-28T06:02:00+09:00,,A15면,
세계일보,naver_paper,,"한화에어로, ‘학력·나이 제한’ 경력채용 지침 사과",,https://n.news.naver.com/mnews/article/022/0004162176,2026-09-28T06:02:00+09:00,,A15면,
세계일보,naver_paper,,"갤Z8 시리즈, 유럽서도 “최고 폴더블”",,https://n.news.naver.com/mnews/article/022/0004162184,2026-09-28T06:03:00+09:00,,A15면,
세계일보,naver_paper,,여러 AI가 협업… KT ‘에이전틱 온’ 출시,,https://n.news.naver.com/mnews/article/022/0004162191,2026-09-28T06:04:00+09:00,,A15면,
세계일보,naver_paper,,경기호전 전망에도… 제조업 60% “올 장사 못했다”,,https://n.news.naver.com/mnews/article/022/0004162195,2026-09-28T06:04:00+09:00,,A15면,
세계일보,naver_paper,,‘어펜져스’ 맏형의 드라마… 사브르 4연패 찔렀다 [2026 아이치 나고야 아시안게임],,https://n.news.naver.com/mnews/article/022/0004162120,2026-09-27T20:02:00+09:00,,A20면,
세계일보,naver_paper,,"황서현, 40년만에 평균대 金… “룸메 서정언니 기운 받아” [2026 아이치 나고야 아시안게임]",,https://n.news.naver.com/mnews/article/022/0004162123,2026-09-27T20:12:00+09:00,,A20면,
세계일보,naver_paper,,"남동헌, 12년 만에 마장마술 금맥이었다 [2026 아이치 나고야 아시안게임]",,https://n.news.naver.com/mnews/article/022/0004162125,2026-09-27T20:22:00+09:00,,A20면,
세계일보,naver_paper,,“선수촌도 못 써… 깡으로 훈련”… 2관왕 카누 ‘눈물 젖은 금메달’ [2026 아이치 나고야 아시안게임],,https://n.news.naver.com/mnews/article/022/0004162129,2026-09-27T20:32:00+09:00,,A20면,
세계일보,naver_paper,,"‘17세 강심장’ 강준이, 두 번 실패 후 금빛 트릭 [2026 아이치 나고야 아시안게임]",,https://n.news.naver.com/mnews/article/022/0004162183,2026-09-28T06:03:00+09:00,,A20면,
세계일보,naver_paper,,韓농구 ‘황금세대’ 만리장성·후지산 넘었다 [2026 아이치 나고야 아시안게임],,https://n.news.naver.com/mnews/article/022/0004162130,2026-09-27T20:42:00+09:00,,A21면,
세계일보,naver_paper,,"남미 강호 우루과이 ‘정조준’… 모레노號, 28일 2연승 사냥",,https://n.news.naver.com/mnews/article/022/0004162133,2026-09-27T20:52:00+09:00,,A21면,
세계일보,naver_paper,,日 안방서 통쾌한 설욕전… 女핸드볼 ‘어게인 우생순’ [2026 아이치 나고야 아시안게임],,https://n.news.naver.com/mnews/article/022/0004162147,2026-09-27T22:13:00+09:00,,A21면,
세계일보,naver_paper,,비파·마두금… 경계 허문 국악관현악축제,,https://n.news.naver.com/mnews/article/022/0004162112,2026-09-27T19:39:00+09:00,,A22면,
세계일보,naver_paper,,‘암살자(들)’ 추석 연휴 극장가 흥행몰이,,https://n.news.naver.com/mnews/article/022/0004162117,2026-09-27T19:55:00+09:00,,A22면,
세계일보,naver_paper,,“물 재해 양상 달라져… 손실 줄일 대응체계 시급” [차 한잔 나누며],,https://n.news.naver.com/mnews/article/022/0004162135,2026-09-27T21:02:00+09:00,,A24면,
세계일보,naver_paper,,“시대를 향한 질문 계속 던질 것”,,https://n.news.naver.com/mnews/article/022/0004162136,2026-09-27T21:22:00+09:00,,A24면,
세계일보,naver_paper,,‘도라 도라…’ 日 마스다 감독 별세,,https://n.news.naver.com/mnews/article/022/0004162137,2026-09-27T21:42:00+09:00,,A24면,
세계일보,naver_paper,,"[재미로 보는 오늘의 운세] 9월 28일 (월요일) 60년생, 다 잡은 물고기도 놓친다 하니 조심하세요",,https://n.news.naver.com/mnews/article/022/0004162157,2026-09-28T04:02:00+09:00,,A24면,
세계일보,naver_paper,,"빌 게이츠 “AI, 10억명 사망 초래할 수도”",,https://n.news.naver.com/mnews/article/022/0004162171,2026-09-28T06:02:00+09:00,,A24면,
세계일보,naver_paper,,"‘포항선 열차’ 입양소녀, 46년 만에 부모 찾는다",,https://n.news.naver.com/mnews/article/022/0004162182,2026-09-28T06:03:00+09:00,,A24면,
세계일보,naver_paper,,누가 수지를 때렸어? : 문해력 키우는 《한자어 탐정단》 - 008,,https://n.news.naver.com/mnews/article/022/0004162201,2026-09-28T07:02:00+09:00,,A24면,
세계일보,naver_paper,,[WT논평] Xi’s new mobilization law prepares China for prolonged war(Ⅰ),,https://n.news.naver.com/mnews/article/022/0004162138,2026-09-27T21:59:00+09:00,,A26면,
세계일보,naver_paper,,[김정식칼럼] 경상수지 흑자와 네덜란드병,,https://n.news.naver.com/mnews/article/022/0004162139,2026-09-27T21:59:00+09:00,,A26면,
세계일보,naver_paper,,"[심호섭의전쟁이야기] 자력으로 이길 수 없는 전쟁, 소모전",,https://n.news.naver.com/mnews/article/022/0004162140,2026-09-27T21:59:00+09:00,,A26면,
세계일보,naver_paper,,[특파원리포트] 일본이 말하는 ‘전체 역사’,,https://n.news.naver.com/mnews/article/022/0004162141,2026-09-27T21:59:00+09:00,,A27면,
세계일보,naver_paper,,[설왕설래] 유엔헌장 ‘적국(敵國) 조항’,,https://n.news.naver.com/mnews/article/022/0004162142,2026-09-27T22:00:00+09:00,,A27면,
세계일보,naver_paper,,[사설] ‘조사 지연 논란’ DMZ 지뢰 폭발… 진상 규명 서둘러야,,https://n.news.naver.com/mnews/article/022/0004162143,2026-09-27T22:00:00+09:00,,A27면,
세계일보,naver_paper,,"[사설] 北 포로 데려온 건 잘한 일, 정쟁화 자초는 유감",,https://n.news.naver.com/mnews/article/022/0004162144,2026-09-27T22:00:00+09:00,,A27면,
세계일보,naver_paper,,"[사설] 순방 마치고 ‘내치 시험대’ 앞에 선 李, 핵심은 인사다",,https://n.news.naver.com/mnews/article/022/0004162145,2026-09-27T22:00:00+09:00,,A27면,
세계일보,naver_paper,,수장도 시스템도 없이 사건 2168건 대이동,,https://n.news.naver.com/mnews/article/022/0004162091,2026-09-27T17:47:00+09:00,,A1면,
세계일보,naver_paper,,아시안 게임서 쏟아진 금메달로 풍성해진 한가위,,https://n.news.naver.com/mnews/article/022/0004162095,2026-09-27T18:17:00+09:00,,A1면,
세계일보,naver_paper,,"트럼프·시진핑, 빅딜 없었다… ‘北 비핵화’ 언급도 빠져",,https://n.news.naver.com/mnews/article/022/0004162088,2026-09-27T17:32:00+09:00,,A1면,
세계일보,naver_paper,,DMZ 지뢰사고 이르면 주중 1차 조사 결과,,https://n.news.naver.com/mnews/article/022/0004162093,2026-09-27T18:02:00+09:00,,A1면,
세계일보,naver_paper,,고향의 정 안고… 다시 일상으로,,https://n.news.naver.com/mnews/article/022/0004162151,2026-09-27T23:12:00+09:00,,A1면,
세계일보,naver_paper,,DMZ 지뢰사고 현장조사… 폭발 지점엔 도달 못해,,https://n.news.naver.com/mnews/article/022/0004162174,2026-09-28T06:02:00+09:00,,A1면,
세계일보,naver_paper,,"추진 땐 재정 악화, 접자니 매몰비 책임… 애물단지된 트램 [심층기획-지자체 트램 딜레마]",,https://n.news.naver.com/mnews/article/022/0004162177,2026-09-28T06:02:00+09:00,,A2면,
세계일보,naver_paper,,‘지하철 4분의 1’이라던 사업비… 이설하고 터널 뚫으면 천정부지 [심층기획-지자체 트램 딜레마],,https://n.news.naver.com/mnews/article/022/0004162197,2026-09-28T06:04:00+09:00,,A2면,
세계일보,naver_paper,,習에 마린원 보여주며 스킨십 ‘이례적 환대’ [막 내린 美·中 정상회담],,https://n.news.naver.com/mnews/article/022/0004162103,2026-09-27T18:47:00+09:00,,A3면,
세계일보,naver_paper,,"美 ‘희토류’ 띄웠지만, 中은 발표서 제외… 핵심 현안 온도 차 [막 내린 美·中 정상회담]",,https://n.news.naver.com/mnews/article/022/0004162100,2026-09-27T18:32:00+09:00,,A3면,
세계일보,naver_paper,,트럼프 “中은 2차대전 동맹” 강조… 日 당혹 [막 내린 美·中 정상회담],,https://n.news.naver.com/mnews/article/022/0004162105,2026-09-27T19:02:00+09:00,,A3면,
세계일보,naver_paper,,李 “농지 전수조사 할 일은 할 것”… 吳 “실거주 이어 실경작에 집착”,,https://n.news.naver.com/mnews/article/022/0004162097,2026-09-27T18:25:00+09:00,,A4면,
세계일보,naver_paper,,야권 공세 확장 속 내부 반발 덮쳐… 고심 깊은 與,,https://n.news.naver.com/mnews/article/022/0004162101,2026-09-27T18:39:00+09:00,,A4면,
세계일보,naver_paper,,지뢰사고 공방 격화… 野 “고의지연 땐 탄핵 사유” 與 “음모론”,,https://n.news.naver.com/mnews/article/022/0004162104,2026-09-27T18:55:00+09:00,,A4면,
세계일보,naver_paper,,與 “야당 공세는 정쟁” 野 “국민 폭발 직전”… ‘아전인수’ 민심 해석,,https://n.news.naver.com/mnews/article/022/0004162094,2026-09-27T18:09:00+09:00,,A4면,
세계일보,naver_paper,,우크라 ‘北 포로송환 공개’ 논란에… 靑 “일관된 원칙 대응”,,https://n.news.naver.com/mnews/article/022/0004162096,2026-09-27T18:22:00+09:00,,A5면,
세계일보,naver_paper,,인사·사법 현안에 여권 내홍 수습까지… 돌아온 李 난제 산적,,https://n.news.naver.com/mnews/article/022/0004162185,2026-09-28T06:03:00+09:00,,A5면,
세계일보,naver_paper,,"트럼프, 기조연설도 미루고 李와 회담 연장",,https://n.news.naver.com/mnews/article/022/0004162198,2026-09-28T06:04:00+09:00,,A5면,
세계일보,naver_paper,,‘삼전닉스’ 육아휴직 동시 줄었다…역대급 억대 성과급 기대감 고조,,https://n.news.naver.com/mnews/article/022/0004162181,2026-09-28T06:03:00+09:00,,A6면,
세계일보,naver_paper,,[단독] 국가 하천 편입토지 보상 지급 늦어져… 지연이자만 4년간 53억원 ‘혈세 줄줄’,,https://n.news.naver.com/mnews/article/022/0004162081,2026-09-27T17:01:00+09:00,,A6면,
세계일보,naver_paper,,"85주째 오른 서울 아파트… 무주택자, 사기도 버티기도 어렵다",,https://n.news.naver.com/mnews/article/022/0004162102,2026-09-27T18:42:00+09:00,,A6면,
세계일보,naver_paper,,반도체 호황 초과세수 50조+α… 미래대응기금 ‘200조’ 가능성,,https://n.news.naver.com/mnews/article/022/0004162179,2026-09-28T06:03:00+09:00,,A6면,
세계일보,naver_paper,,‘국힘 397억 반환’ 걸린 尹 선거법 항소심 29일 결심,,https://n.news.naver.com/mnews/article/022/0004162110,2026-09-27T19:32:00+09:00,,A8면,
세계일보,naver_paper,,"경찰 통합수사팀 사건 수, 지역별 최대 7배차",,https://n.news.naver.com/mnews/article/022/0004162109,2026-09-27T19:22:00+09:00,,A8면,
세계일보,naver_paper,,미성년자에 성착취 대화 걸었다… 위장수사에 딱 걸렸다,,https://n.news.naver.com/mnews/article/022/0004162106,2026-09-27T19:02:00+09:00,,A8면,
세계일보,naver_paper,,“임신중지약 판매사이트 차단법 합헌”,,https://n.news.naver.com/mnews/article/022/0004162107,2026-09-27T19:12:00+09:00,,A8면,
세계일보,naver_paper,,여주 자원순환시설 화재… 인명 피해는 없어,,https://n.news.naver.com/mnews/article/022/0004162152,2026-09-27T23:14:00+09:00,,A8면,
세계일보,naver_paper,,“상어 ‘부캉이’ 보자”… 연휴에도 ‘오픈런’,,https://n.news.naver.com/mnews/article/022/0004162122,2026-09-27T20:02:00+09:00,,A9면,
세계일보,naver_paper,,[단독] 건강기능식품 이상사례 신고 증상별 분류에서 2025년 5250건 최다,,https://n.news.naver.com/mnews/article/022/0004162083,2026-09-27T17:06:00+09:00,,A9면,
세계일보,naver_paper,,"[28일의 날씨] ""우산 챙기세요""",,https://n.news.naver.com/mnews/article/022/0004162098,2026-09-27T18:26:00+09:00,,A9면,
세계일보,naver_paper,,[단독] 장애부모 자녀 언어 지원사업 ‘헛바퀴’,,https://n.news.naver.com/mnews/article/022/0004162082,2026-09-27T17:06:00+09:00,,A9면,
세계일보,naver_paper,,‘그냥드림’ 온정… 복지 빈틈 채운다,,https://n.news.naver.com/mnews/article/022/0004162113,2026-09-27T19:42:00+09:00,,A9면,
세계일보,naver_paper,,전공의 복귀에도… 피부과는 일반의 늘어,,https://n.news.naver.com/mnews/article/022/0004162116,2026-09-27T19:52:00+09:00,,A9면,
세계일보,naver_paper,,한가위 꼬마 장사… 모래판 대결,,https://n.news.naver.com/mnews/article/022/0004162150,2026-09-27T23:12:00+09:00,,A10면,
세계일보,naver_paper,,어두웠던 교량·고가도로 하부 ‘야간 명소’ 변신,,https://n.news.naver.com/mnews/article/022/0004162169,2026-09-28T06:02:00+09:00,,A10면,
세계일보,naver_paper,,전남광주 통합 공무원시험 ‘거주지 제한’ 없앤다,,https://n.news.naver.com/mnews/article/022/0004162170,2026-09-28T06:02:00+09:00,,A10면,
세계일보,naver_paper,,서울지하철역 이름 판매 누적 수익 280억,,https://n.news.naver.com/mnews/article/022/0004162172,2026-09-28T06:02:00+09:00,,A10면,
세계일보,naver_paper,,"재난 비상 속 예보는 패스하고, 해외 견학까지… ‘근무태만’ 공무원 24명 적발",,https://n.news.naver.com/mnews/article/022/0004162175,2026-09-28T06:02:00+09:00,,A10면,
세계일보,naver_paper,,"최동민 동대문구청장 “전통시장 ‘글로벌 K마켓’ 육성… 동대문구, K문화 거점 만들 것” [서울 구청장에 묻다]",,https://n.news.naver.com/mnews/article/022/0004162180,2026-09-28T06:03:00+09:00,,A10면,
세계일보,naver_paper,,전북 14개 시·군 ‘올인원 관광’ 시대,,https://n.news.naver.com/mnews/article/022/0004162188,2026-09-28T06:04:00+09:00,,A10면,
세계일보,naver_paper,,배차 늘리고 환승 혜택 키웠더니…구미 시내버스 이용객 22% ‘껑충’,,https://n.news.naver.com/mnews/article/022/0004162189,2026-09-28T06:04:00+09:00,,A10면,
세계일보,naver_paper,,"40년 묵은 천안 서곡지구, 시민 품으로 돌아오나",,https://n.news.naver.com/mnews/article/022/0004162192,2026-09-28T06:04:00+09:00,,A10면,
세계일보,naver_paper,,충무로·명동 일대서 맞춤형 ‘골목 축제’,,https://n.news.naver.com/mnews/article/022/0004162193,2026-09-28T06:04:00+09:00,,A10면,
세계일보,naver_paper,,경기 초중고생 1만명 ‘폰프리 100일’ 도전,,https://n.news.naver.com/mnews/article/022/0004162194,2026-09-28T06:04:00+09:00,,A10면,
세계일보,naver_paper,,태백 산란계 사육농장 추진에 삼척 “악취·식수원 오염”… 이웃 간 갈등 심화,,https://n.news.naver.com/mnews/article/022/0004162196,2026-09-28T06:04:00+09:00,,A10면,
세계일보,naver_paper,,수장도 시스템도 없이 사건 2168건 대이동,,https://n.news.naver.com/mnews/article/022/0004162091,2026-09-27T17:47:00+09:00,,A1면,
세계일보,naver_paper,,아시안 게임서 쏟아진 금메달로 풍성해진 한가위,,https://n.news.naver.com/mnews/article/022/0004162095,2026-09-27T18:17:00+09:00,,A1면,
세계일보,naver_paper,,"트럼프·시진핑, 빅딜 없었다… ‘北 비핵화’ 언급도 빠져",,https://n.news.naver.com/mnews/article/022/0004162088,2026-09-27T17:32:00+09:00,,A1면,
세계일보,naver_paper,,DMZ 지뢰사고 이르면 주중 1차 조사 결과,,https://n.news.naver.com/mnews/article/022/0004162093,2026-09-27T18:02:00+09:00,,A1면,
세계일보,naver_paper,,고향의 정 안고… 다시 일상으로,,https://n.news.naver.com/mnews/article/022/0004162151,2026-09-27T23:12:00+09:00,,A1면,
세계일보,naver_paper,,DMZ 지뢰사고 현장조사… 폭발 지점엔 도달 못해,,https://n.news.naver.com/mnews/article/022/0004162174,2026-09-28T06:02:00+09:00,,A1면,
세계일보,naver_paper,,"추진 땐 재정 악화, 접자니 매몰비 책임… 애물단지된 트램 [심층기획-지자체 트램 딜레마]",,https://n.news.naver.com/mnews/article/022/0004162177,2026-09-28T06:02:00+09:00,,A2면,
세계일보,naver_paper,,‘지하철 4분의 1’이라던 사업비… 이설하고 터널 뚫으면 천정부지 [심층기획-지자체 트램 딜레마],,https://n.news.naver.com/mnews/article/022/0004162197,2026-09-28T06:04:00+09:00,,A2면,
세계일보,naver_paper,,習에 마린원 보여주며 스킨십 ‘이례적 환대’ [막 내린 美·中 정상회담],,https://n.news.naver.com/mnews/article/022/0004162103,2026-09-27T18:47:00+09:00,,A3면,
세계일보,naver_paper,,"美 ‘희토류’ 띄웠지만, 中은 발표서 제외… 핵심 현안 온도 차 [막 내린 美·中 정상회담]",,https://n.news.naver.com/mnews/article/022/0004162100,2026-09-27T18:32:00+09:00,,A3면,
세계일보,naver_paper,,트럼프 “中은 2차대전 동맹” 강조… 日 당혹 [막 내린 美·中 정상회담],,https://n.news.naver.com/mnews/article/022/0004162105,2026-09-27T19:02:00+09:00,,A3면,
세계일보,naver_paper,,李 “농지 전수조사 할 일은 할 것”… 吳 “실거주 이어 실경작에 집착”,,https://n.news.naver.com/mnews/article/022/0004162097,2026-09-27T18:25:00+09:00,,A4면,
세계일보,naver_paper,,야권 공세 확장 속 내부 반발 덮쳐… 고심 깊은 與,,https://n.news.naver.com/mnews/article/022/0004162101,2026-09-27T18:39:00+09:00,,A4면,
세계일보,naver_paper,,지뢰사고 공방 격화… 野 “고의지연 땐 탄핵 사유” 與 “음모론”,,https://n.news.naver.com/mnews/article/022/0004162104,2026-09-27T18:55:00+09:00,,A4면,
세계일보,naver_paper,,與 “야당 공세는 정쟁” 野 “국민 폭발 직전”… ‘아전인수’ 민심 해석,,https://n.news.naver.com/mnews/article/022/0004162094,2026-09-27T18:09:00+09:00,,A4면,
세계일보,naver_paper,,우크라 ‘北 포로송환 공개’ 논란에… 靑 “일관된 원칙 대응”,,https://n.news.naver.com/mnews/article/022/0004162096,2026-09-27T18:22:00+09:00,,A5면,
세계일보,naver_paper,,인사·사법 현안에 여권 내홍 수습까지… 돌아온 李 난제 산적,,https://n.news.naver.com/mnews/article/022/0004162185,2026-09-28T06:03:00+09:00,,A5면,
세계일보,naver_paper,,"트럼프, 기조연설도 미루고 李와 회담 연장",,https://n.news.naver.com/mnews/article/022/0004162198,2026-09-28T06:04:00+09:00,,A5면,
세계일보,naver_paper,,‘삼전닉스’ 육아휴직 동시 줄었다…역대급 억대 성과급 기대감 고조,,https://n.news.naver.com/mnews/article/022/0004162181,2026-09-28T06:03:00+09:00,,A6면,
세계일보,naver_paper,,[단독] 국가 하천 편입토지 보상 지급 늦어져… 지연이자만 4년간 53억원 ‘혈세 줄줄’,,https://n.news.naver.com/mnews/article/022/0004162081,2026-09-27T17:01:00+09:00,,A6면,
세계일보,naver_paper,,"85주째 오른 서울 아파트… 무주택자, 사기도 버티기도 어렵다",,https://n.news.naver.com/mnews/article/022/0004162102,2026-09-27T18:42:00+09:00,,A6면,
세계일보,naver_paper,,반도체 호황 초과세수 50조+α… 미래대응기금 ‘200조’ 가능성,,https://n.news.naver.com/mnews/article/022/0004162179,2026-09-28T06:03:00+09:00,,A6면,
세계일보,naver_paper,,‘국힘 397억 반환’ 걸린 尹 선거법 항소심 29일 결심,,https://n.news.naver.com/mnews/article/022/0004162110,2026-09-27T19:32:00+09:00,,A8면,
세계일보,naver_paper,,"경찰 통합수사팀 사건 수, 지역별 최대 7배차",,https://n.news.naver.com/mnews/article/022/0004162109,2026-09-27T19:22:00+09:00,,A8면,
세계일보,naver_paper,,미성년자에 성착취 대화 걸었다… 위장수사에 딱 걸렸다,,https://n.news.naver.com/mnews/article/022/0004162106,2026-09-27T19:02:00+09:00,,A8면,
세계일보,naver_paper,,“임신중지약 판매사이트 차단법 합헌”,,https://n.news.naver.com/mnews/article/022/0004162107,2026-09-27T19:12:00+09:00,,A8면,
세계일보,naver_paper,,여주 자원순환시설 화재… 인명 피해는 없어,,https://n.news.naver.com/mnews/article/022/0004162152,2026-09-27T23:14:00+09:00,,A8면,
세계일보,naver_paper,,“상어 ‘부캉이’ 보자”… 연휴에도 ‘오픈런’,,https://n.news.naver.com/mnews/article/022/0004162122,2026-09-27T20:02:00+09:00,,A9면,
세계일보,naver_paper,,[단독] 건강기능식품 이상사례 신고 증상별 분류에서 2025년 5250건 최다,,https://n.news.naver.com/mnews/article/022/0004162083,2026-09-27T17:06:00+09:00,,A9면,
세계일보,naver_paper,,"[28일의 날씨] ""우산 챙기세요""",,https://n.news.naver.com/mnews/article/022/0004162098,2026-09-27T18:26:00+09:00,,A9면,
세계일보,naver_paper,,[단독] 장애부모 자녀 언어 지원사업 ‘헛바퀴’,,https://n.news.naver.com/mnews/article/022/0004162082,2026-09-27T17:06:00+09:00,,A9면,
세계일보,naver_paper,,‘그냥드림’ 온정… 복지 빈틈 채운다,,https://n.news.naver.com/mnews/article/022/0004162113,2026-09-27T19:42:00+09:00,,A9면,
세계일보,naver_paper,,전공의 복귀에도… 피부과는 일반의 늘어,,https://n.news.naver.com/mnews/article/022/0004162116,2026-09-27T19:52:00+09:00,,A9면,
세계일보,naver_paper,,한가위 꼬마 장사… 모래판 대결,,https://n.news.naver.com/mnews/article/022/0004162150,2026-09-27T23:12:00+09:00,,A10면,
세계일보,naver_paper,,어두웠던 교량·고가도로 하부 ‘야간 명소’ 변신,,https://n.news.naver.com/mnews/article/022/0004162169,2026-09-28T06:02:00+09:00,,A10면,
세계일보,naver_paper,,전남광주 통합 공무원시험 ‘거주지 제한’ 없앤다,,https://n.news.naver.com/mnews/article/022/0004162170,2026-09-28T06:02:00+09:00,,A10면,
세계일보,naver_paper,,서울지하철역 이름 판매 누적 수익 280억,,https://n.news.naver.com/mnews/article/022/0004162172,2026-09-28T06:02:00+09:00,,A10면,
세계일보,naver_paper,,"재난 비상 속 예보는 패스하고, 해외 견학까지… ‘근무태만’ 공무원 24명 적발",,https://n.news.naver.com/mnews/article/022/0004162175,2026-09-28T06:02:00+09:00,,A10면,
세계일보,naver_paper,,"최동민 동대문구청장 “전통시장 ‘글로벌 K마켓’ 육성… 동대문구, K문화 거점 만들 것” [서울 구청장에 묻다]",,https://n.news.naver.com/mnews/article/022/0004162180,2026-09-28T06:03:00+09:00,,A10면,
세계일보,naver_paper,,전북 14개 시·군 ‘올인원 관광’ 시대,,https://n.news.naver.com/mnews/article/022/0004162188,2026-09-28T06:04:00+09:00,,A10면,
세계일보,naver_paper,,배차 늘리고 환승 혜택 키웠더니…구미 시내버스 이용객 22% ‘껑충’,,https://n.news.naver.com/mnews/article/022/0004162189,2026-09-28T06:04:00+09:00,,A10면,
세계일보,naver_paper,,"40년 묵은 천안 서곡지구, 시민 품으로 돌아오나",,https://n.news.naver.com/mnews/article/022/0004162192,2026-09-28T06:04:00+09:00,,A10면,
세계일보,naver_paper,,충무로·명동 일대서 맞춤형 ‘골목 축제’,,https://n.news.naver.com/mnews/article/022/0004162193,2026-09-28T06:04:00+09:00,,A10면,
세계일보,naver_paper,,경기 초중고생 1만명 ‘폰프리 100일’ 도전,,https://n.news.naver.com/mnews/article/022/0004162194,2026-09-28T06:04:00+09:00,,A10면,
세계일보,naver_paper,,태백 산란계 사육농장 추진에 삼척 “악취·식수원 오염”… 이웃 간 갈등 심화,,https://n.news.naver.com/mnews/article/022/0004162196,2026-09-28T06:04:00+09:00,,A10면,
세계일보,naver_paper,,수장도 시스템도 없이 사건 2168건 대이동,,https://n.news.naver.com/mnews/article/022/0004162091,2026-09-27T17:47:00+09:00,,A1면,
세계일보,naver_paper,,아시안 게임서 쏟아진 금메달로 풍성해진 한가위,,https://n.news.naver.com/mnews/article/022/0004162095,2026-09-27T18:17:00+09:00,,A1면,
세계일보,naver_paper,,"트럼프·시진핑, 빅딜 없었다… ‘北 비핵화’ 언급도 빠져",,https://n.news.naver.com/mnews/article/022/0004162088,2026-09-27T17:32:00+09:00,,A1면,
세계일보,naver_paper,,DMZ 지뢰사고 이르면 주중 1차 조사 결과,,https://n.news.naver.com/mnews/article/022/0004162093,2026-09-27T18:02:00+09:00,,A1면,
세계일보,naver_paper,,고향의 정 안고… 다시 일상으로,,https://n.news.naver.com/mnews/article/022/0004162151,2026-09-27T23:12:00+09:00,,A1면,
세계일보,naver_paper,,DMZ 지뢰사고 현장조사… 폭발 지점엔 도달 못해,,https://n.news.naver.com/mnews/article/022/0004162174,2026-09-28T06:02:00+09:00,,A1면,
세계일보,naver_paper,,"추진 땐 재정 악화, 접자니 매몰비 책임… 애물단지된 트램 [심층기획-지자체 트램 딜레마]",,https://n.news.naver.com/mnews/article/022/0004162177,2026-09-28T06:02:00+09:00,,A2면,
세계일보,naver_paper,,‘지하철 4분의 1’이라던 사업비… 이설하고 터널 뚫으면 천정부지 [심층기획-지자체 트램 딜레마],,https://n.news.naver.com/mnews/article/022/0004162197,2026-09-28T06:04:00+09:00,,A2면,
세계일보,naver_paper,,習에 마린원 보여주며 스킨십 ‘이례적 환대’ [막 내린 美·中 정상회담],,https://n.news.naver.com/mnews/article/022/0004162103,2026-09-27T18:47:00+09:00,,A3면,
세계일보,naver_paper,,"美 ‘희토류’ 띄웠지만, 中은 발표서 제외… 핵심 현안 온도 차 [막 내린 美·中 정상회담]",,https://n.news.naver.com/mnews/article/022/0004162100,2026-09-27T18:32:00+09:00,,A3면,
세계일보,naver_paper,,트럼프 “中은 2차대전 동맹” 강조… 日 당혹 [막 내린 美·中 정상회담],,https://n.news.naver.com/mnews/article/022/0004162105,2026-09-27T19:02:00+09:00,,A3면,
세계일보,naver_paper,,李 “농지 전수조사 할 일은 할 것”… 吳 “실거주 이어 실경작에 집착”,,https://n.news.naver.com/mnews/article/022/0004162097,2026-09-27T18:25:00+09:00,,A4면,
세계일보,naver_paper,,야권 공세 확장 속 내부 반발 덮쳐… 고심 깊은 與,,https://n.news.naver.com/mnews/article/022/0004162101,2026-09-27T18:39:00+09:00,,A4면,
세계일보,naver_paper,,지뢰사고 공방 격화… 野 “고의지연 땐 탄핵 사유” 與 “음모론”,,https://n.news.naver.com/mnews/article/022/0004162104,2026-09-27T18:55:00+09:00,,A4면,
세계일보,naver_paper,,與 “야당 공세는 정쟁” 野 “국민 폭발 직전”… ‘아전인수’ 민심 해석,,https://n.news.naver.com/mnews/article/022/0004162094,2026-09-27T18:09:00+09:00,,A4면,
세계일보,naver_paper,,우크라 ‘北 포로송환 공개’ 논란에… 靑 “일관된 원칙 대응”,,https://n.news.naver.com/mnews/article/022/0004162096,2026-09-27T18:22:00+09:00,,A5면,
세계일보,naver_paper,,인사·사법 현안에 여권 내홍 수습까지… 돌아온 李 난제 산적,,https://n.news.naver.com/mnews/article/022/0004162185,2026-09-28T06:03:00+09:00,,A5면,
세계일보,naver_paper,,"트럼프, 기조연설도 미루고 李와 회담 연장",,https://n.news.naver.com/mnews/article/022/0004162198,2026-09-28T06:04:00+09:00,,A5면,
세계일보,naver_paper,,‘삼전닉스’ 육아휴직 동시 줄었다…역대급 억대 성과급 기대감 고조,,https://n.news.naver.com/mnews/article/022/0004162181,2026-09-28T06:03:00+09:00,,A6면,
세계일보,naver_paper,,[단독] 국가 하천 편입토지 보상 지급 늦어져… 지연이자만 4년간 53억원 ‘혈세 줄줄’,,https://n.news.naver.com/mnews/article/022/0004162081,2026-09-27T17:01:00+09:00,,A6면,
세계일보,naver_paper,,"85주째 오른 서울 아파트… 무주택자, 사기도 버티기도 어렵다",,https://n.news.naver.com/mnews/article/022/0004162102,2026-09-27T18:42:00+09:00,,A6면,
세계일보,naver_paper,,반도체 호황 초과세수 50조+α… 미래대응기금 ‘200조’ 가능성,,https://n.news.naver.com/mnews/article/022/0004162179,2026-09-28T06:03:00+09:00,,A6면,
세계일보,naver_paper,,‘국힘 397억 반환’ 걸린 尹 선거법 항소심 29일 결심,,https://n.news.naver.com/mnews/article/022/0004162110,2026-09-27T19:32:00+09:00,,A8면,
세계일보,naver_paper,,"경찰 통합수사팀 사건 수, 지역별 최대 7배차",,https://n.news.naver.com/mnews/article/022/0004162109,2026-09-27T19:22:00+09:00,,A8면,
세계일보,naver_paper,,미성년자에 성착취 대화 걸었다… 위장수사에 딱 걸렸다,,https://n.news.naver.com/mnews/article/022/0004162106,2026-09-27T19:02:00+09:00,,A8면,
세계일보,naver_paper,,“임신중지약 판매사이트 차단법 합헌”,,https://n.news.naver.com/mnews/article/022/0004162107,2026-09-27T19:12:00+09:00,,A8면,
세계일보,naver_paper,,여주 자원순환시설 화재… 인명 피해는 없어,,https://n.news.naver.com/mnews/article/022/0004162152,2026-09-27T23:14:00+09:00,,A8면,
세계일보,naver_paper,,“상어 ‘부캉이’ 보자”… 연휴에도 ‘오픈런’,,https://n.news.naver.com/mnews/article/022/0004162122,2026-09-27T20:02:00+09:00,,A9면,
세계일보,naver_paper,,[단독] 건강기능식품 이상사례 신고 증상별 분류에서 2025년 5250건 최다,,https://n.news.naver.com/mnews/article/022/0004162083,2026-09-27T17:06:00+09:00,,A9면,
세계일보,naver_paper,,"[28일의 날씨] ""우산 챙기세요""",,https://n.news.naver.com/mnews/article/022/0004162098,2026-09-27T18:26:00+09:00,,A9면,
세계일보,naver_paper,,[단독] 장애부모 자녀 언어 지원사업 ‘헛바퀴’,,https://n.news.naver.com/mnews/article/022/0004162082,2026-09-27T17:06:00+09:00,,A9면,
세계일보,naver_paper,,‘그냥드림’ 온정… 복지 빈틈 채운다,,https://n.news.naver.com/mnews/article/022/0004162113,2026-09-27T19:42:00+09:00,,A9면,
세계일보,naver_paper,,전공의 복귀에도… 피부과는 일반의 늘어,,https://n.news.naver.com/mnews/article/022/0004162116,2026-09-27T19:52:00+09:00,,A9면,
세계일보,naver_paper,,한가위 꼬마 장사… 모래판 대결,,https://n.news.naver.com/mnews/article/022/0004162150,2026-09-27T23:12:00+09:00,,A10면,
세계일보,naver_paper,,어두웠던 교량·고가도로 하부 ‘야간 명소’ 변신,,https://n.news.naver.com/mnews/article/022/0004162169,2026-09-28T06:02:00+09:00,,A10면,
세계일보,naver_paper,,전남광주 통합 공무원시험 ‘거주지 제한’ 없앤다,,https://n.news.naver.com/mnews/article/022/0004162170,2026-09-28T06:02:00+09:00,,A10면,
세계일보,naver_paper,,서울지하철역 이름 판매 누적 수익 280억,,https://n.news.naver.com/mnews/article/022/0004162172,2026-09-28T06:02:00+09:00,,A10면,
세계일보,naver_paper,,"재난 비상 속 예보는 패스하고, 해외 견학까지… ‘근무태만’ 공무원 24명 적발",,https://n.news.naver.com/mnews/article/022/0004162175,2026-09-28T06:02:00+09:00,,A10면,
세계일보,naver_paper,,"최동민 동대문구청장 “전통시장 ‘글로벌 K마켓’ 육성… 동대문구, K문화 거점 만들 것” [서울 구청장에 묻다]",,https://n.news.naver.com/mnews/article/022/0004162180,2026-09-28T06:03:00+09:00,,A10면,
세계일보,naver_paper,,전북 14개 시·군 ‘올인원 관광’ 시대,,https://n.news.naver.com/mnews/article/022/0004162188,2026-09-28T06:04:00+09:00,,A10면,
세계일보,naver_paper,,배차 늘리고 환승 혜택 키웠더니…구미 시내버스 이용객 22% ‘껑충’,,https://n.news.naver.com/mnews/article/022/0004162189,2026-09-28T06:04:00+09:00,,A10면,
세계일보,naver_paper,,"40년 묵은 천안 서곡지구, 시민 품으로 돌아오나",,https://n.news.naver.com/mnews/article/022/0004162192,2026-09-28T06:04:00+09:00,,A10면,
세계일보,naver_paper,,충무로·명동 일대서 맞춤형 ‘골목 축제’,,https://n.news.naver.com/mnews/article/022/0004162193,2026-09-28T06:04:00+09:00,,A10면,
세계일보,naver_paper,,경기 초중고생 1만명 ‘폰프리 100일’ 도전,,https://n.news.naver.com/mnews/article/022/0004162194,2026-09-28T06:04:00+09:00,,A10면,
세계일보,naver_paper,,태백 산란계 사육농장 추진에 삼척 “악취·식수원 오염”… 이웃 간 갈등 심화,,https://n.news.naver.com/mnews/article/022/0004162196,2026-09-28T06:04:00+09:00,,A10면,
세계일보,naver_paper,,수장도 시스템도 없이 사건 2168건 대이동,,https://n.news.naver.com/mnews/article/022/0004162091,2026-09-27T17:47:00+09:00,,A1면,
세계일보,naver_paper,,아시안 게임서 쏟아진 금메달로 풍성해진 한가위,,https://n.news.naver.com/mnews/article/022/0004162095,2026-09-27T18:17:00+09:00,,A1면,
세계일보,naver_paper,,"트럼프·시진핑, 빅딜 없었다… ‘北 비핵화’ 언급도 빠져",,https://n.news.naver.com/mnews/article/022/0004162088,2026-09-27T17:32:00+09:00,,A1면,
세계일보,naver_paper,,DMZ 지뢰사고 이르면 주중 1차 조사 결과,,https://n.news.naver.com/mnews/article/022/0004162093,2026-09-27T18:02:00+09:00,,A1면,
세계일보,naver_paper,,고향의 정 안고… 다시 일상으로,,https://n.news.naver.com/mnews/article/022/0004162151,2026-09-27T23:12:00+09:00,,A1면,
세계일보,naver_paper,,DMZ 지뢰사고 현장조사… 폭발 지점엔 도달 못해,,https://n.news.naver.com/mnews/article/022/0004162174,2026-09-28T06:02:00+09:00,,A1면,
세계일보,naver_paper,,"추진 땐 재정 악화, 접자니 매몰비 책임… 애물단지된 트램 [심층기획-지자체 트램 딜레마]",,https://n.news.naver.com/mnews/article/022/0004162177,2026-09-28T06:02:00+09:00,,A2면,
세계일보,naver_paper,,‘지하철 4분의 1’이라던 사업비… 이설하고 터널 뚫으면 천정부지 [심층기획-지자체 트램 딜레마],,https://n.news.naver.com/mnews/article/022/0004162197,2026-09-28T06:04:00+09:00,,A2면,
세계일보,naver_paper,,習에 마린원 보여주며 스킨십 ‘이례적 환대’ [막 내린 美·中 정상회담],,https://n.news.naver.com/mnews/article/022/0004162103,2026-09-27T18:47:00+09:00,,A3면,
세계일보,naver_paper,,"美 ‘희토류’ 띄웠지만, 中은 발표서 제외… 핵심 현안 온도 차 [막 내린 美·中 정상회담]",,https://n.news.naver.com/mnews/article/022/0004162100,2026-09-27T18:32:00+09:00,,A3면,
세계일보,naver_paper,,트럼프 “中은 2차대전 동맹” 강조… 日 당혹 [막 내린 美·中 정상회담],,https://n.news.naver.com/mnews/article/022/0004162105,2026-09-27T19:02:00+09:00,,A3면,
세계일보,naver_paper,,李 “농지 전수조사 할 일은 할 것”… 吳 “실거주 이어 실경작에 집착”,,https://n.news.naver.com/mnews/article/022/0004162097,2026-09-27T18:25:00+09:00,,A4면,
세계일보,naver_paper,,야권 공세 확장 속 내부 반발 덮쳐… 고심 깊은 與,,https://n.news.naver.com/mnews/article/022/0004162101,2026-09-27T18:39:00+09:00,,A4면,
세계일보,naver_paper,,지뢰사고 공방 격화… 野 “고의지연 땐 탄핵 사유” 與 “음모론”,,https://n.news.naver.com/mnews/article/022/0004162104,2026-09-27T18:55:00+09:00,,A4면,
세계일보,naver_paper,,與 “야당 공세는 정쟁” 野 “국민 폭발 직전”… ‘아전인수’ 민심 해석,,https://n.news.naver.com/mnews/article/022/0004162094,2026-09-27T18:09:00+09:00,,A4면,
세계일보,naver_paper,,우크라 ‘北 포로송환 공개’ 논란에… 靑 “일관된 원칙 대응”,,https://n.news.naver.com/mnews/article/022/0004162096,2026-09-27T18:22:00+09:00,,A5면,
세계일보,naver_paper,,인사·사법 현안에 여권 내홍 수습까지… 돌아온 李 난제 산적,,https://n.news.naver.com/mnews/article/022/0004162185,2026-09-28T06:03:00+09:00,,A5면,
세계일보,naver_paper,,"트럼프, 기조연설도 미루고 李와 회담 연장",,https://n.news.naver.com/mnews/article/022/0004162198,2026-09-28T06:04:00+09:00,,A5면,
세계일보,naver_paper,,‘삼전닉스’ 육아휴직 동시 줄었다…역대급 억대 성과급 기대감 고조,,https://n.news.naver.com/mnews/article/022/0004162181,2026-09-28T06:03:00+09:00,,A6면,
세계일보,naver_paper,,[단독] 국가 하천 편입토지 보상 지급 늦어져… 지연이자만 4년간 53억원 ‘혈세 줄줄’,,https://n.news.naver.com/mnews/article/022/0004162081,2026-09-27T17:01:00+09:00,,A6면,
세계일보,naver_paper,,"85주째 오른 서울 아파트… 무주택자, 사기도 버티기도 어렵다",,https://n.news.naver.com/mnews/article/022/0004162102,2026-09-27T18:42:00+09:00,,A6면,
세계일보,naver_paper,,반도체 호황 초과세수 50조+α… 미래대응기금 ‘200조’ 가능성,,https://n.news.naver.com/mnews/article/022/0004162179,2026-09-28T06:03:00+09:00,,A6면,
세계일보,naver_paper,,‘국힘 397억 반환’ 걸린 尹 선거법 항소심 29일 결심,,https://n.news.naver.com/mnews/article/022/0004162110,2026-09-27T19:32:00+09:00,,A8면,
세계일보,naver_paper,,"경찰 통합수사팀 사건 수, 지역별 최대 7배차",,https://n.news.naver.com/mnews/article/022/0004162109,2026-09-27T19:22:00+09:00,,A8면,
세계일보,naver_paper,,미성년자에 성착취 대화 걸었다… 위장수사에 딱 걸렸다,,https://n.news.naver.com/mnews/article/022/0004162106,2026-09-27T19:02:00+09:00,,A8면,
세계일보,naver_paper,,“임신중지약 판매사이트 차단법 합헌”,,https://n.news.naver.com/mnews/article/022/0004162107,2026-09-27T19:12:00+09:00,,A8면,
세계일보,naver_paper,,여주 자원순환시설 화재… 인명 피해는 없어,,https://n.news.naver.com/mnews/article/022/0004162152,2026-09-27T23:14:00+09:00,,A8면,
세계일보,naver_paper,,“상어 ‘부캉이’ 보자”… 연휴에도 ‘오픈런’,,https://n.news.naver.com/mnews/article/022/0004162122,2026-09-27T20:02:00+09:00,,A9면,
세계일보,naver_paper,,[단독] 건강기능식품 이상사례 신고 증상별 분류에서 2025년 5250건 최다,,https://n.news.naver.com/mnews/article/022/0004162083,2026-09-27T17:06:00+09:00,,A9면,
세계일보,naver_paper,,"[28일의 날씨] ""우산 챙기세요""",,https://n.news.naver.com/mnews/article/022/0004162098,2026-09-27T18:26:00+09:00,,A9면,
세계일보,naver_paper,,[단독] 장애부모 자녀 언어 지원사업 ‘헛바퀴’,,https://n.news.naver.com/mnews/article/022/0004162082,2026-09-27T17:06:00+09:00,,A9면,
세계일보,naver_paper,,‘그냥드림’ 온정… 복지 빈틈 채운다,,https://n.news.naver.com/mnews/article/022/0004162113,2026-09-27T19:42:00+09:00,,A9면,
세계일보,naver_paper,,전공의 복귀에도… 피부과는 일반의 늘어,,https://n.news.naver.com/mnews/article/022/0004162116,2026-09-27T19:52:00+09:00,,A9면,
세계일보,naver_paper,,한가위 꼬마 장사… 모래판 대결,,https://n.news.naver.com/mnews/article/022/0004162150,2026-09-27T23:12:00+09:00,,A10면,
세계일보,naver_paper,,어두웠던 교량·고가도로 하부 ‘야간 명소’ 변신,,https://n.news.naver.com/mnews/article/022/0004162169,2026-09-28T06:02:00+09:00,,A10면,
세계일보,naver_paper,,전남광주 통합 공무원시험 ‘거주지 제한’ 없앤다,,https://n.news.naver.com/mnews/article/022/0004162170,2026-09-28T06:02:00+09:00,,A10면,
세계일보,naver_paper,,서울지하철역 이름 판매 누적 수익 280억,,https://n.news.naver.com/mnews/article/022/0004162172,2026-09-28T06:02:00+09:00,,A10면,
세계일보,naver_paper,,"재난 비상 속 예보는 패스하고, 해외 견학까지… ‘근무태만’ 공무원 24명 적발",,https://n.news.naver.com/mnews/article/022/0004162175,2026-09-28T06:02:00+09:00,,A10면,
세계일보,naver_paper,,"최동민 동대문구청장 “전통시장 ‘글로벌 K마켓’ 육성… 동대문구, K문화 거점 만들 것” [서울 구청장에 묻다]",,https://n.news.naver.com/mnews/article/022/0004162180,2026-09-28T06:03:00+09:00,,A10면,
세계일보,naver_paper,,전북 14개 시·군 ‘올인원 관광’ 시대,,https://n.news.naver.com/mnews/article/022/0004162188,2026-09-28T06:04:00+09:00,,A10면,
세계일보,naver_paper,,배차 늘리고 환승 혜택 키웠더니…구미 시내버스 이용객 22% ‘껑충’,,https://n.news.naver.com/mnews/article/022/0004162189,2026-09-28T06:04:00+09:00,,A10면,
세계일보,naver_paper,,"40년 묵은 천안 서곡지구, 시민 품으로 돌아오나",,https://n.news.naver.com/mnews/article/022/0004162192,2026-09-28T06:04:00+09:00,,A10면,
세계일보,naver_paper,,충무로·명동 일대서 맞춤형 ‘골목 축제’,,https://n.news.naver.com/mnews/article/022/0004162193,2026-09-28T06:04:00+09:00,,A10면,
세계일보,naver_paper,,경기 초중고생 1만명 ‘폰프리 100일’ 도전,,https://n.news.naver.com/mnews/article/022/0004162194,2026-09-28T06:04:00+09:00,,A10면,
세계일보,naver_paper,,태백 산란계 사육농장 추진에 삼척 “악취·식수원 오염”… 이웃 간 갈등 심화,,https://n.news.naver.com/mnews/article/022/0004162196,2026-09-28T06:04:00+09:00,,A10면,
세계일보,naver_paper,,수장도 시스템도 없이 사건 2168건 대이동,,https://n.news.naver.com/mnews/article/022/0004162091,2026-09-27T17:47:00+09:00,,A1면,
세계일보,naver_paper,,아시안 게임서 쏟아진 금메달로 풍성해진 한가위,,https://n.news.naver.com/mnews/article/022/0004162095,2026-09-27T18:17:00+09:00,,A1면,
세계일보,naver_paper,,"트럼프·시진핑, 빅딜 없었다… ‘北 비핵화’ 언급도 빠져",,https://n.news.naver.com/mnews/article/022/0004162088,2026-09-27T17:32:00+09:00,,A1면,
세계일보,naver_paper,,DMZ 지뢰사고 이르면 주중 1차 조사 결과,,https://n.news.naver.com/mnews/article/022/0004162093,2026-09-27T18:02:00+09:00,,A1면,
세계일보,naver_paper,,고향의 정 안고… 다시 일상으로,,https://n.news.naver.com/mnews/article/022/0004162151,2026-09-27T23:12:00+09:00,,A1면,
세계일보,naver_paper,,DMZ 지뢰사고 현장조사… 폭발 지점엔 도달 못해,,https://n.news.naver.com/mnews/article/022/0004162174,2026-09-28T06:02:00+09:00,,A1면,
세계일보,naver_paper,,"추진 땐 재정 악화, 접자니 매몰비 책임… 애물단지된 트램 [심층기획-지자체 트램 딜레마]",,https://n.news.naver.com/mnews/article/022/0004162177,2026-09-28T06:02:00+09:00,,A2면,
세계일보,naver_paper,,‘지하철 4분의 1’이라던 사업비… 이설하고 터널 뚫으면 천정부지 [심층기획-지자체 트램 딜레마],,https://n.news.naver.com/mnews/article/022/0004162197,2026-09-28T06:04:00+09:00,,A2면,
세계일보,naver_paper,,習에 마린원 보여주며 스킨십 ‘이례적 환대’ [막 내린 美·中 정상회담],,https://n.news.naver.com/mnews/article/022/0004162103,2026-09-27T18:47:00+09:00,,A3면,
세계일보,naver_paper,,"美 ‘희토류’ 띄웠지만, 中은 발표서 제외… 핵심 현안 온도 차 [막 내린 美·中 정상회담]",,https://n.news.naver.com/mnews/article/022/0004162100,2026-09-27T18:32:00+09:00,,A3면,
세계일보,naver_paper,,트럼프 “中은 2차대전 동맹” 강조… 日 당혹 [막 내린 美·中 정상회담],,https://n.news.naver.com/mnews/article/022/0004162105,2026-09-27T19:02:00+09:00,,A3면,
세계일보,naver_paper,,李 “농지 전수조사 할 일은 할 것”… 吳 “실거주 이어 실경작에 집착”,,https://n.news.naver.com/mnews/article/022/0004162097,2026-09-27T18:25:00+09:00,,A4면,
세계일보,naver_paper,,야권 공세 확장 속 내부 반발 덮쳐… 고심 깊은 與,,https://n.news.naver.com/mnews/article/022/0004162101,2026-09-27T18:39:00+09:00,,A4면,
세계일보,naver_paper,,지뢰사고 공방 격화… 野 “고의지연 땐 탄핵 사유” 與 “음모론”,,https://n.news.naver.com/mnews/article/022/0004162104,2026-09-27T18:55:00+09:00,,A4면,
세계일보,naver_paper,,與 “야당 공세는 정쟁” 野 “국민 폭발 직전”… ‘아전인수’ 민심 해석,,https://n.news.naver.com/mnews/article/022/0004162094,2026-09-27T18:09:00+09:00,,A4면,
세계일보,naver_paper,,우크라 ‘北 포로송환 공개’ 논란에… 靑 “일관된 원칙 대응”,,https://n.news.naver.com/mnews/article/022/0004162096,2026-09-27T18:22:00+09:00,,A5면,
세계일보,naver_paper,,인사·사법 현안에 여권 내홍 수습까지… 돌아온 李 난제 산적,,https://n.news.naver.com/mnews/article/022/0004162185,2026-09-28T06:03:00+09:00,,A5면,
세계일보,naver_paper,,"트럼프, 기조연설도 미루고 李와 회담 연장",,https://n.news.naver.com/mnews/article/022/0004162198,2026-09-28T06:04:00+09:00,,A5면,
세계일보,naver_paper,,‘삼전닉스’ 육아휴직 동시 줄었다…역대급 억대 성과급 기대감 고조,,https://n.news.naver.com/mnews/article/022/0004162181,2026-09-28T06:03:00+09:00,,A6면,
세계일보,naver_paper,,[단독] 국가 하천 편입토지 보상 지급 늦어져… 지연이자만 4년간 53억원 ‘혈세 줄줄’,,https://n.news.naver.com/mnews/article/022/0004162081,2026-09-27T17:01:00+09:00,,A6면,
세계일보,naver_paper,,"85주째 오른 서울 아파트… 무주택자, 사기도 버티기도 어렵다",,https://n.news.naver.com/mnews/article/022/0004162102,2026-09-27T18:42:00+09:00,,A6면,
세계일보,naver_paper,,반도체 호황 초과세수 50조+α… 미래대응기금 ‘200조’ 가능성,,https://n.news.naver.com/mnews/article/022/0004162179,2026-09-28T06:03:00+09:00,,A6면,
세계일보,naver_paper,,‘국힘 397억 반환’ 걸린 尹 선거법 항소심 29일 결심,,https://n.news.naver.com/mnews/article/022/0004162110,2026-09-27T19:32:00+09:00,,A8면,
세계일보,naver_paper,,"경찰 통합수사팀 사건 수, 지역별 최대 7배차",,https://n.news.naver.com/mnews/article/022/0004162109,2026-09-27T19:22:00+09:00,,A8면,
세계일보,naver_paper,,미성년자에 성착취 대화 걸었다… 위장수사에 딱 걸렸다,,https://n.news.naver.com/mnews/article/022/0004162106,2026-09-27T19:02:00+09:00,,A8면,
세계일보,naver_paper,,“임신중지약 판매사이트 차단법 합헌”,,https://n.news.naver.com/mnews/article/022/0004162107,2026-09-27T19:12:00+09:00,,A8면,
세계일보,naver_paper,,여주 자원순환시설 화재… 인명 피해는 없어,,https://n.news.naver.com/mnews/article/022/0004162152,2026-09-27T23:14:00+09:00,,A8면,
세계일보,naver_paper,,“상어 ‘부캉이’ 보자”… 연휴에도 ‘오픈런’,,https://n.news.naver.com/mnews/article/022/0004162122,2026-09-27T20:02:00+09:00,,A9면,
세계일보,naver_paper,,[단독] 건강기능식품 이상사례 신고 증상별 분류에서 2025년 5250건 최다,,https://n.news.naver.com/mnews/article/022/0004162083,2026-09-27T17:06:00+09:00,,A9면,
세계일보,naver_paper,,"[28일의 날씨] ""우산 챙기세요""",,https://n.news.naver.com/mnews/article/022/0004162098,2026-09-27T18:26:00+09:00,,A9면,
세계일보,naver_paper,,[단독] 장애부모 자녀 언어 지원사업 ‘헛바퀴’,,https://n.news.naver.com/mnews/article/022/0004162082,2026-09-27T17:06:00+09:00,,A9면,
세계일보,naver_paper,,‘그냥드림’ 온정… 복지 빈틈 채운다,,https://n.news.naver.com/mnews/article/022/0004162113,2026-09-27T19:42:00+09:00,,A9면,
세계일보,naver_paper,,전공의 복귀에도… 피부과는 일반의 늘어,,https://n.news.naver.com/mnews/article/022/0004162116,2026-09-27T19:52:00+09:00,,A9면,
세계일보,naver_paper,,한가위 꼬마 장사… 모래판 대결,,https://n.news.naver.com/mnews/article/022/0004162150,2026-09-27T23:12:00+09:00,,A10면,
세계일보,naver_paper,,어두웠던 교량·고가도로 하부 ‘야간 명소’ 변신,,https://n.news.naver.com/mnews/article/022/0004162169,2026-09-28T06:02:00+09:00,,A10면,
세계일보,naver_paper,,전남광주 통합 공무원시험 ‘거주지 제한’ 없앤다,,https://n.news.naver.com/mnews/article/022/0004162170,2026-09-28T06:02:00+09:00,,A10면,
세계일보,naver_paper,,서울지하철역 이름 판매 누적 수익 280억,,https://n.news.naver.com/mnews/article/022/0004162172,2026-09-28T06:02:00+09:00,,A10면,
세계일보,naver_paper,,"재난 비상 속 예보는 패스하고, 해외 견학까지… ‘근무태만’ 공무원 24명 적발",,https://n.news.naver.com/mnews/article/022/0004162175,2026-09-28T06:02:00+09:00,,A10면,
세계일보,naver_paper,,"최동민 동대문구청장 “전통시장 ‘글로벌 K마켓’ 육성… 동대문구, K문화 거점 만들 것” [서울 구청장에 묻다]",,https://n.news.naver.com/mnews/article/022/0004162180,2026-09-28T06:03:00+09:00,,A10면,
세계일보,naver_paper,,전북 14개 시·군 ‘올인원 관광’ 시대,,https://n.news.naver.com/mnews/article/022/0004162188,2026-09-28T06:04:00+09:00,,A10면,
세계일보,naver_paper,,배차 늘리고 환승 혜택 키웠더니…구미 시내버스 이용객 22% ‘껑충’,,https://n.news.naver.com/mnews/article/022/0004162189,2026-09-28T06:04:00+09:00,,A10면,
세계일보,naver_paper,,"40년 묵은 천안 서곡지구, 시민 품으로 돌아오나",,https://n.news.naver.com/mnews/article/022/0004162192,2026-09-28T06:04:00+09:00,,A10면,
세계일보,naver_paper,,충무로·명동 일대서 맞춤형 ‘골목 축제’,,https://n.news.naver.com/mnews/article/022/0004162193,2026-09-28T06:04:00+09:00,,A10면,
세계일보,naver_paper,,경기 초중고생 1만명 ‘폰프리 100일’ 도전,,https://n.news.naver.com/mnews/article/022/0004162194,2026-09-28T06:04:00+09:00,,A10면,
세계일보,naver_paper,,태백 산란계 사육농장 추진에 삼척 “악취·식수원 오염”… 이웃 간 갈등 심화,,https://n.news.naver.com/mnews/article/022/0004162196,2026-09-28T06:04:00+09:00,,A10면,
조선일보,naver_paper,,"30대 후반 여성 고용률 71%, 역대 최고",,https://n.news.naver.com/mnews/article/023/0004000678,2026-09-28T00:55:00+09:00,,A1면,
조선일보,naver_paper,,"北포로 송환, 성과 내고도 숨기려 한 정부",,https://n.news.naver.com/mnews/article/023/0004000679,2026-09-28T00:56:00+09:00,,A1면,
조선일보,naver_paper,,알맹이 없었던 美中 정상회담,,https://n.news.naver.com/mnews/article/023/0004000677,2026-09-28T00:54:00+09:00,,A1면,
조선일보,naver_paper,,[단독] 폭발 현장 장병들 “北 목함지뢰 봤다”,,https://n.news.naver.com/mnews/article/023/0004000684,2026-09-28T05:01:00+09:00,,A1면,
조선일보,naver_paper,,"[단독] 1년 8개월간 활동 제한… 北포로들, 우울증 호소",,https://n.news.naver.com/mnews/article/023/0004000683,2026-09-28T05:01:00+09:00,,A2면,
조선일보,naver_paper,,北지뢰지대 작년 포착… 확인 지시 뭉갠 前 사단장,,https://n.news.naver.com/mnews/article/023/0004000675,2026-09-28T00:52:00+09:00,,A3면,
조선일보,naver_paper,,野 “조사 고의 지연” 與 “음모론 멈춰라”,,https://n.news.naver.com/mnews/article/023/0004000676,2026-09-28T00:52:00+09:00,,A3면,
조선일보,naver_paper,,"시진핑, 백악관 국빈 만찬서 ‘인민복’ 입은 이유는?",,https://n.news.naver.com/mnews/article/023/0004000574,2026-09-27T16:05:00+09:00,,A4면,
조선일보,naver_paper,,"‘2차대전’ 언급에 놀라… 다카이치, 트럼프에 긴급 전화",,https://n.news.naver.com/mnews/article/023/0004000674,2026-09-28T00:51:00+09:00,,A4면,
조선일보,naver_paper,,"김승원, 35가지 회계 부정 의혹… “與·선관위, 제보받고도 뭉개”",,https://n.news.naver.com/mnews/article/023/0004000673,2026-09-28T00:50:00+09:00,,A5면,
조선일보,naver_paper,,"靑·민주당, 유시민에 부글부글 “쓴소리 넘어 저주 수준”",,https://n.news.naver.com/mnews/article/023/0004000671,2026-09-28T00:50:00+09:00,,A5면,
조선일보,naver_paper,,李 “농지 전수조사 꼭 필요”… 민주당은 “농민께 사과”,,https://n.news.naver.com/mnews/article/023/0004000672,2026-09-28T00:50:00+09:00,,A5면,
조선일보,naver_paper,,경단녀에 푹 꺼졌던 ‘M자 커브’도 사라져,,https://n.news.naver.com/mnews/article/023/0004000668,2026-09-28T00:49:00+09:00,,A6면,
조선일보,naver_paper,,"독박육아 대신 일터… 30대 후반 女고용, 이대남 제쳤다",,https://n.news.naver.com/mnews/article/023/0004000669,2026-09-28T00:49:00+09:00,,A6면,
조선일보,naver_paper,,‘주 2회 이상 폭음’ 男 줄고 女는 늘어,,https://n.news.naver.com/mnews/article/023/0004000670,2026-09-28T00:49:00+09:00,,A6면,
조선일보,naver_paper,,빌 게이츠 “AI 악용 땐 10억명 죽을 수도”… 연구자들 “인류 미래 건 도박” 줄줄이 퇴사,,https://n.news.naver.com/mnews/article/023/0004000667,2026-09-28T00:48:00+09:00,,A8면,
조선일보,naver_paper,,국가도 기업도 ‘AI 감속’ 딜레마… “통제 필요하지만 뒤처지면 끝장”,,https://n.news.naver.com/mnews/article/023/0004000666,2026-09-28T00:48:00+09:00,,A8면,
조선일보,naver_paper,,[단독] 암표상들의 잔머리… “가격 먼저 제시하라”,,https://n.news.naver.com/mnews/article/023/0004000685,2026-09-28T05:01:00+09:00,,A10면,
조선일보,naver_paper,,“해운대보다 부캉이” 추석 연휴 46만명 몰렸다,,https://n.news.naver.com/mnews/article/023/0004000663,2026-09-28T00:47:00+09:00,,A10면,
조선일보,naver_paper,,“교도소라도 짓자” 인구 줄어든 지자체들 유치전,,https://n.news.naver.com/mnews/article/023/0004000664,2026-09-28T00:47:00+09:00,,A10면,
조선일보,naver_paper,,취업 자소서 대신 서술형 문답 40개… 온라인 인터뷰까지,,https://n.news.naver.com/mnews/article/023/0004000665,2026-09-28T00:47:00+09:00,,A10면,
조선일보,naver_paper,,"8주째 늘어난 독감, 작년의 4배로 급증",,https://n.news.naver.com/mnews/article/023/0004000661,2026-09-28T00:46:00+09:00,,A12면,
조선일보,naver_paper,,"서울~부산 KTX, 16년새 오히려 9분 더 느려졌다",,https://n.news.naver.com/mnews/article/023/0004000660,2026-09-28T00:46:00+09:00,,A12면,
조선일보,naver_paper,,대입 정원 채우려 노인을 학생으로 둔갑… 입시비리 3년간 10건 적발,,https://n.news.naver.com/mnews/article/023/0004000658,2026-09-28T00:46:00+09:00,,A12면,
조선일보,naver_paper,,[부음] 노두이 별세 외,,https://n.news.naver.com/mnews/article/023/0004000662,2026-09-28T00:46:00+09:00,,A12면,
조선일보,naver_paper,,‘국가 위기’ 선언에도… 여성 10명 시신에 발칵 뒤집힌 남아공,,https://n.news.naver.com/mnews/article/023/0004000653,2026-09-28T00:45:00+09:00,,A14면,
조선일보,naver_paper,,파키스탄에 등장한 ‘컨테이너 산성’,,https://n.news.naver.com/mnews/article/023/0004000654,2026-09-28T00:45:00+09:00,,A14면,
조선일보,naver_paper,,美에 ‘7일 계획’ 거절당한 이란 “기다릴 것”,,https://n.news.naver.com/mnews/article/023/0004000655,2026-09-28T00:45:00+09:00,,A14면,
조선일보,naver_paper,,"우크라, 핀란드와 11번째 드론 협약",,https://n.news.naver.com/mnews/article/023/0004000656,2026-09-28T00:45:00+09:00,,A14면,
조선일보,naver_paper,,AI음악 유튜브·멜론 차트 상위권 오르는데… 저작권 등록 못해 ‘인간 창작’ 편법 등록,,https://n.news.naver.com/mnews/article/023/0004000641,2026-09-28T00:41:00+09:00,,A16면,
조선일보,naver_paper,,육영수 여사가 문세광 총탄에 맞지 않았다고?… 영화 ‘암살자(들)’ 논란,,https://n.news.naver.com/mnews/article/023/0004000644,2026-09-28T00:42:00+09:00,,A16면,
조선일보,naver_paper,,[일사일언] 팔이 없어도 게임은 할 수 있다,,https://n.news.naver.com/mnews/article/023/0004000642,2026-09-28T00:41:00+09:00,,A16면,
조선일보,naver_paper,,“韓도 日도 버린 在日의 삶… 제사 올리듯 극 썼다”,,https://n.news.naver.com/mnews/article/023/0004000643,2026-09-28T00:42:00+09:00,,A16면,
조선일보,naver_paper,,강준이 ‘뒤집기 쇼’ 스케이트보드 金,,https://n.news.naver.com/mnews/article/023/0004000651,2026-09-28T00:44:00+09:00,,A18면,
조선일보,naver_paper,,"김도영 결승타… 숨죽였던 경기, 마지막에 치고 나갔다",,https://n.news.naver.com/mnews/article/023/0004000650,2026-09-28T00:44:00+09:00,,A18면,
조선일보,naver_paper,,[주목! 오늘의 아시안게임] 2026년 9월 28일,,https://n.news.naver.com/mnews/article/023/0004000649,2026-09-28T00:44:00+09:00,,A18면,
조선일보,naver_paper,,"‘죽기 살기’로 덤빈 여자 농구, 12년 만에 함박웃음",,https://n.news.naver.com/mnews/article/023/0004000652,2026-09-28T00:44:00+09:00,,A18면,
조선일보,naver_paper,,카누 첫 2관왕 조광희 “기쁨보다 서러움 커”,,https://n.news.naver.com/mnews/article/023/0004000645,2026-09-28T00:43:00+09:00,,A20면,
조선일보,naver_paper,,"펜싱 여자 사브르, 일본에 14점차 압승",,https://n.news.naver.com/mnews/article/023/0004000646,2026-09-28T00:43:00+09:00,,A20면,
조선일보,naver_paper,,룸메이트 언니 金에… 136㎝ 막내가 답했다,,https://n.news.naver.com/mnews/article/023/0004000648,2026-09-28T00:43:00+09:00,,A20면,
조선일보,naver_paper,,"여자 핸드볼, 3년 만에 한일전 설욕",,https://n.news.naver.com/mnews/article/023/0004000647,2026-09-28T00:43:00+09:00,,A20면,
조선일보,naver_paper,,"AI 시대, 우리가 알아야 할 것",,https://n.news.naver.com/mnews/article/023/0004000637,2026-09-28T00:40:00+09:00,,A23면,
조선일보,naver_paper,,[제31회 LG배 조선일보 기왕전] 성동격서,,https://n.news.naver.com/mnews/article/023/0004000638,2026-09-28T00:40:00+09:00,,A23면,
조선일보,naver_paper,,K컬처 폭발시킨 ‘숨은 손’… K디자인 업고 베트남으로 간다,,https://n.news.naver.com/mnews/article/023/0004000602,2026-09-27T23:32:00+09:00,,A27면,
조선일보,naver_paper,,"[심찬구의 스포츠 르네상스] ‘보편적 시청권’ 법안, 여론에 휩쓸릴 것인가 철학을 세울 것인가",,https://n.news.naver.com/mnews/article/023/0004000603,2026-09-27T23:32:00+09:00,,A29면,
조선일보,naver_paper,,[조용헌 살롱] [1551] 한동훈이라는 ‘우백호(右白虎)’의 등장,,https://n.news.naver.com/mnews/article/023/0004000604,2026-09-27T23:34:00+09:00,,A29면,
조선일보,naver_paper,,"[기고] 화재 겪은 국립한글박물관, 재개관이 전화위복 되려면",,https://n.news.naver.com/mnews/article/023/0004000605,2026-09-27T23:34:00+09:00,,A29면,
조선일보,naver_paper,,[리빙포인트] 명절에 남은 음식 활용법,,https://n.news.naver.com/mnews/article/023/0004000639,2026-09-28T00:41:00+09:00,,A29면,
조선일보,naver_paper,,[만물상] 기피 시설 유치전,,https://n.news.naver.com/mnews/article/023/0004000586,2026-09-27T19:27:00+09:00,,A30면,
조선일보,naver_paper,,[특파원 리포트] 중국 영재가 창업을 택하는 이유,,https://n.news.naver.com/mnews/article/023/0004000606,2026-09-27T23:36:00+09:00,,A30면,
조선일보,naver_paper,,[문태준의 가슴이 따뜻해지는 詩] [140] 처서기(處暑記),,https://n.news.naver.com/mnews/article/023/0004000607,2026-09-27T23:36:00+09:00,,A30면,
조선일보,naver_paper,,"[朝鮮칼럼] 과학기술의 미래, 씨앗 아닌 토양이 키운다",,https://n.news.naver.com/mnews/article/023/0004000611,2026-09-27T23:56:00+09:00,,A30면,
조선일보,naver_paper,,[태평로] 공소 취소는 불행으로 가는 길,,https://n.news.naver.com/mnews/article/023/0004000608,2026-09-27T23:38:00+09:00,,A31면,
조선일보,naver_paper,,[강헌의 히스토리 인 팝스] [332] 미국의 일상이 된 중고차,,https://n.news.naver.com/mnews/article/023/0004000609,2026-09-27T23:39:00+09:00,,A31면,
조선일보,naver_paper,,"[사설] 농지 조사 “투기는 계속 추적”, 부동산 실패 닮아간다",,https://n.news.naver.com/mnews/article/023/0004000612,2026-09-28T00:01:00+09:00,,A31면,
조선일보,naver_paper,,"[사설] 지뢰 현장 늦어지면 손상될 뿐, 안전해지지 않는다",,https://n.news.naver.com/mnews/article/023/0004000613,2026-09-28T00:10:00+09:00,,A31면,
조선일보,naver_paper,,"[사설] 석 달 전 예고, 이미 입국, 공개하면 왜 위험해지나",,https://n.news.naver.com/mnews/article/023/0004000614,2026-09-28T00:21:00+09:00,,A31면,
조선일보,naver_paper,,"30대 후반 여성 고용률 71%, 역대 최고",,https://n.news.naver.com/mnews/article/023/0004000678,2026-09-28T00:55:00+09:00,,A1면,
조선일보,naver_paper,,"北포로 송환, 성과 내고도 숨기려 한 정부",,https://n.news.naver.com/mnews/article/023/0004000679,2026-09-28T00:56:00+09:00,,A1면,
조선일보,naver_paper,,알맹이 없었던 美中 정상회담,,https://n.news.naver.com/mnews/article/023/0004000677,2026-09-28T00:54:00+09:00,,A1면,
조선일보,naver_paper,,[단독] 폭발 현장 장병들 “北 목함지뢰 봤다”,,https://n.news.naver.com/mnews/article/023/0004000684,2026-09-28T05:01:00+09:00,,A1면,
조선일보,naver_paper,,"[단독] 1년 8개월간 활동 제한… 北포로들, 우울증 호소",,https://n.news.naver.com/mnews/article/023/0004000683,2026-09-28T05:01:00+09:00,,A2면,
조선일보,naver_paper,,北지뢰지대 작년 포착… 확인 지시 뭉갠 前 사단장,,https://n.news.naver.com/mnews/article/023/0004000675,2026-09-28T00:52:00+09:00,,A3면,
조선일보,naver_paper,,野 “조사 고의 지연” 與 “음모론 멈춰라”,,https://n.news.naver.com/mnews/article/023/0004000676,2026-09-28T00:52:00+09:00,,A3면,
조선일보,naver_paper,,"시진핑, 백악관 국빈 만찬서 ‘인민복’ 입은 이유는?",,https://n.news.naver.com/mnews/article/023/0004000574,2026-09-27T16:05:00+09:00,,A4면,
조선일보,naver_paper,,"‘2차대전’ 언급에 놀라… 다카이치, 트럼프에 긴급 전화",,https://n.news.naver.com/mnews/article/023/0004000674,2026-09-28T00:51:00+09:00,,A4면,
조선일보,naver_paper,,"김승원, 35가지 회계 부정 의혹… “與·선관위, 제보받고도 뭉개”",,https://n.news.naver.com/mnews/article/023/0004000673,2026-09-28T00:50:00+09:00,,A5면,
조선일보,naver_paper,,"靑·민주당, 유시민에 부글부글 “쓴소리 넘어 저주 수준”",,https://n.news.naver.com/mnews/article/023/0004000671,2026-09-28T00:50:00+09:00,,A5면,
조선일보,naver_paper,,李 “농지 전수조사 꼭 필요”… 민주당은 “농민께 사과”,,https://n.news.naver.com/mnews/article/023/0004000672,2026-09-28T00:50:00+09:00,,A5면,
조선일보,naver_paper,,경단녀에 푹 꺼졌던 ‘M자 커브’도 사라져,,https://n.news.naver.com/mnews/article/023/0004000668,2026-09-28T00:49:00+09:00,,A6면,
조선일보,naver_paper,,"독박육아 대신 일터… 30대 후반 女고용, 이대남 제쳤다",,https://n.news.naver.com/mnews/article/023/0004000669,2026-09-28T00:49:00+09:00,,A6면,
조선일보,naver_paper,,‘주 2회 이상 폭음’ 男 줄고 女는 늘어,,https://n.news.naver.com/mnews/article/023/0004000670,2026-09-28T00:49:00+09:00,,A6면,
조선일보,naver_paper,,빌 게이츠 “AI 악용 땐 10억명 죽을 수도”… 연구자들 “인류 미래 건 도박” 줄줄이 퇴사,,https://n.news.naver.com/mnews/article/023/0004000667,2026-09-28T00:48:00+09:00,,A8면,
조선일보,naver_paper,,국가도 기업도 ‘AI 감속’ 딜레마… “통제 필요하지만 뒤처지면 끝장”,,https://n.news.naver.com/mnews/article/023/0004000666,2026-09-28T00:48:00+09:00,,A8면,
조선일보,naver_paper,,[단독] 암표상들의 잔머리… “가격 먼저 제시하라”,,https://n.news.naver.com/mnews/article/023/0004000685,2026-09-28T05:01:00+09:00,,A10면,
조선일보,naver_paper,,“해운대보다 부캉이” 추석 연휴 46만명 몰렸다,,https://n.news.naver.com/mnews/article/023/0004000663,2026-09-28T00:47:00+09:00,,A10면,
조선일보,naver_paper,,“교도소라도 짓자” 인구 줄어든 지자체들 유치전,,https://n.news.naver.com/mnews/article/023/0004000664,2026-09-28T00:47:00+09:00,,A10면,
조선일보,naver_paper,,취업 자소서 대신 서술형 문답 40개… 온라인 인터뷰까지,,https://n.news.naver.com/mnews/article/023/0004000665,2026-09-28T00:47:00+09:00,,A10면,
조선일보,naver_paper,,"주택금융공사, 전세대출 대신 갚고 못 받은 돈 2조원 육박",,https://n.news.naver.com/mnews/article/023/0004000616,2026-09-28T00:32:00+09:00,,B1면,
조선일보,naver_paper,,0~1% 국채 속속 만기… 5%대 국채로 틀어막는 선진국,,https://n.news.naver.com/mnews/article/023/0004000617,2026-09-28T00:32:00+09:00,,B1면,
조선일보,naver_paper,,추석 선물 중고 거래… 와인 등 주류는 금지,,https://n.news.naver.com/mnews/article/023/0004000618,2026-09-28T00:32:00+09:00,,B1면,
조선일보,naver_paper,,올 서울 경매 아파트 낙찰자 70%가 실수요자,,https://n.news.naver.com/mnews/article/023/0004000621,2026-09-28T00:33:00+09:00,,B2면,
조선일보,naver_paper,,보험금 받아도 다시 보장받는 ‘리필보험’ 잇따라,,https://n.news.naver.com/mnews/article/023/0004000619,2026-09-28T00:32:00+09:00,,B2면,
조선일보,naver_paper,공정위,"공정위 출신 86명, 10대 로펌 이직… 월평균 보수 최고 3000만원 달해",,https://n.news.naver.com/mnews/article/023/0004000620,2026-09-28T00:32:00+09:00,,B2면,
조선일보,naver_paper,,“美 정권 바뀌어도 미국 내 생산 요구 계속될 것”,,https://n.news.naver.com/mnews/article/023/0004000622,2026-09-28T00:33:00+09:00,,B2면,
조선일보,naver_paper,,"현대차그룹, 포드 제치고 美 ‘톱3’ 오르나",,https://n.news.naver.com/mnews/article/023/0004000623,2026-09-28T00:34:00+09:00,,B3면,
조선일보,naver_paper,,“피부 관리 홈케어 시장은 좁다” 병원용 미용 기기 노리는 K뷰티,,https://n.news.naver.com/mnews/article/023/0004000624,2026-09-28T00:34:00+09:00,,B3면,
조선일보,naver_paper,,"‘전기 먹는 하마’ AI… 각국, 전력망 비용 부담 논란",,https://n.news.naver.com/mnews/article/023/0004000625,2026-09-28T00:34:00+09:00,,B3면,
조선일보,naver_paper,,한화에어로가 美 방산·조선 전담… 시스템은 미래 방산 주력,,https://n.news.naver.com/mnews/article/023/0004000626,2026-09-28T00:34:00+09:00,,B3면,
조선일보,naver_paper,,시야 유지하면서 작업정보 눈앞에 띄워… ‘기업용 도구’로 부활한 AR 스마트 안경,,https://n.news.naver.com/mnews/article/023/0004000627,2026-09-28T00:34:00+09:00,,B4면,
조선일보,naver_paper,,"MS, 코파일럿 개편… 24시간 일하는 ‘AI 업무 OS’로",,https://n.news.naver.com/mnews/article/023/0004000628,2026-09-28T00:35:00+09:00,,B4면,
조선일보,naver_paper,,화면 속 캐릭터와 대화… 휴대용 AI 기기 ‘뮤즈 참’,,https://n.news.naver.com/mnews/article/023/0004000629,2026-09-28T00:35:00+09:00,,B4면,
조선일보,naver_paper,,‘포켓몬 고’ 기술 활용… 로봇에 공간 지능 심는다,,https://n.news.naver.com/mnews/article/023/0004000630,2026-09-28T00:35:00+09:00,,B4면,
조선일보,naver_paper,,“강남과 맞설 서울의 새 중심축은 용서마여”,,https://n.news.naver.com/mnews/article/023/0004000632,2026-09-28T00:37:00+09:00,,B6면,
조선일보,naver_paper,,“절세하려면 퇴직금은 무조건 IRP 계좌로 수령해야”,,https://n.news.naver.com/mnews/article/023/0004000631,2026-09-28T00:37:00+09:00,,B6면,
조선일보,naver_paper,,이차전지 분야 대응 전략 공개,,https://n.news.naver.com/mnews/article/023/0004000633,2026-09-28T00:37:00+09:00,,B6면,
조선일보,naver_paper,,"서울 아파트값 85주째 상승, 文 정부 최장기록 따라잡았다",,https://n.news.naver.com/mnews/article/023/0004000287,2026-09-24T14:00:00+09:00,,B7면,
조선일보,naver_paper,,전 가구가 국민 평형… 교통 편리한 트리플 역세권,,https://n.news.naver.com/mnews/article/023/0004000634,2026-09-28T00:38:00+09:00,,B7면,
조선일보,naver_paper,,“집 사는데 쓰렴”… ‘부모 찬스’ 주택 구입 자금 올 7조 육박,,https://n.news.naver.com/mnews/article/023/0004000635,2026-09-28T00:38:00+09:00,,B7면,
조선일보,naver_paper,,"LH, 서리풀 1지구 내년 3월 보상 착수",,https://n.news.naver.com/mnews/article/023/0004000636,2026-09-28T00:38:00+09:00,,B7면,
조선일보,naver_paper,,"30대 후반 여성 고용률 71%, 역대 최고",,https://n.news.naver.com/mnews/article/023/0004000678,2026-09-28T00:55:00+09:00,,A1면,
조선일보,naver_paper,,"北포로 송환, 성과 내고도 숨기려 한 정부",,https://n.news.naver.com/mnews/article/023/0004000679,2026-09-28T00:56:00+09:00,,A1면,
조선일보,naver_paper,,알맹이 없었던 美中 정상회담,,https://n.news.naver.com/mnews/article/023/0004000677,2026-09-28T00:54:00+09:00,,A1면,
조선일보,naver_paper,,[단독] 폭발 현장 장병들 “北 목함지뢰 봤다”,,https://n.news.naver.com/mnews/article/023/0004000684,2026-09-28T05:01:00+09:00,,A1면,
조선일보,naver_paper,,"[단독] 1년 8개월간 활동 제한… 北포로들, 우울증 호소",,https://n.news.naver.com/mnews/article/023/0004000683,2026-09-28T05:01:00+09:00,,A2면,
조선일보,naver_paper,,北지뢰지대 작년 포착… 확인 지시 뭉갠 前 사단장,,https://n.news.naver.com/mnews/article/023/0004000675,2026-09-28T00:52:00+09:00,,A3면,
조선일보,naver_paper,,野 “조사 고의 지연” 與 “음모론 멈춰라”,,https://n.news.naver.com/mnews/article/023/0004000676,2026-09-28T00:52:00+09:00,,A3면,
조선일보,naver_paper,,"시진핑, 백악관 국빈 만찬서 ‘인민복’ 입은 이유는?",,https://n.news.naver.com/mnews/article/023/0004000574,2026-09-27T16:05:00+09:00,,A4면,
조선일보,naver_paper,,"‘2차대전’ 언급에 놀라… 다카이치, 트럼프에 긴급 전화",,https://n.news.naver.com/mnews/article/023/0004000674,2026-09-28T00:51:00+09:00,,A4면,
조선일보,naver_paper,,"김승원, 35가지 회계 부정 의혹… “與·선관위, 제보받고도 뭉개”",,https://n.news.naver.com/mnews/article/023/0004000673,2026-09-28T00:50:00+09:00,,A5면,
조선일보,naver_paper,,"靑·민주당, 유시민에 부글부글 “쓴소리 넘어 저주 수준”",,https://n.news.naver.com/mnews/article/023/0004000671,2026-09-28T00:50:00+09:00,,A5면,
조선일보,naver_paper,,李 “농지 전수조사 꼭 필요”… 민주당은 “농민께 사과”,,https://n.news.naver.com/mnews/article/023/0004000672,2026-09-28T00:50:00+09:00,,A5면,
조선일보,naver_paper,,경단녀에 푹 꺼졌던 ‘M자 커브’도 사라져,,https://n.news.naver.com/mnews/article/023/0004000668,2026-09-28T00:49:00+09:00,,A6면,
조선일보,naver_paper,,"독박육아 대신 일터… 30대 후반 女고용, 이대남 제쳤다",,https://n.news.naver.com/mnews/article/023/0004000669,2026-09-28T00:49:00+09:00,,A6면,
조선일보,naver_paper,,‘주 2회 이상 폭음’ 男 줄고 女는 늘어,,https://n.news.naver.com/mnews/article/023/0004000670,2026-09-28T00:49:00+09:00,,A6면,
조선일보,naver_paper,,빌 게이츠 “AI 악용 땐 10억명 죽을 수도”… 연구자들 “인류 미래 건 도박” 줄줄이 퇴사,,https://n.news.naver.com/mnews/article/023/0004000667,2026-09-28T00:48:00+09:00,,A8면,
조선일보,naver_paper,,국가도 기업도 ‘AI 감속’ 딜레마… “통제 필요하지만 뒤처지면 끝장”,,https://n.news.naver.com/mnews/article/023/0004000666,2026-09-28T00:48:00+09:00,,A8면,
조선일보,naver_paper,,[단독] 암표상들의 잔머리… “가격 먼저 제시하라”,,https://n.news.naver.com/mnews/article/023/0004000685,2026-09-28T05:01:00+09:00,,A10면,
조선일보,naver_paper,,“해운대보다 부캉이” 추석 연휴 46만명 몰렸다,,https://n.news.naver.com/mnews/article/023/0004000663,2026-09-28T00:47:00+09:00,,A10면,
조선일보,naver_paper,,“교도소라도 짓자” 인구 줄어든 지자체들 유치전,,https://n.news.naver.com/mnews/article/023/0004000664,2026-09-28T00:47:00+09:00,,A10면,
조선일보,naver_paper,,취업 자소서 대신 서술형 문답 40개… 온라인 인터뷰까지,,https://n.news.naver.com/mnews/article/023/0004000665,2026-09-28T00:47:00+09:00,,A10면,
조선일보,naver_paper,,"30대 후반 여성 고용률 71%, 역대 최고",,https://n.news.naver.com/mnews/article/023/0004000678,2026-09-28T00:55:00+09:00,,A1면,
조선일보,naver_paper,,"北포로 송환, 성과 내고도 숨기려 한 정부",,https://n.news.naver.com/mnews/article/023/0004000679,2026-09-28T00:56:00+09:00,,A1면,
조선일보,naver_paper,,알맹이 없었던 美中 정상회담,,https://n.news.naver.com/mnews/article/023/0004000677,2026-09-28T00:54:00+09:00,,A1면,
조선일보,naver_paper,,[단독] 폭발 현장 장병들 “北 목함지뢰 봤다”,,https://n.news.naver.com/mnews/article/023/0004000684,2026-09-28T05:01:00+09:00,,A1면,
조선일보,naver_paper,,"[단독] 1년 8개월간 활동 제한… 北포로들, 우울증 호소",,https://n.news.naver.com/mnews/article/023/0004000683,2026-09-28T05:01:00+09:00,,A2면,
조선일보,naver_paper,,北지뢰지대 작년 포착… 확인 지시 뭉갠 前 사단장,,https://n.news.naver.com/mnews/article/023/0004000675,2026-09-28T00:52:00+09:00,,A3면,
조선일보,naver_paper,,野 “조사 고의 지연” 與 “음모론 멈춰라”,,https://n.news.naver.com/mnews/article/023/0004000676,2026-09-28T00:52:00+09:00,,A3면,
조선일보,naver_paper,,"시진핑, 백악관 국빈 만찬서 ‘인민복’ 입은 이유는?",,https://n.news.naver.com/mnews/article/023/0004000574,2026-09-27T16:05:00+09:00,,A4면,
조선일보,naver_paper,,"‘2차대전’ 언급에 놀라… 다카이치, 트럼프에 긴급 전화",,https://n.news.naver.com/mnews/article/023/0004000674,2026-09-28T00:51:00+09:00,,A4면,
조선일보,naver_paper,,"김승원, 35가지 회계 부정 의혹… “與·선관위, 제보받고도 뭉개”",,https://n.news.naver.com/mnews/article/023/0004000673,2026-09-28T00:50:00+09:00,,A5면,
조선일보,naver_paper,,"靑·민주당, 유시민에 부글부글 “쓴소리 넘어 저주 수준”",,https://n.news.naver.com/mnews/article/023/0004000671,2026-09-28T00:50:00+09:00,,A5면,
조선일보,naver_paper,,李 “농지 전수조사 꼭 필요”… 민주당은 “농민께 사과”,,https://n.news.naver.com/mnews/article/023/0004000672,2026-09-28T00:50:00+09:00,,A5면,
조선일보,naver_paper,,경단녀에 푹 꺼졌던 ‘M자 커브’도 사라져,,https://n.news.naver.com/mnews/article/023/0004000668,2026-09-28T00:49:00+09:00,,A6면,
조선일보,naver_paper,,"독박육아 대신 일터… 30대 후반 女고용, 이대남 제쳤다",,https://n.news.naver.com/mnews/article/023/0004000669,2026-09-28T00:49:00+09:00,,A6면,
조선일보,naver_paper,,‘주 2회 이상 폭음’ 男 줄고 女는 늘어,,https://n.news.naver.com/mnews/article/023/0004000670,2026-09-28T00:49:00+09:00,,A6면,
조선일보,naver_paper,,빌 게이츠 “AI 악용 땐 10억명 죽을 수도”… 연구자들 “인류 미래 건 도박” 줄줄이 퇴사,,https://n.news.naver.com/mnews/article/023/0004000667,2026-09-28T00:48:00+09:00,,A8면,
조선일보,naver_paper,,국가도 기업도 ‘AI 감속’ 딜레마… “통제 필요하지만 뒤처지면 끝장”,,https://n.news.naver.com/mnews/article/023/0004000666,2026-09-28T00:48:00+09:00,,A8면,
조선일보,naver_paper,,[단독] 암표상들의 잔머리… “가격 먼저 제시하라”,,https://n.news.naver.com/mnews/article/023/0004000685,2026-09-28T05:01:00+09:00,,A10면,
조선일보,naver_paper,,“해운대보다 부캉이” 추석 연휴 46만명 몰렸다,,https://n.news.naver.com/mnews/article/023/0004000663,2026-09-28T00:47:00+09:00,,A10면,
조선일보,naver_paper,,“교도소라도 짓자” 인구 줄어든 지자체들 유치전,,https://n.news.naver.com/mnews/article/023/0004000664,2026-09-28T00:47:00+09:00,,A10면,
조선일보,naver_paper,,취업 자소서 대신 서술형 문답 40개… 온라인 인터뷰까지,,https://n.news.naver.com/mnews/article/023/0004000665,2026-09-28T00:47:00+09:00,,A10면,
중앙일보,naver_paper,,"軍 대인지뢰엔 28g, 北 목함지뢰엔 200g 담긴 TNT…부상자 방탄복서 발견",,https://n.news.naver.com/mnews/article/025/0003554092,2026-09-28T05:01:00+09:00,,A1면,
중앙일보,naver_paper,,“약국의 배민화 절대 안 돼” 약사 1만명 거리 뛰쳐나왔다,,https://n.news.naver.com/mnews/article/025/0003554099,2026-09-28T05:00:00+09:00,,A1면,
중앙일보,naver_paper,,[view] 미·중 맹탕 회담…북 비핵화도 실종,,https://n.news.naver.com/mnews/article/025/0003554073,2026-09-28T00:08:00+09:00,,A1면,
중앙일보,naver_paper,,"[사진] 두 번 굴욕은 없었다…한국야구, 일본 꺾고 AG 5연패",,https://n.news.naver.com/mnews/article/025/0003554071,2026-09-28T00:06:00+09:00,,A1면,
중앙일보,naver_paper,,“육영수 피격이 박정희 자작극?”…영화 ‘암살자들’ 역사왜곡 논란,,https://n.news.naver.com/mnews/article/025/0003554097,2026-09-28T05:00:00+09:00,,A2면,
중앙일보,naver_paper,,"AI, 멋대로 미·호주·유엔 침투…게이츠 “10억명 사망 우려”",,https://n.news.naver.com/mnews/article/025/0003554068,2026-09-28T00:03:00+09:00,,A3면,
중앙일보,naver_paper,,"“AI 재앙 온다, 섬 사서 벙커 만들자”…개발자들은 줄사표",,https://n.news.naver.com/mnews/article/025/0003554066,2026-09-28T00:02:00+09:00,,A3면,
중앙일보,naver_paper,,“미·중은 2차대전 동맹국”…트럼프 립서비스에 일본 당혹,,https://n.news.naver.com/mnews/article/025/0003554035,2026-09-28T00:01:00+09:00,,A4면,
중앙일보,naver_paper,,"대통령 “마이애미서 골프”…트럼프, 와일스에 “일정 잡아라”",,https://n.news.naver.com/mnews/article/025/0003554028,2026-09-28T00:01:00+09:00,,A5면,
중앙일보,naver_paper,,몸은 해외 있었지만 국내 현안 쏟아냈다…대통령의 X 정치,,https://n.news.naver.com/mnews/article/025/0003554100,2026-09-28T05:00:00+09:00,,A5면,
중앙일보,naver_paper,,[사진] 5박7일 순방 마치고 귀국,,https://n.news.naver.com/mnews/article/025/0003554046,2026-09-28T00:01:00+09:00,,A5면,
중앙일보,naver_paper,,유독 유시민만 나오면 맥 못추는 민주당,,https://n.news.naver.com/mnews/article/025/0003554034,2026-09-28T00:01:00+09:00,,A6면,
중앙일보,naver_paper,,북 포로 송환 공개에…이 대통령·젤렌스키 이례적 충돌,,https://n.news.naver.com/mnews/article/025/0003554040,2026-09-28T00:01:00+09:00,,A8면,
중앙일보,naver_paper,,국힘 운명의 일주일 온다…尹·吳 2심 공판 이번주 마무리,,https://n.news.naver.com/mnews/article/025/0003554098,2026-09-28T05:00:00+09:00,,A8면,
중앙일보,naver_paper,,"중식당 ‘시진핑’에 래커칠…중국인 넷, 식당테러 직후 출국",,https://n.news.naver.com/mnews/article/025/0003554043,2026-09-28T00:01:00+09:00,,A10면,
중앙일보,naver_paper,,700억 쏟아부은 여수 < 어쩌다 들어온 부캉이,,https://n.news.naver.com/mnews/article/025/0003554039,2026-09-28T00:01:00+09:00,,A12면,
중앙일보,naver_paper,,"“검찰 수사권 완전폐지는 위헌”…현직검사, 헌재에 권한쟁의심판",,https://n.news.naver.com/mnews/article/025/0003554027,2026-09-28T00:01:00+09:00,,A12면,
중앙일보,naver_paper,,손안에 호르무즈 있다는 트럼프…이란의 ‘7일 플랜’ 거절,,https://n.news.naver.com/mnews/article/025/0003554032,2026-09-28T00:01:00+09:00,,A14면,
중앙일보,naver_paper,,"우크라 드론에 속수무책…러, 민간기업에 방어책임 떠넘겼다",,https://n.news.naver.com/mnews/article/025/0003554030,2026-09-28T00:01:00+09:00,,A14면,
중앙일보,naver_paper,,[사진] “교황을 뵙습니다” 파리에 80만명 몰려,,https://n.news.naver.com/mnews/article/025/0003554042,2026-09-28T00:01:00+09:00,,A14면,
중앙일보,naver_paper,,‘김부장’ 정년연장? 아들·딸 눈치 본다…연내 결판낼 변수,,https://n.news.naver.com/mnews/article/025/0003554091,2026-09-28T05:00:00+09:00,,A16면,
중앙일보,naver_paper,,"“분담금커녕 11억 받아…목동 재건축, 2030년 이 가격 된다”",,https://n.news.naver.com/mnews/article/025/0003552269,2026-09-18T05:00:00+09:00,,A18면,
중앙일보,naver_paper,,"“그리 가면 어쩌냐” 말렸지만…건보 이사장, 보건소장 된 까닭",,https://n.news.naver.com/mnews/article/025/0003554093,2026-09-28T05:00:00+09:00,,A20면,
중앙일보,naver_paper,,[오늘의 날씨] 9월 28일,,https://n.news.naver.com/mnews/article/025/0003554041,2026-09-28T00:01:00+09:00,,A20면,
중앙일보,naver_paper,,"한복 입고, 무릎엔 귀여운 시츄…주한 미대사들의 ‘반려견 외교’",,https://n.news.naver.com/mnews/article/025/0003554029,2026-09-28T00:01:00+09:00,,A20면,
중앙일보,naver_paper,,[사랑방] 청주시문화산업진흥재단 外,,https://n.news.naver.com/mnews/article/025/0003554031,2026-09-28T00:01:00+09:00,,A20면,
중앙일보,naver_paper,,[부고] 김남선씨 外,,https://n.news.naver.com/mnews/article/025/0003554037,2026-09-28T00:01:00+09:00,,A20면,
중앙일보,naver_paper,,[하현옥의 세계경제전망] AI 기업의 회사채 시장 공습…숨은 빚 늘고 국채 구축 효과도,,https://n.news.naver.com/mnews/article/025/0003554077,2026-09-28T00:16:00+09:00,,A26면,
중앙일보,naver_paper,,[특파원 칼럼] 아베가 넘지 못한 과장의 문턱,,https://n.news.naver.com/mnews/article/025/0003554074,2026-09-28T00:10:00+09:00,,A26면,
중앙일보,naver_paper,,"[홍성주의 혁신의 길] 대한민국 핵융합, 어디에 베팅할 것인가",,https://n.news.naver.com/mnews/article/025/0003554076,2026-09-28T00:14:00+09:00,,A27면,
중앙일보,naver_paper,,[노트북을 열며] 한국만 실용외교,,https://n.news.naver.com/mnews/article/025/0003554072,2026-09-28T00:08:00+09:00,,A27면,
중앙일보,naver_paper,"공정위, 주병기","[서경호의 시선] 주병기호 공정위 1년, 빛과 그림자",,https://n.news.naver.com/mnews/article/025/0003554078,2026-09-28T00:18:00+09:00,,A28면,
중앙일보,naver_paper,,[노정태의 타임머신] 페니실린 발견,,https://n.news.naver.com/mnews/article/025/0003554070,2026-09-28T00:06:00+09:00,,A28면,
중앙일보,naver_paper,,[이준의 인사이드 아트] 자신이라는 타자 마주한 이우환,,https://n.news.naver.com/mnews/article/025/0003554075,2026-09-28T00:12:00+09:00,,A29면,
중앙일보,naver_paper,,[김한진의 마켓 나우] 좋은 금리 인상은 증시도 살린다,,https://n.news.naver.com/mnews/article/025/0003554069,2026-09-28T00:04:00+09:00,,A29면,
중앙일보,naver_paper,,[이현상의 시시각각] 위헌·내란이라며 헌재엔 왜 안 가나,,https://n.news.naver.com/mnews/article/025/0003554079,2026-09-28T00:20:00+09:00,,A30면,
중앙일보,naver_paper,,"[사설] DMZ 지뢰 사고 늑장 조사, 도대체 이유가 뭔가",,https://n.news.naver.com/mnews/article/025/0003554083,2026-09-28T00:28:00+09:00,,A30면,
중앙일보,naver_paper,,[사설] 특검 이어 내란 특수본 추진…그러고도 ‘민생 올인’ 말하나,,https://n.news.naver.com/mnews/article/025/0003554082,2026-09-28T00:26:00+09:00,,A30면,
중앙일보,naver_paper,,"[사설] 북한군 포로 입국, 파병 실상 밝히고 신변 보호 철저히",,https://n.news.naver.com/mnews/article/025/0003554081,2026-09-28T00:24:00+09:00,,A30면,
중앙일보,naver_paper,,[한 컷] 아슬아슬 줄타기,,https://n.news.naver.com/mnews/article/025/0003554062,2026-09-28T00:02:00+09:00,,A30면,
중앙일보,naver_paper,,[최훈 칼럼] 시장을 이길 정부는 없다,,https://n.news.naver.com/mnews/article/025/0003554080,2026-09-28T00:22:00+09:00,,A31면,
중앙일보,naver_paper,,[유상철의 중국 읽기] 기술 자랑은 옛말…인문 강조하는 중국,,https://n.news.naver.com/mnews/article/025/0003554047,2026-09-28T00:02:00+09:00,,A31면,
중앙일보,naver_paper,,"軍 대인지뢰엔 28g, 北 목함지뢰엔 200g 담긴 TNT…부상자 방탄복서 발견",,https://n.news.naver.com/mnews/article/025/0003554092,2026-09-28T05:01:00+09:00,,A1면,
중앙일보,naver_paper,,“약국의 배민화 절대 안 돼” 약사 1만명 거리 뛰쳐나왔다,,https://n.news.naver.com/mnews/article/025/0003554099,2026-09-28T05:00:00+09:00,,A1면,
중앙일보,naver_paper,,[view] 미·중 맹탕 회담…북 비핵화도 실종,,https://n.news.naver.com/mnews/article/025/0003554073,2026-09-28T00:08:00+09:00,,A1면,
중앙일보,naver_paper,,"[사진] 두 번 굴욕은 없었다…한국야구, 일본 꺾고 AG 5연패",,https://n.news.naver.com/mnews/article/025/0003554071,2026-09-28T00:06:00+09:00,,A1면,
중앙일보,naver_paper,,“육영수 피격이 박정희 자작극?”…영화 ‘암살자들’ 역사왜곡 논란,,https://n.news.naver.com/mnews/article/025/0003554097,2026-09-28T05:00:00+09:00,,A2면,
중앙일보,naver_paper,,"AI, 멋대로 미·호주·유엔 침투…게이츠 “10억명 사망 우려”",,https://n.news.naver.com/mnews/article/025/0003554068,2026-09-28T00:03:00+09:00,,A3면,
중앙일보,naver_paper,,"“AI 재앙 온다, 섬 사서 벙커 만들자”…개발자들은 줄사표",,https://n.news.naver.com/mnews/article/025/0003554066,2026-09-28T00:02:00+09:00,,A3면,
중앙일보,naver_paper,,“미·중은 2차대전 동맹국”…트럼프 립서비스에 일본 당혹,,https://n.news.naver.com/mnews/article/025/0003554035,2026-09-28T00:01:00+09:00,,A4면,
중앙일보,naver_paper,,"대통령 “마이애미서 골프”…트럼프, 와일스에 “일정 잡아라”",,https://n.news.naver.com/mnews/article/025/0003554028,2026-09-28T00:01:00+09:00,,A5면,
중앙일보,naver_paper,,몸은 해외 있었지만 국내 현안 쏟아냈다…대통령의 X 정치,,https://n.news.naver.com/mnews/article/025/0003554100,2026-09-28T05:00:00+09:00,,A5면,
중앙일보,naver_paper,,[사진] 5박7일 순방 마치고 귀국,,https://n.news.naver.com/mnews/article/025/0003554046,2026-09-28T00:01:00+09:00,,A5면,
중앙일보,naver_paper,,유독 유시민만 나오면 맥 못추는 민주당,,https://n.news.naver.com/mnews/article/025/0003554034,2026-09-28T00:01:00+09:00,,A6면,
중앙일보,naver_paper,,북 포로 송환 공개에…이 대통령·젤렌스키 이례적 충돌,,https://n.news.naver.com/mnews/article/025/0003554040,2026-09-28T00:01:00+09:00,,A8면,
중앙일보,naver_paper,,국힘 운명의 일주일 온다…尹·吳 2심 공판 이번주 마무리,,https://n.news.naver.com/mnews/article/025/0003554098,2026-09-28T05:00:00+09:00,,A8면,
중앙일보,naver_paper,,"중식당 ‘시진핑’에 래커칠…중국인 넷, 식당테러 직후 출국",,https://n.news.naver.com/mnews/article/025/0003554043,2026-09-28T00:01:00+09:00,,A10면,
중앙일보,naver_paper,,“부르카 써도 눈은 보인다”…20억 무슬림 홀린 ‘K아이크림’,,https://n.news.naver.com/mnews/article/025/0003554101,2026-09-28T05:00:00+09:00,,E1면,
중앙일보,naver_paper,,"보유세·양도세 버거운 강남…반포 5억, 도곡 2억 낮춰 급매",,https://n.news.naver.com/mnews/article/025/0003554033,2026-09-28T00:01:00+09:00,,E1면,
중앙일보,naver_paper,,미국 금리 5% 뉴노멀? 한국에도 날아드는 ‘이자 청구서’,,https://n.news.naver.com/mnews/article/025/0003554038,2026-09-28T00:01:00+09:00,,E2면,
중앙일보,naver_paper,,역대급 실적 증권가 채용 훈풍…‘은준생’ 이어 ‘증준생’도 뜬다,,https://n.news.naver.com/mnews/article/025/0003554026,2026-09-28T00:01:00+09:00,,E2면,
중앙일보,naver_paper,,미성년 주주 77만명…ETF 학습지까지 등장,,https://n.news.naver.com/mnews/article/025/0003554044,2026-09-28T00:01:00+09:00,,E2면,
중앙일보,naver_paper,,[사진] 주거비 부담 커지는 서울 중산층,,https://n.news.naver.com/mnews/article/025/0003554053,2026-09-28T00:02:00+09:00,,E2면,
중앙일보,naver_paper,,삼전 3분기 영업익 100조 넘나…“4분기엔 120조” 전망도,,https://n.news.naver.com/mnews/article/025/0003554036,2026-09-28T00:01:00+09:00,,E3면,
중앙일보,naver_paper,,북극항로 여는 K조선…얼음 헤치는 핵심기술 만든다,,https://n.news.naver.com/mnews/article/025/0003554065,2026-09-28T00:02:00+09:00,,E3면,
중앙일보,naver_paper,,[프리즘] 일자리 오디세이…청년 귀향 돕는 ‘산학연협력 EXPO’,,https://n.news.naver.com/mnews/article/025/0003554052,2026-09-28T00:02:00+09:00,,E3면,
중앙일보,naver_paper,,"[우리말 바루기] 과실, 과일, 과자",,https://n.news.naver.com/mnews/article/025/0003554048,2026-09-28T00:02:00+09:00,,E3면,
중앙일보,naver_paper,,"농지 전수조사 논란에…“투기 엄단, 관행적 위반은 정상화”",,https://n.news.naver.com/mnews/article/025/0003554060,2026-09-28T00:02:00+09:00,,E4면,
중앙일보,naver_paper,,"유튜브 크리에이아이터 떴다…AI가 영상 편집, 썸네일도 ‘픽’",,https://n.news.naver.com/mnews/article/025/0003554055,2026-09-28T00:02:00+09:00,,E4면,
중앙일보,naver_paper,,혼밥 즐기는 건 성격·스타일 때문?…학력 수준·출신지역 요인 더 컸다,,https://n.news.naver.com/mnews/article/025/0003554049,2026-09-28T00:02:00+09:00,,E4면,
중앙일보,naver_paper,,"[Biz & Now] LG전자, 엔비디아 전력·냉각 공식 파트너 올라",,https://n.news.naver.com/mnews/article/025/0003554064,2026-09-28T00:02:00+09:00,,E4면,
중앙일보,naver_paper,,[사진] 멕시코 입맛 잡은 ‘농심 한강라면’,,https://n.news.naver.com/mnews/article/025/0003554056,2026-09-28T00:02:00+09:00,,E4면,
중앙일보,naver_paper,,[로또 복권] 9월 26일,,https://n.news.naver.com/mnews/article/025/0003554059,2026-09-28T00:02:00+09:00,,E4면,
중앙일보,naver_paper,,장애인 된 오이디푸스가 이 시대에 묻는다,,https://n.news.naver.com/mnews/article/025/0003554063,2026-09-28T00:02:00+09:00,,E5면,
중앙일보,naver_paper,,"하버드 석학이 찍었다, 노벨문학상 유력 후보 둘",,https://n.news.naver.com/mnews/article/025/0003554067,2026-09-28T00:03:00+09:00,,E5면,
중앙일보,naver_paper,,"‘숏드라마 감독’ 된 배우 이주승…“90초씩 끊을 뿐, 이야기가 전부”",,https://n.news.naver.com/mnews/article/025/0003554058,2026-09-28T00:02:00+09:00,,E5면,
중앙일보,naver_paper,,20억보다 설레는 NBA,,https://n.news.naver.com/mnews/article/025/0003554050,2026-09-28T00:02:00+09:00,,E6면,
중앙일보,naver_paper,,한국 골퍼들 세리머니가 비신사적?…김시우 포효한 진짜 이유,,https://n.news.naver.com/mnews/article/025/0003554102,2026-09-28T05:00:00+09:00,,E6면,
중앙일보,naver_paper,,약속의 8회…김도영 있었다,,https://n.news.naver.com/mnews/article/025/0003554057,2026-09-28T00:02:00+09:00,,E7면,
중앙일보,naver_paper,,날아라 골드보드,,https://n.news.naver.com/mnews/article/025/0003554061,2026-09-28T00:02:00+09:00,,E7면,
중앙일보,naver_paper,,"[삼성화재배 AI와 함께하는 바둑 해설] 흑, 좋은 수 놓치다",,https://n.news.naver.com/mnews/article/025/0003554051,2026-09-28T00:02:00+09:00,,E7면,
중앙일보,naver_paper,,[오늘의 운세] 9월 28일,,https://n.news.naver.com/mnews/article/025/0003554045,2026-09-28T00:01:00+09:00,,E7면,
중앙일보,naver_paper,,"軍 대인지뢰엔 28g, 北 목함지뢰엔 200g 담긴 TNT…부상자 방탄복서 발견",,https://n.news.naver.com/mnews/article/025/0003554092,2026-09-28T05:01:00+09:00,,A1면,
중앙일보,naver_paper,,“약국의 배민화 절대 안 돼” 약사 1만명 거리 뛰쳐나왔다,,https://n.news.naver.com/mnews/article/025/0003554099,2026-09-28T05:00:00+09:00,,A1면,
중앙일보,naver_paper,,[view] 미·중 맹탕 회담…북 비핵화도 실종,,https://n.news.naver.com/mnews/article/025/0003554073,2026-09-28T00:08:00+09:00,,A1면,
중앙일보,naver_paper,,"[사진] 두 번 굴욕은 없었다…한국야구, 일본 꺾고 AG 5연패",,https://n.news.naver.com/mnews/article/025/0003554071,2026-09-28T00:06:00+09:00,,A1면,
중앙일보,naver_paper,,“육영수 피격이 박정희 자작극?”…영화 ‘암살자들’ 역사왜곡 논란,,https://n.news.naver.com/mnews/article/025/0003554097,2026-09-28T05:00:00+09:00,,A2면,
중앙일보,naver_paper,,"AI, 멋대로 미·호주·유엔 침투…게이츠 “10억명 사망 우려”",,https://n.news.naver.com/mnews/article/025/0003554068,2026-09-28T00:03:00+09:00,,A3면,
중앙일보,naver_paper,,"“AI 재앙 온다, 섬 사서 벙커 만들자”…개발자들은 줄사표",,https://n.news.naver.com/mnews/article/025/0003554066,2026-09-28T00:02:00+09:00,,A3면,
중앙일보,naver_paper,,“미·중은 2차대전 동맹국”…트럼프 립서비스에 일본 당혹,,https://n.news.naver.com/mnews/article/025/0003554035,2026-09-28T00:01:00+09:00,,A4면,
중앙일보,naver_paper,,"대통령 “마이애미서 골프”…트럼프, 와일스에 “일정 잡아라”",,https://n.news.naver.com/mnews/article/025/0003554028,2026-09-28T00:01:00+09:00,,A5면,
중앙일보,naver_paper,,몸은 해외 있었지만 국내 현안 쏟아냈다…대통령의 X 정치,,https://n.news.naver.com/mnews/article/025/0003554100,2026-09-28T05:00:00+09:00,,A5면,
중앙일보,naver_paper,,[사진] 5박7일 순방 마치고 귀국,,https://n.news.naver.com/mnews/article/025/0003554046,2026-09-28T00:01:00+09:00,,A5면,
중앙일보,naver_paper,,유독 유시민만 나오면 맥 못추는 민주당,,https://n.news.naver.com/mnews/article/025/0003554034,2026-09-28T00:01:00+09:00,,A6면,
중앙일보,naver_paper,,북 포로 송환 공개에…이 대통령·젤렌스키 이례적 충돌,,https://n.news.naver.com/mnews/article/025/0003554040,2026-09-28T00:01:00+09:00,,A8면,
중앙일보,naver_paper,,국힘 운명의 일주일 온다…尹·吳 2심 공판 이번주 마무리,,https://n.news.naver.com/mnews/article/025/0003554098,2026-09-28T05:00:00+09:00,,A8면,
중앙일보,naver_paper,,"중식당 ‘시진핑’에 래커칠…중국인 넷, 식당테러 직후 출국",,https://n.news.naver.com/mnews/article/025/0003554043,2026-09-28T00:01:00+09:00,,A10면,
중앙일보,naver_paper,,"[가을이 머무는 도시, 대구] 400년 은행나무·은빛 억새 … 대구 가을 빛깔에 반하다",,https://n.news.naver.com/mnews/article/025/0003554106,2026-09-28T05:30:00+09:00,,C1면,
중앙일보,naver_paper,,"[가을이 머무는 도시, 대구] 구암서원·팔공산 … 가을 정취 ‘두 발’로 만끽하세요",,https://n.news.naver.com/mnews/article/025/0003554103,2026-09-28T05:30:00+09:00,,C2면,
중앙일보,naver_paper,,"[가을이 머무는 도시, 대구] 전국 유명 떡볶이 맛집과 이색 막창 한자리서 맛보세요",,https://n.news.naver.com/mnews/article/025/0003554104,2026-09-28T05:30:00+09:00,,C3면,
중앙일보,naver_paper,,"[가을이 머무는 도시, 대구] 선선한 가을, 오페라 선율 따라 걷고 명화에 감동하다",,https://n.news.naver.com/mnews/article/025/0003554105,2026-09-28T05:30:00+09:00,,C3면,
한겨레,naver_paper,,"네팔 대홍수, 탄소 배출국 ‘책임액’ 미·중 압도적…국가간 소송은 미지수",,https://n.news.naver.com/mnews/article/028/0002824861,2026-09-28T05:02:00+09:00,,1면,
한겨레,naver_paper,,반도체 호황에 올해 초과세수 60조 넘는다…정부 전망치 수정,,https://n.news.naver.com/mnews/article/028/0002824808,2026-09-27T17:20:00+09:00,,1면,
한겨레,naver_paper,,"G2, 빅딜 대신 ‘무역휴전 연장’…AI·군사 위기관리 안전판은 도출",,https://n.news.naver.com/mnews/article/028/0002824831,2026-09-27T18:58:00+09:00,,1면,
한겨레,naver_paper,,"“여기서 끝나? 말도 안 되지!”…17살 강준이, 금빛 비상",,https://n.news.naver.com/mnews/article/028/0002824824,2026-09-27T18:28:00+09:00,,2면,
한겨레,naver_paper,,"‘실업 대표’ 일본에 진땀승…한국야구, 아슬아슬 5연패",,https://n.news.naver.com/mnews/article/028/0002824848,2026-09-27T21:54:00+09:00,,2면,
한겨레,naver_paper,,중수청 10월2일 출범…김지용 검증 ‘뜨거운 감자’,,https://n.news.naver.com/mnews/article/028/0002824836,2026-09-27T19:42:00+09:00,,3면,
한겨레,naver_paper,,"“이 대통령, 국민 속였다” 유시민에 민주 “억지주장·과유불급”",,https://n.news.naver.com/mnews/article/028/0002824841,2026-09-27T20:16:00+09:00,,3면,
한겨레,naver_paper,,이 대통령 ‘심란한 귀국’…인사·재제청·내란 특수본 ‘난제 겹겹’,,https://n.news.naver.com/mnews/article/028/0002824852,2026-09-27T23:02:00+09:00,,3면,
한겨레,naver_paper,,"‘북한 비핵화’, 이번 미중 정상회담에선 빠져…북미 대화 논의 여부도 미공개",,https://n.news.naver.com/mnews/article/028/0002824784,2026-09-27T15:12:00+09:00,,4면,
한겨레,naver_paper,,비공개 원칙 깨진 ‘북한 포로 송환’…국힘 “김정은 심기 경호” 색깔공세,,https://n.news.naver.com/mnews/article/028/0002824837,2026-09-27T19:44:00+09:00,,5면,
한겨레,naver_paper,,지뢰 사고 6일 만에 DMZ 현장조사…폭발 지점엔 도달 못 해,,https://n.news.naver.com/mnews/article/028/0002824846,2026-09-27T20:54:00+09:00,,5면,
한겨레,naver_paper,,이 대통령 “‘좋아요’ 누르기도 원하는 세상 위해 꼭 필요…함께 해달라”,,https://n.news.naver.com/mnews/article/028/0002824849,2026-09-27T22:08:00+09:00,,5면,
한겨레,naver_paper,,"트럼프, 한·미 회담 위해 연설 30분 늦춰…‘골프 회동’ 즉석 지시도",,https://n.news.naver.com/mnews/article/028/0002824851,2026-09-27T23:02:00+09:00,,5면,
한겨레,naver_paper,,"주검조차 못 찾은 6163명, ‘상징적 장례’만…‘재건 단계’로 전환",,https://n.news.naver.com/mnews/article/028/0002824863,2026-09-28T05:02:00+09:00,,6면,
한겨레,naver_paper,,"네팔 대홍수 한달…“살아남은 이들도 삶과 단절, 비극적 상황 안끝나”",,https://n.news.naver.com/mnews/article/028/0002824858,2026-09-28T05:02:00+09:00,,6면,
한겨레,naver_paper,,‘시진핑’에 페인트 뿌리고 달아난 중국인들…식당 이름에 불만?,,https://n.news.naver.com/mnews/article/028/0002824766,2026-09-27T14:02:00+09:00,,9면,
한겨레,naver_paper,,"[단독] ‘의약품 중독’ 10대, 5년새 최고 2315명…81% 여성",,https://n.news.naver.com/mnews/article/028/0002824795,2026-09-27T15:58:00+09:00,,9면,
한겨레,naver_paper,,"검찰 폐지 D-5, 사건·증거 이동 막바지…중수청 구성은 난항",,https://n.news.naver.com/mnews/article/028/0002824834,2026-09-27T19:28:00+09:00,,9면,
한겨레,naver_paper,,"우리가 아는 제철, 상식을 뒤집다",,https://n.news.naver.com/mnews/article/028/0002824865,2026-09-28T05:02:00+09:00,,10면,
한겨레,naver_paper,,"[단독] 육본 군종 대령, ‘부하 성희롱·폭행’ 징계 뒤 전역",,https://n.news.naver.com/mnews/article/028/0002824869,2026-09-28T05:02:00+09:00,,10면,
한겨레,naver_paper,,부산 온 김에 ‘부캉이’ 상어 보자…추석에 41만명 몰려,,https://n.news.naver.com/mnews/article/028/0002824745,2026-09-27T10:34:00+09:00,,12면,
한겨레,naver_paper,,"‘피격 서해 공무원 월북 추정’ 발표한 해경 간부, 직위해제 취소",,https://n.news.naver.com/mnews/article/028/0002824748,2026-09-27T11:08:00+09:00,,12면,
한겨레,naver_paper,,4년 전 감리단장 숨진 공사…양주시 책임 충분히 따졌나,,https://n.news.naver.com/mnews/article/028/0002824832,2026-09-27T19:00:00+09:00,,12면,
한겨레,naver_paper,,[현장] 100년 다리 ‘휘청’ 지자체 허리 휜다… 이동편의·예산부담 딜레마,,https://n.news.naver.com/mnews/article/028/0002824866,2026-09-28T05:02:00+09:00,,12면,
한겨레,naver_paper,,"주일미군, ‘중국 사정권’ 미사일체계 ‘타이폰’ 오키나와에 보관…상시배치 우려",,https://n.news.naver.com/mnews/article/028/0002824791,2026-09-27T15:38:00+09:00,,13면,
한겨레,naver_paper,,"정상회담 이틀 만에 중국, UN서 미국 비판…“중동국가 주권 존중해야”",,https://n.news.naver.com/mnews/article/028/0002824798,2026-09-27T16:16:00+09:00,,13면,
한겨레,naver_paper,,빌 게이츠 “불순한 세력이 AI 쓰면 10억명 사망할 수 있어”,,https://n.news.naver.com/mnews/article/028/0002824799,2026-09-27T16:20:00+09:00,,13면,
한겨레,naver_paper,,"은행 대출, 신규보다 갈아타기 평균금리 높아…최대 2.33%p 차이",,https://n.news.naver.com/mnews/article/028/0002824773,2026-09-27T14:26:00+09:00,,14면,
한겨레,naver_paper,산업부,늦어지는 대미투자 발표 왜? 산업부 “한미 협의 완료…미 내부 절차 남아”,,https://n.news.naver.com/mnews/article/028/0002824794,2026-09-27T15:54:00+09:00,,14면,
한겨레,naver_paper,,역대 최대 초과세수에 내년 ‘미래대응기금’ 200조원 육박할 듯,,https://n.news.naver.com/mnews/article/028/0002824812,2026-09-27T17:40:00+09:00,,14면,
한겨레,naver_paper,,강남3구 아파트 실거래가 6억~7억씩 ‘뚝’…매물 두 달 새 25% 늘어,,https://n.news.naver.com/mnews/article/028/0002824792,2026-09-27T15:40:00+09:00,,16면,
한겨레,naver_paper,,"미 국채 10년물, ‘5% 벽’ 뚫고 치솟아…세계 금융시장 ‘뇌관’ 될까",,https://n.news.naver.com/mnews/article/028/0002824807,2026-09-27T17:14:00+09:00,,16면,
한겨레,naver_paper,,[뉴스AS] ‘연소득 1억 부부’ 이미 공공임대 가능한데…‘보편형 임대’ 형평성 논란,,https://n.news.naver.com/mnews/article/028/0002824811,2026-09-27T17:38:00+09:00,,16면,
한겨레,naver_paper,,기아 사장도 놀란 유럽의 PV5 ‘자생적 생태계’…국내서도 활짝 열릴까,,https://n.news.naver.com/mnews/article/028/0002824862,2026-09-28T05:02:00+09:00,,17면,
한겨레,naver_paper,,"일상은 전기로, 배터리 떨어지면 하이브리드로…올 뉴 라브4 PHEV",,https://n.news.naver.com/mnews/article/028/0002824867,2026-09-28T05:02:00+09:00,,17면,
한겨레,naver_paper,,"‘극장판 치이카와’, 암살자(들) 누르고 예매율 1위…한국서도 ‘천만 돌풍’?",,https://n.news.naver.com/mnews/article/028/0002824780,2026-09-27T15:02:00+09:00,,19면,
한겨레,naver_paper,,“정체 숨겨야 더 재밌다”…드라마·예능 파고든 ‘위장 잠입’,,https://n.news.naver.com/mnews/article/028/0002824765,2026-09-27T13:50:00+09:00,,19면,
한겨레,naver_paper,,"‘고음악의 무법자’ 아트하우스17 “중요한 건 맥락, 오래된 음악도 공감 가능”",,https://n.news.naver.com/mnews/article/028/0002824768,2026-09-27T14:04:00+09:00,,19면,
한겨레,naver_paper,,9월28일 한겨레 인사,,https://n.news.naver.com/mnews/article/028/0002824771,2026-09-27T14:22:00+09:00,,21면,
한겨레,naver_paper,,“‘한국어 말뭉치’ 구축에 힘 되려 30년 세월 바쳤죠”,,https://n.news.naver.com/mnews/article/028/0002824816,2026-09-27T18:12:00+09:00,,21면,
한겨레,naver_paper,,“하루 한끼 먹고 비행기장 일…어디 배고파서 살겄냐”,,https://n.news.naver.com/mnews/article/028/0002824818,2026-09-27T18:18:00+09:00,,21면,
한겨레,naver_paper,,9월28일 인사,,https://n.news.naver.com/mnews/article/028/0002824819,2026-09-27T18:20:00+09:00,,21면,
한겨레,naver_paper,,9월28일 궂긴 소식,,https://n.news.naver.com/mnews/article/028/0002824820,2026-09-27T18:20:00+09:00,,21면,
한겨레,naver_paper,,"‘장난꾸러기’ 말과 3년 호흡…남동헌, 승마 12년 만에 금 되찾았다",,https://n.news.naver.com/mnews/article/028/0002824760,2026-09-27T13:22:00+09:00,,22면,
한겨레,naver_paper,,기대만큼 큰 실망…‘은빛 물살’ 수영·‘노실버’ 탁구·‘노골드’ 정구,,https://n.news.naver.com/mnews/article/028/0002824838,2026-09-27T20:04:00+09:00,,22면,
한겨레,naver_paper,,"‘스마일 점퍼’ 우상혁, 부상 딛고 웃었다…동메달 획득",,https://n.news.naver.com/mnews/article/028/0002824847,2026-09-27T21:32:00+09:00,,22면,
한겨레,naver_paper,,"여자핸드볼, 일본 꺾고 8년 만에 AG 정상 탈환",,https://n.news.naver.com/mnews/article/028/0002824835,2026-09-27T19:42:00+09:00,,22면,
한겨레,naver_paper,,이 대통령 ‘사법 리스크’가 가라앉지 않는 이유,,https://n.news.naver.com/mnews/article/028/0002824738,2026-09-27T09:02:00+09:00,,23면,
한겨레,naver_paper,,9월28일 알림,,https://n.news.naver.com/mnews/article/028/0002824821,2026-09-27T18:20:00+09:00,,23면,
한겨레,naver_paper,,네팔과 송전탑 [서울 말고],,https://n.news.naver.com/mnews/article/028/0002824802,2026-09-27T16:44:00+09:00,,24면,
한겨레,naver_paper,,집에 들인다고 반려동물일까? [이형주의 비인간동물사],,https://n.news.naver.com/mnews/article/028/0002824803,2026-09-27T16:48:00+09:00,,24면,
한겨레,naver_paper,,"벌레의 마음, 해파리의 마음 [이대한의 낭만연구실]",,https://n.news.naver.com/mnews/article/028/0002824830,2026-09-27T18:40:00+09:00,,24면,
한겨레,naver_paper,,"코인, 정치적 내러티브를 잃다 [헬로, 크립토]",,https://n.news.naver.com/mnews/article/028/0002824804,2026-09-27T16:52:00+09:00,,25면,
한겨레,naver_paper,,갈등 당사자 “대화하기 잘했다” 말할 때 뿌듯 [6411의 목소리],,https://n.news.naver.com/mnews/article/028/0002824827,2026-09-27T18:36:00+09:00,,25면,
한겨레,naver_paper,,AI는 인류를 파괴하려 하는가? [세계의 창],,https://n.news.naver.com/mnews/article/028/0002824828,2026-09-27T18:38:00+09:00,,25면,
한겨레,naver_paper,,상어에게 이름이 생겼다 [유레카],,https://n.news.naver.com/mnews/article/028/0002824815,2026-09-27T18:04:00+09:00,,26면,
한겨레,naver_paper,,"[사설] 한국 온 북한군 포로들, 인도·인권적 원칙 지켜져야",,https://n.news.naver.com/mnews/article/028/0002824817,2026-09-27T18:18:00+09:00,,27면,
한겨레,naver_paper,,500조원짜리 명의 이전 지장을 찍게 하려는 미국 [아침햇발],,https://n.news.naver.com/mnews/article/028/0002824825,2026-09-27T18:32:00+09:00,,27면,
한겨레,naver_paper,,[사설] 도 넘은 국민의힘의 DMZ 지뢰사고 ‘정쟁화’,,https://n.news.naver.com/mnews/article/028/0002824826,2026-09-27T18:36:00+09:00,,27면,
한겨레,naver_paper,,감사의 정원에 깃든 재조지은의 그림자 [세상읽기],,https://n.news.naver.com/mnews/article/028/0002824829,2026-09-27T18:40:00+09:00,,27면,
한겨레,naver_paper,,"[사설] ‘부캉이’의 부산 출현, 자연의 경고로 받아들여야",,https://n.news.naver.com/mnews/article/028/0002824842,2026-09-27T20:22:00+09:00,,27면,
한겨레,naver_paper,,"네팔 대홍수, 탄소 배출국 ‘책임액’ 미·중 압도적…국가간 소송은 미지수",,https://n.news.naver.com/mnews/article/028/0002824861,2026-09-28T05:02:00+09:00,,1면,
한겨레,naver_paper,,반도체 호황에 올해 초과세수 60조 넘는다…정부 전망치 수정,,https://n.news.naver.com/mnews/article/028/0002824808,2026-09-27T17:20:00+09:00,,1면,
한겨레,naver_paper,,"G2, 빅딜 대신 ‘무역휴전 연장’…AI·군사 위기관리 안전판은 도출",,https://n.news.naver.com/mnews/article/028/0002824831,2026-09-27T18:58:00+09:00,,1면,
한겨레,naver_paper,,"“여기서 끝나? 말도 안 되지!”…17살 강준이, 금빛 비상",,https://n.news.naver.com/mnews/article/028/0002824824,2026-09-27T18:28:00+09:00,,2면,
한겨레,naver_paper,,"‘실업 대표’ 일본에 진땀승…한국야구, 아슬아슬 5연패",,https://n.news.naver.com/mnews/article/028/0002824848,2026-09-27T21:54:00+09:00,,2면,
한겨레,naver_paper,,중수청 10월2일 출범…김지용 검증 ‘뜨거운 감자’,,https://n.news.naver.com/mnews/article/028/0002824836,2026-09-27T19:42:00+09:00,,3면,
한겨레,naver_paper,,"“이 대통령, 국민 속였다” 유시민에 민주 “억지주장·과유불급”",,https://n.news.naver.com/mnews/article/028/0002824841,2026-09-27T20:16:00+09:00,,3면,
한겨레,naver_paper,,이 대통령 ‘심란한 귀국’…인사·재제청·내란 특수본 ‘난제 겹겹’,,https://n.news.naver.com/mnews/article/028/0002824852,2026-09-27T23:02:00+09:00,,3면,
한겨레,naver_paper,,"‘북한 비핵화’, 이번 미중 정상회담에선 빠져…북미 대화 논의 여부도 미공개",,https://n.news.naver.com/mnews/article/028/0002824784,2026-09-27T15:12:00+09:00,,4면,
한겨레,naver_paper,,비공개 원칙 깨진 ‘북한 포로 송환’…국힘 “김정은 심기 경호” 색깔공세,,https://n.news.naver.com/mnews/article/028/0002824837,2026-09-27T19:44:00+09:00,,5면,
한겨레,naver_paper,,지뢰 사고 6일 만에 DMZ 현장조사…폭발 지점엔 도달 못 해,,https://n.news.naver.com/mnews/article/028/0002824846,2026-09-27T20:54:00+09:00,,5면,
한겨레,naver_paper,,이 대통령 “‘좋아요’ 누르기도 원하는 세상 위해 꼭 필요…함께 해달라”,,https://n.news.naver.com/mnews/article/028/0002824849,2026-09-27T22:08:00+09:00,,5면,
한겨레,naver_paper,,"트럼프, 한·미 회담 위해 연설 30분 늦춰…‘골프 회동’ 즉석 지시도",,https://n.news.naver.com/mnews/article/028/0002824851,2026-09-27T23:02:00+09:00,,5면,
한겨레,naver_paper,,"주검조차 못 찾은 6163명, ‘상징적 장례’만…‘재건 단계’로 전환",,https://n.news.naver.com/mnews/article/028/0002824863,2026-09-28T05:02:00+09:00,,6면,
한겨레,naver_paper,,"네팔 대홍수 한달…“살아남은 이들도 삶과 단절, 비극적 상황 안끝나”",,https://n.news.naver.com/mnews/article/028/0002824858,2026-09-28T05:02:00+09:00,,6면,
한겨레,naver_paper,,‘시진핑’에 페인트 뿌리고 달아난 중국인들…식당 이름에 불만?,,https://n.news.naver.com/mnews/article/028/0002824766,2026-09-27T14:02:00+09:00,,9면,
한겨레,naver_paper,,"[단독] ‘의약품 중독’ 10대, 5년새 최고 2315명…81% 여성",,https://n.news.naver.com/mnews/article/028/0002824795,2026-09-27T15:58:00+09:00,,9면,
한겨레,naver_paper,,"검찰 폐지 D-5, 사건·증거 이동 막바지…중수청 구성은 난항",,https://n.news.naver.com/mnews/article/028/0002824834,2026-09-27T19:28:00+09:00,,9면,
한겨레,naver_paper,,"우리가 아는 제철, 상식을 뒤집다",,https://n.news.naver.com/mnews/article/028/0002824865,2026-09-28T05:02:00+09:00,,10면,
한겨레,naver_paper,,"[단독] 육본 군종 대령, ‘부하 성희롱·폭행’ 징계 뒤 전역",,https://n.news.naver.com/mnews/article/028/0002824869,2026-09-28T05:02:00+09:00,,10면,
한겨레,naver_paper,,"네팔 대홍수, 탄소 배출국 ‘책임액’ 미·중 압도적…국가간 소송은 미지수",,https://n.news.naver.com/mnews/article/028/0002824861,2026-09-28T05:02:00+09:00,,1면,
한겨레,naver_paper,,반도체 호황에 올해 초과세수 60조 넘는다…정부 전망치 수정,,https://n.news.naver.com/mnews/article/028/0002824808,2026-09-27T17:20:00+09:00,,1면,
한겨레,naver_paper,,"G2, 빅딜 대신 ‘무역휴전 연장’…AI·군사 위기관리 안전판은 도출",,https://n.news.naver.com/mnews/article/028/0002824831,2026-09-27T18:58:00+09:00,,1면,
한겨레,naver_paper,,"“여기서 끝나? 말도 안 되지!”…17살 강준이, 금빛 비상",,https://n.news.naver.com/mnews/article/028/0002824824,2026-09-27T18:28:00+09:00,,2면,
한겨레,naver_paper,,"‘실업 대표’ 일본에 진땀승…한국야구, 아슬아슬 5연패",,https://n.news.naver.com/mnews/article/028/0002824848,2026-09-27T21:54:00+09:00,,2면,
한겨레,naver_paper,,중수청 10월2일 출범…김지용 검증 ‘뜨거운 감자’,,https://n.news.naver.com/mnews/article/028/0002824836,2026-09-27T19:42:00+09:00,,3면,
한겨레,naver_paper,,"“이 대통령, 국민 속였다” 유시민에 민주 “억지주장·과유불급”",,https://n.news.naver.com/mnews/article/028/0002824841,2026-09-27T20:16:00+09:00,,3면,
한겨레,naver_paper,,이 대통령 ‘심란한 귀국’…인사·재제청·내란 특수본 ‘난제 겹겹’,,https://n.news.naver.com/mnews/article/028/0002824852,2026-09-27T23:02:00+09:00,,3면,
한겨레,naver_paper,,"‘북한 비핵화’, 이번 미중 정상회담에선 빠져…북미 대화 논의 여부도 미공개",,https://n.news.naver.com/mnews/article/028/0002824784,2026-09-27T15:12:00+09:00,,4면,
한겨레,naver_paper,,비공개 원칙 깨진 ‘북한 포로 송환’…국힘 “김정은 심기 경호” 색깔공세,,https://n.news.naver.com/mnews/article/028/0002824837,2026-09-27T19:44:00+09:00,,5면,
한겨레,naver_paper,,지뢰 사고 6일 만에 DMZ 현장조사…폭발 지점엔 도달 못 해,,https://n.news.naver.com/mnews/article/028/0002824846,2026-09-27T20:54:00+09:00,,5면,
한겨레,naver_paper,,이 대통령 “‘좋아요’ 누르기도 원하는 세상 위해 꼭 필요…함께 해달라”,,https://n.news.naver.com/mnews/article/028/0002824849,2026-09-27T22:08:00+09:00,,5면,
한겨레,naver_paper,,"트럼프, 한·미 회담 위해 연설 30분 늦춰…‘골프 회동’ 즉석 지시도",,https://n.news.naver.com/mnews/article/028/0002824851,2026-09-27T23:02:00+09:00,,5면,
한겨레,naver_paper,,"주검조차 못 찾은 6163명, ‘상징적 장례’만…‘재건 단계’로 전환",,https://n.news.naver.com/mnews/article/028/0002824863,2026-09-28T05:02:00+09:00,,6면,
한겨레,naver_paper,,"네팔 대홍수 한달…“살아남은 이들도 삶과 단절, 비극적 상황 안끝나”",,https://n.news.naver.com/mnews/article/028/0002824858,2026-09-28T05:02:00+09:00,,6면,
한겨레,naver_paper,,‘시진핑’에 페인트 뿌리고 달아난 중국인들…식당 이름에 불만?,,https://n.news.naver.com/mnews/article/028/0002824766,2026-09-27T14:02:00+09:00,,9면,
한겨레,naver_paper,,"[단독] ‘의약품 중독’ 10대, 5년새 최고 2315명…81% 여성",,https://n.news.naver.com/mnews/article/028/0002824795,2026-09-27T15:58:00+09:00,,9면,
한겨레,naver_paper,,"검찰 폐지 D-5, 사건·증거 이동 막바지…중수청 구성은 난항",,https://n.news.naver.com/mnews/article/028/0002824834,2026-09-27T19:28:00+09:00,,9면,
한겨레,naver_paper,,"우리가 아는 제철, 상식을 뒤집다",,https://n.news.naver.com/mnews/article/028/0002824865,2026-09-28T05:02:00+09:00,,10면,
한겨레,naver_paper,,"[단독] 육본 군종 대령, ‘부하 성희롱·폭행’ 징계 뒤 전역",,https://n.news.naver.com/mnews/article/028/0002824869,2026-09-28T05:02:00+09:00,,10면,
한겨레,naver_paper,,"네팔 대홍수, 탄소 배출국 ‘책임액’ 미·중 압도적…국가간 소송은 미지수",,https://n.news.naver.com/mnews/article/028/0002824861,2026-09-28T05:02:00+09:00,,1면,
한겨레,naver_paper,,반도체 호황에 올해 초과세수 60조 넘는다…정부 전망치 수정,,https://n.news.naver.com/mnews/article/028/0002824808,2026-09-27T17:20:00+09:00,,1면,
한겨레,naver_paper,,"G2, 빅딜 대신 ‘무역휴전 연장’…AI·군사 위기관리 안전판은 도출",,https://n.news.naver.com/mnews/article/028/0002824831,2026-09-27T18:58:00+09:00,,1면,
한겨레,naver_paper,,"“여기서 끝나? 말도 안 되지!”…17살 강준이, 금빛 비상",,https://n.news.naver.com/mnews/article/028/0002824824,2026-09-27T18:28:00+09:00,,2면,
한겨레,naver_paper,,"‘실업 대표’ 일본에 진땀승…한국야구, 아슬아슬 5연패",,https://n.news.naver.com/mnews/article/028/0002824848,2026-09-27T21:54:00+09:00,,2면,
한겨레,naver_paper,,중수청 10월2일 출범…김지용 검증 ‘뜨거운 감자’,,https://n.news.naver.com/mnews/article/028/0002824836,2026-09-27T19:42:00+09:00,,3면,
한겨레,naver_paper,,"“이 대통령, 국민 속였다” 유시민에 민주 “억지주장·과유불급”",,https://n.news.naver.com/mnews/article/028/0002824841,2026-09-27T20:16:00+09:00,,3면,
한겨레,naver_paper,,이 대통령 ‘심란한 귀국’…인사·재제청·내란 특수본 ‘난제 겹겹’,,https://n.news.naver.com/mnews/article/028/0002824852,2026-09-27T23:02:00+09:00,,3면,
한겨레,naver_paper,,"‘북한 비핵화’, 이번 미중 정상회담에선 빠져…북미 대화 논의 여부도 미공개",,https://n.news.naver.com/mnews/article/028/0002824784,2026-09-27T15:12:00+09:00,,4면,
한겨레,naver_paper,,비공개 원칙 깨진 ‘북한 포로 송환’…국힘 “김정은 심기 경호” 색깔공세,,https://n.news.naver.com/mnews/article/028/0002824837,2026-09-27T19:44:00+09:00,,5면,
한겨레,naver_paper,,지뢰 사고 6일 만에 DMZ 현장조사…폭발 지점엔 도달 못 해,,https://n.news.naver.com/mnews/article/028/0002824846,2026-09-27T20:54:00+09:00,,5면,
한겨레,naver_paper,,이 대통령 “‘좋아요’ 누르기도 원하는 세상 위해 꼭 필요…함께 해달라”,,https://n.news.naver.com/mnews/article/028/0002824849,2026-09-27T22:08:00+09:00,,5면,
한겨레,naver_paper,,"트럼프, 한·미 회담 위해 연설 30분 늦춰…‘골프 회동’ 즉석 지시도",,https://n.news.naver.com/mnews/article/028/0002824851,2026-09-27T23:02:00+09:00,,5면,
한겨레,naver_paper,,"주검조차 못 찾은 6163명, ‘상징적 장례’만…‘재건 단계’로 전환",,https://n.news.naver.com/mnews/article/028/0002824863,2026-09-28T05:02:00+09:00,,6면,
한겨레,naver_paper,,"네팔 대홍수 한달…“살아남은 이들도 삶과 단절, 비극적 상황 안끝나”",,https://n.news.naver.com/mnews/article/028/0002824858,2026-09-28T05:02:00+09:00,,6면,
한겨레,naver_paper,,‘시진핑’에 페인트 뿌리고 달아난 중국인들…식당 이름에 불만?,,https://n.news.naver.com/mnews/article/028/0002824766,2026-09-27T14:02:00+09:00,,9면,
한겨레,naver_paper,,"[단독] ‘의약품 중독’ 10대, 5년새 최고 2315명…81% 여성",,https://n.news.naver.com/mnews/article/028/0002824795,2026-09-27T15:58:00+09:00,,9면,
한겨레,naver_paper,,"검찰 폐지 D-5, 사건·증거 이동 막바지…중수청 구성은 난항",,https://n.news.naver.com/mnews/article/028/0002824834,2026-09-27T19:28:00+09:00,,9면,
한겨레,naver_paper,,"우리가 아는 제철, 상식을 뒤집다",,https://n.news.naver.com/mnews/article/028/0002824865,2026-09-28T05:02:00+09:00,,10면,
한겨레,naver_paper,,"[단독] 육본 군종 대령, ‘부하 성희롱·폭행’ 징계 뒤 전역",,https://n.news.naver.com/mnews/article/028/0002824869,2026-09-28T05:02:00+09:00,,10면,
한겨레,naver_paper,,"네팔 대홍수, 탄소 배출국 ‘책임액’ 미·중 압도적…국가간 소송은 미지수",,https://n.news.naver.com/mnews/article/028/0002824861,2026-09-28T05:02:00+09:00,,1면,
한겨레,naver_paper,,반도체 호황에 올해 초과세수 60조 넘는다…정부 전망치 수정,,https://n.news.naver.com/mnews/article/028/0002824808,2026-09-27T17:20:00+09:00,,1면,
한겨레,naver_paper,,"G2, 빅딜 대신 ‘무역휴전 연장’…AI·군사 위기관리 안전판은 도출",,https://n.news.naver.com/mnews/article/028/0002824831,2026-09-27T18:58:00+09:00,,1면,
한겨레,naver_paper,,"“여기서 끝나? 말도 안 되지!”…17살 강준이, 금빛 비상",,https://n.news.naver.com/mnews/article/028/0002824824,2026-09-27T18:28:00+09:00,,2면,
한겨레,naver_paper,,"‘실업 대표’ 일본에 진땀승…한국야구, 아슬아슬 5연패",,https://n.news.naver.com/mnews/article/028/0002824848,2026-09-27T21:54:00+09:00,,2면,
한겨레,naver_paper,,중수청 10월2일 출범…김지용 검증 ‘뜨거운 감자’,,https://n.news.naver.com/mnews/article/028/0002824836,2026-09-27T19:42:00+09:00,,3면,
한겨레,naver_paper,,"“이 대통령, 국민 속였다” 유시민에 민주 “억지주장·과유불급”",,https://n.news.naver.com/mnews/article/028/0002824841,2026-09-27T20:16:00+09:00,,3면,
한겨레,naver_paper,,이 대통령 ‘심란한 귀국’…인사·재제청·내란 특수본 ‘난제 겹겹’,,https://n.news.naver.com/mnews/article/028/0002824852,2026-09-27T23:02:00+09:00,,3면,
한겨레,naver_paper,,"‘북한 비핵화’, 이번 미중 정상회담에선 빠져…북미 대화 논의 여부도 미공개",,https://n.news.naver.com/mnews/article/028/0002824784,2026-09-27T15:12:00+09:00,,4면,
한겨레,naver_paper,,비공개 원칙 깨진 ‘북한 포로 송환’…국힘 “김정은 심기 경호” 색깔공세,,https://n.news.naver.com/mnews/article/028/0002824837,2026-09-27T19:44:00+09:00,,5면,
한겨레,naver_paper,,지뢰 사고 6일 만에 DMZ 현장조사…폭발 지점엔 도달 못 해,,https://n.news.naver.com/mnews/article/028/0002824846,2026-09-27T20:54:00+09:00,,5면,
한겨레,naver_paper,,이 대통령 “‘좋아요’ 누르기도 원하는 세상 위해 꼭 필요…함께 해달라”,,https://n.news.naver.com/mnews/article/028/0002824849,2026-09-27T22:08:00+09:00,,5면,
한겨레,naver_paper,,"트럼프, 한·미 회담 위해 연설 30분 늦춰…‘골프 회동’ 즉석 지시도",,https://n.news.naver.com/mnews/article/028/0002824851,2026-09-27T23:02:00+09:00,,5면,
한겨레,naver_paper,,"주검조차 못 찾은 6163명, ‘상징적 장례’만…‘재건 단계’로 전환",,https://n.news.naver.com/mnews/article/028/0002824863,2026-09-28T05:02:00+09:00,,6면,
한겨레,naver_paper,,"네팔 대홍수 한달…“살아남은 이들도 삶과 단절, 비극적 상황 안끝나”",,https://n.news.naver.com/mnews/article/028/0002824858,2026-09-28T05:02:00+09:00,,6면,
한겨레,naver_paper,,‘시진핑’에 페인트 뿌리고 달아난 중국인들…식당 이름에 불만?,,https://n.news.naver.com/mnews/article/028/0002824766,2026-09-27T14:02:00+09:00,,9면,
한겨레,naver_paper,,"[단독] ‘의약품 중독’ 10대, 5년새 최고 2315명…81% 여성",,https://n.news.naver.com/mnews/article/028/0002824795,2026-09-27T15:58:00+09:00,,9면,
한겨레,naver_paper,,"검찰 폐지 D-5, 사건·증거 이동 막바지…중수청 구성은 난항",,https://n.news.naver.com/mnews/article/028/0002824834,2026-09-27T19:28:00+09:00,,9면,
한겨레,naver_paper,,"우리가 아는 제철, 상식을 뒤집다",,https://n.news.naver.com/mnews/article/028/0002824865,2026-09-28T05:02:00+09:00,,10면,
한겨레,naver_paper,,"[단독] 육본 군종 대령, ‘부하 성희롱·폭행’ 징계 뒤 전역",,https://n.news.naver.com/mnews/article/028/0002824869,2026-09-28T05:02:00+09:00,,10면,
한겨레,naver_paper,,"네팔 대홍수, 탄소 배출국 ‘책임액’ 미·중 압도적…국가간 소송은 미지수",,https://n.news.naver.com/mnews/article/028/0002824861,2026-09-28T05:02:00+09:00,,1면,
한겨레,naver_paper,,반도체 호황에 올해 초과세수 60조 넘는다…정부 전망치 수정,,https://n.news.naver.com/mnews/article/028/0002824808,2026-09-27T17:20:00+09:00,,1면,
한겨레,naver_paper,,"G2, 빅딜 대신 ‘무역휴전 연장’…AI·군사 위기관리 안전판은 도출",,https://n.news.naver.com/mnews/article/028/0002824831,2026-09-27T18:58:00+09:00,,1면,
한겨레,naver_paper,,"“여기서 끝나? 말도 안 되지!”…17살 강준이, 금빛 비상",,https://n.news.naver.com/mnews/article/028/0002824824,2026-09-27T18:28:00+09:00,,2면,
한겨레,naver_paper,,"‘실업 대표’ 일본에 진땀승…한국야구, 아슬아슬 5연패",,https://n.news.naver.com/mnews/article/028/0002824848,2026-09-27T21:54:00+09:00,,2면,
한겨레,naver_paper,,중수청 10월2일 출범…김지용 검증 ‘뜨거운 감자’,,https://n.news.naver.com/mnews/article/028/0002824836,2026-09-27T19:42:00+09:00,,3면,
한겨레,naver_paper,,"“이 대통령, 국민 속였다” 유시민에 민주 “억지주장·과유불급”",,https://n.news.naver.com/mnews/article/028/0002824841,2026-09-27T20:16:00+09:00,,3면,
한겨레,naver_paper,,이 대통령 ‘심란한 귀국’…인사·재제청·내란 특수본 ‘난제 겹겹’,,https://n.news.naver.com/mnews/article/028/0002824852,2026-09-27T23:02:00+09:00,,3면,
한겨레,naver_paper,,"‘북한 비핵화’, 이번 미중 정상회담에선 빠져…북미 대화 논의 여부도 미공개",,https://n.news.naver.com/mnews/article/028/0002824784,2026-09-27T15:12:00+09:00,,4면,
한겨레,naver_paper,,비공개 원칙 깨진 ‘북한 포로 송환’…국힘 “김정은 심기 경호” 색깔공세,,https://n.news.naver.com/mnews/article/028/0002824837,2026-09-27T19:44:00+09:00,,5면,
한겨레,naver_paper,,지뢰 사고 6일 만에 DMZ 현장조사…폭발 지점엔 도달 못 해,,https://n.news.naver.com/mnews/article/028/0002824846,2026-09-27T20:54:00+09:00,,5면,
한겨레,naver_paper,,이 대통령 “‘좋아요’ 누르기도 원하는 세상 위해 꼭 필요…함께 해달라”,,https://n.news.naver.com/mnews/article/028/0002824849,2026-09-27T22:08:00+09:00,,5면,
한겨레,naver_paper,,"트럼프, 한·미 회담 위해 연설 30분 늦춰…‘골프 회동’ 즉석 지시도",,https://n.news.naver.com/mnews/article/028/0002824851,2026-09-27T23:02:00+09:00,,5면,
한겨레,naver_paper,,"주검조차 못 찾은 6163명, ‘상징적 장례’만…‘재건 단계’로 전환",,https://n.news.naver.com/mnews/article/028/0002824863,2026-09-28T05:02:00+09:00,,6면,
한겨레,naver_paper,,"네팔 대홍수 한달…“살아남은 이들도 삶과 단절, 비극적 상황 안끝나”",,https://n.news.naver.com/mnews/article/028/0002824858,2026-09-28T05:02:00+09:00,,6면,
한겨레,naver_paper,,‘시진핑’에 페인트 뿌리고 달아난 중국인들…식당 이름에 불만?,,https://n.news.naver.com/mnews/article/028/0002824766,2026-09-27T14:02:00+09:00,,9면,
한겨레,naver_paper,,"[단독] ‘의약품 중독’ 10대, 5년새 최고 2315명…81% 여성",,https://n.news.naver.com/mnews/article/028/0002824795,2026-09-27T15:58:00+09:00,,9면,
한겨레,naver_paper,,"검찰 폐지 D-5, 사건·증거 이동 막바지…중수청 구성은 난항",,https://n.news.naver.com/mnews/article/028/0002824834,2026-09-27T19:28:00+09:00,,9면,
한겨레,naver_paper,,"우리가 아는 제철, 상식을 뒤집다",,https://n.news.naver.com/mnews/article/028/0002824865,2026-09-28T05:02:00+09:00,,10면,
한겨레,naver_paper,,"[단독] 육본 군종 대령, ‘부하 성희롱·폭행’ 징계 뒤 전역",,https://n.news.naver.com/mnews/article/028/0002824869,2026-09-28T05:02:00+09:00,,10면,
한국일보,naver_paper,,전 세계 식탁 오를 고기 버릴 판… 평화롭던 노부부 농장 덮친 데이터센터,편집자주대한민국은 인공지능(AI) 3강을 목표로 전국에 AI 데이터센터를 확대하려 하고 있다. 그러나 장밋빛 미래에는 대가가 따른다. 한국일보는 앞으로 데이터 …,https://n.news.naver.com/mnews/article/469/0000956247,2026-09-28T04:32:00+09:00,,1면,
한국일보,naver_paper,,초과 세수 50조 넘는다…'200조' 미래대응기금에 '나랏빚 상환' 논란,,https://n.news.naver.com/mnews/article/469/0000956145,2026-09-27T14:36:00+09:00,,1면,
한국일보,naver_paper,,"공항까지 나가 환대했지만... 트럼프·시진핑 회담 성과, 서로 말이 다르다",,https://n.news.naver.com/mnews/article/469/0000956184,2026-09-27T17:12:00+09:00,,1면,
한국일보,naver_paper,,"한미 조사팀, DMZ 폭발사고 현장 근접했으나 안전 문제로 철수",,https://n.news.naver.com/mnews/article/469/0000956200,2026-09-27T21:11:00+09:00,,1면,
한국일보,naver_paper,,식탁부터 의자까지 온통 붉은색... 트럼프 극진한 환대에도 내용은 '속 빈 강정'?,시진핑 중국 국가주석의 2박 3일간 방미 일정은 대체로 화기애애한 분위기 속에서 진행됐다. 도널드 트럼프 미국 대통령은 이례적인 수준의 환대로 시 주석을 맞이 …,https://n.news.naver.com/mnews/article/469/0000956186,2026-09-27T17:30:00+09:00,,2면,
한국일보,naver_paper,,"""미중 정상 겉으론 화해 무드, 물밑에선 걷어차기"" 美 전문가들 분석",,https://n.news.naver.com/mnews/article/469/0000956148,2026-09-27T15:01:00+09:00,,2면,
한국일보,naver_paper,,"트럼프, 비서실장에 ""이 대통령과 12월 골프 라운딩 잡으라"" 지시",,https://n.news.naver.com/mnews/article/469/0000956209,2026-09-27T23:01:00+09:00,,2면,
한국일보,naver_paper,,靑 인사·대법관 재제청·파병... 귀국한 이 대통령 앞 산적한 과제,이재명 대통령이 27일 5박 7일간의 미국·멕시코 순방을 마치고 귀국했다. 이 대통령은 유엔총회 기조연설에서 한반도 평화공존 정책에 대한 국제사회의 이해를 확 …,https://n.news.naver.com/mnews/article/469/0000956206,2026-09-27T22:00:00+09:00,,3면,
한국일보,naver_paper,,"北 포로 송환... 탈북민과 달라도 ""국제법 감안 비공개가 적절""",,https://n.news.naver.com/mnews/article/469/0000956180,2026-09-27T17:01:00+09:00,,3면,
한국일보,naver_paper,,美 270곳 '데이터센터 멈춤'… 모라토리엄은 해법 아닌 시작,편집자주대한민국은 인공지능(AI) 3강을 목표로 전국에 AI 데이터센터를 확대하려 하고 있다. 그러나 장밋빛 미래에는 대가가 따른다. 한국일보는 앞으로 데이터 …,https://n.news.naver.com/mnews/article/469/0000956223,2026-09-28T04:00:00+09:00,,5면,
한국일보,naver_paper,,"인사·유시민·DMZ 겹악재... 민주당, '민생 올인' 돌파구",더불어민주당이 추석 연휴 직후 '민생'을 전면에 내세우며 정국 돌파구 마련에 나섰다. 인사 검증 논란과 유시민 전 노무현재단 이사장의 검찰개혁 등 여권 내부 …,https://n.news.naver.com/mnews/article/469/0000956191,2026-09-27T18:31:00+09:00,,6면,
한국일보,naver_paper,,"""추석 민심, 분노 들끓어""… 국민의힘, 장외-원내 '투 트랙' 공세 검토",,https://n.news.naver.com/mnews/article/469/0000956185,2026-09-27T17:26:00+09:00,,6면,
한국일보,naver_paper,,DMZ 게시글 100여개 쏟아낸 한동훈... '김승원'에서 '안보'로 전선 이동,,https://n.news.naver.com/mnews/article/469/0000956175,2026-09-27T16:44:00+09:00,,6면,
한국일보,naver_paper,,"조희대에 '직함 생략'한 민주당... ""대통령 뒤통수치는 모습, 대법원장답지 않아""",더불어민주당이 추석 연휴 마지막 날인 27일 청와대의 대법관 후보 재제청 요구를 거부한 조희대 대법원장을 겨냥한 공세 수위를 끌어올렸다. 조 대법원장을 겨냥해 …,https://n.news.naver.com/mnews/article/469/0000956169,2026-09-27T16:20:00+09:00,,8면,
한국일보,naver_paper,,공소청·중수청 출범 나흘 앞…수장 공백·인력 부족 등 '개문발차' 우려 현실로,,https://n.news.naver.com/mnews/article/469/0000956231,2026-09-28T04:31:00+09:00,,8면,
한국일보,naver_paper,,"[단독] '부부 스와핑' 모집하고 ""아내를 유혹해달라""… 소라넷 파생 음란물 사이트 운영자 덜미",배우자나 애인의 성착취물을 유포하고 스와핑 상대를 모집하는 불법 사이트를 운영해온 60대 남성이 경찰에 붙잡혔다. 사이트에서는 회원들이 가족이나 지인의 사진을 …,https://n.news.naver.com/mnews/article/469/0000956229,2026-09-28T04:31:00+09:00,,10면,
한국일보,naver_paper,,[단독] 정보 보호 신청 5건 중 1건은 기각…법원 '가정폭력 피해자 보호' 곳곳에 공백,,https://n.news.naver.com/mnews/article/469/0000956228,2026-09-28T04:30:00+09:00,,10면,
한국일보,naver_paper,,'1980년생 이하·특정 대학 출신' 한화에어로 채용 논란… 이부환 대표 사과,,https://n.news.naver.com/mnews/article/469/0000956157,2026-09-27T15:26:00+09:00,,10면,
한국일보,naver_paper,,중국 최고지도자 이름 상호 때문? 분당 중식당 침입 중국인 4명 당일 출국,,https://n.news.naver.com/mnews/article/469/0000956129,2026-09-27T13:40:00+09:00,,10면,
한국일보,naver_paper,,"검찰, '천공 의혹' 제기 부승찬·김종대 등 명예훼손 무혐의",,https://n.news.naver.com/mnews/article/469/0000956136,2026-09-27T14:00:00+09:00,,10면,
한국일보,naver_paper,,제주 천지연폭포 2m 아래 추락한 50대 숨져… 사진 촬영 중 참변,,https://n.news.naver.com/mnews/article/469/0000956110,2026-09-27T11:26:00+09:00,,10면,
한국일보,naver_paper,,부울경 초광역 경제동맹 재시동… 국비·일자리·첨단산업 공동 대응,6·3 지방선거 이후 부산·울산·경남의 초광역 협력이 다시 속도를 내고 있다. 3개 시·도지사가 상설 협의체 가동과 발전전략 수립에 합의한 데 이어 일자리와 …,https://n.news.naver.com/mnews/article/469/0000956152,2026-09-27T15:15:00+09:00,,11면,
한국일보,naver_paper,,"""부울경 초광역 경제동맹, 선언 넘어 실행 플랫폼 돼야""",,https://n.news.naver.com/mnews/article/469/0000956161,2026-09-27T15:35:00+09:00,,11면,
한국일보,naver_paper,,메가시티서 경제동맹으로… 부울경 초광역 협력 8년,,https://n.news.naver.com/mnews/article/469/0000956171,2026-09-27T16:24:00+09:00,,11면,
한국일보,naver_paper,,"87세 노인, 70년 산 아파트서 쫓겨나... 스페인서 ‘주거 시위’ 확산",스페인에서 높은 임대료 등 주거비 부담 해결을 요구하는 시위가 수도 마드리드를 비롯해 바르셀로나와 발렌시아 등 전국적으로 확산되고 있다. 스페인 수도 마드리드 …,https://n.news.naver.com/mnews/article/469/0000956137,2026-09-27T14:01:00+09:00,,12면,
한국일보,naver_paper,,"미중 '2차대전 동맹' 강조에...日 다카이치 ""미일은 신뢰하는 동맹""",,https://n.news.naver.com/mnews/article/469/0000956140,2026-09-27T14:20:00+09:00,,12면,
한국일보,naver_paper,,"트럼프, 이란의 '호르무즈 재개방 제안' 거절… 이란 “기다리겠다”",,https://n.news.naver.com/mnews/article/469/0000956153,2026-09-27T15:18:00+09:00,,12면,
한국일보,naver_paper,,"교황 '파리 광장' 미사 80만 명 운집… 현지 매체 ""록스타 같은 환대""",,https://n.news.naver.com/mnews/article/469/0000956167,2026-09-27T16:14:00+09:00,,12면,
한국일보,naver_paper,,한국이 밤새워 만든 열차 우크라이나 피란민 발 돼줬다,"2010년 11월 우크라이나에 고속전동차 10편성 90량을 공급하는 3,500억 원 규모 계약을 체결한 현대종합상사(현 현대코퍼레이션)와 현대로템은 대형 사업 …",https://n.news.naver.com/mnews/article/469/0000956230,2026-09-28T04:31:00+09:00,,14면,
한국일보,naver_paper,,한화 vs 현대로템·LIG… KF-21 '장거리 공대공' 수주전 관전 포인트는,,https://n.news.naver.com/mnews/article/469/0000956241,2026-09-28T04:31:00+09:00,,14면,
한국일보,naver_paper,,[단독] 직원 1명이 탈세 제보 연 770건…포상금도 제때 못 줄 판,,https://n.news.naver.com/mnews/article/469/0000956151,2026-09-27T15:14:00+09:00,,14면,
한국일보,naver_paper,,계속되는 SK하이닉스 손자회사 美상장설...중복상장 논란 이유는,"낸드플래시를 생산하는 SK하이닉스의 손자회사 솔리다임이 재차 미국 증시 상장설에 휩싸였다. 최태원 SK그룹 회장이 지배하는 기업들이 SK㈜에서 SK스퀘어, S …",https://n.news.naver.com/mnews/article/469/0000956188,2026-09-27T17:47:00+09:00,,15면,
한국일보,naver_paper,,"LG전자, 데이터센터 냉각 기술로 엔비디아 공식 파트너 지정",,https://n.news.naver.com/mnews/article/469/0000956111,2026-09-27T11:28:00+09:00,,15면,
한국일보,naver_paper,,추석 뒤 금융권 '인사 빅뱅'… 5대 은행장·은행연합회장 누가 될까,,https://n.news.naver.com/mnews/article/469/0000956162,2026-09-27T15:37:00+09:00,,15면,
한국일보,naver_paper,,"서초 집값 한 달 새 5억 뚝… ""강남·외곽 '디커플링' 6개월 이상 간다""",,https://n.news.naver.com/mnews/article/469/0000956239,2026-09-28T04:31:00+09:00,,15면,
한국일보,naver_paper,,아이들 교실에 숲을 심다…사회공헌 힘 쏟는 IPARK현대산업개발,,https://n.news.naver.com/mnews/article/469/0000956234,2026-09-28T04:31:00+09:00,,16면,
한국일보,naver_paper,,보육원 부모님께 바친 금메달… '카약 2관왕' 김효빈이 흘린 눈물의 의미,김효빈(왼쪽)과 조광희가 25일 일본 아이치현 미요시시 미요시호 카누경기장에서 열린 2026 아이치·나고야 아시안게임 카누 스프린트 남자 카약 2인승(K-2) …,https://n.news.naver.com/mnews/article/469/0000956240,2026-09-28T04:31:00+09:00,,18면,
한국일보,naver_paper,,"승마 남동헌, 마장마술 개인전 금메달…12년 만의 정상 탈환",,https://n.news.naver.com/mnews/article/469/0000956125,2026-09-27T12:38:00+09:00,,18면,
한국일보,naver_paper,,“평균대 사랑한 133.6㎝ 작은 거인”… 스승이 본 황서현의 금빛 비결,,https://n.news.naver.com/mnews/article/469/0000956238,2026-09-28T04:31:00+09:00,,18면,
한국일보,naver_paper,,"'영재발굴단' 보드 신동 일냈다… 강준이, 한국 스케이트보드 사상 첫 금메달",,https://n.news.naver.com/mnews/article/469/0000956176,2026-09-27T16:50:00+09:00,,18면,
한국일보,naver_paper,,"한국 농구, 금 3개·동 1개로 '전 종목 메달'... 침체기 끝, 중흥기 활짝",한국 농구가 2026 아이치·나고야 아시안게임에서 금메달 3개와 동메달 1개를 수확하며 4개 종목 ‘올 메달’의 쾌거를 달성했다. 한동안 침체기를 겪었던 한국 …,https://n.news.naver.com/mnews/article/469/0000956088,2026-09-27T09:00:00+09:00,,19면,
한국일보,naver_paper,,"여자 핸드볼 8년 만에 아시아 정상 탈환... ""일본에 설욕, 통쾌하다""",,https://n.news.naver.com/mnews/article/469/0000956198,2026-09-27T20:50:00+09:00,,19면,
한국일보,naver_paper,,여자 사브르 8년 만에 AG 단체전 정상... 남녀 사브르 동반 석권,,https://n.news.naver.com/mnews/article/469/0000956202,2026-09-27T21:34:00+09:00,,19면,
한국일보,naver_paper,,"""메달 색 바꾸겠다"" 약속 지킨 김수지... 김나현과 싱크로 3m 스프링보드 은메달",,https://n.news.naver.com/mnews/article/469/0000956116,2026-09-27T11:44:00+09:00,,19면,
한국일보,naver_paper,,"韓 양궁, 단체전 6종목 모두 준결승행... 금빛 레이스 순항",,https://n.news.naver.com/mnews/article/469/0000956178,2026-09-27T16:54:00+09:00,,19면,
한국일보,naver_paper,,"경계를 유영하는 음악… 키라라, 틀을 넘어 '키라라'로",'한국대중음악상 2회 수상 전자음악가' '후지록페스티벌 등 수많은 무대에서 관객을 춤추게 한 공연자' '트랜스젠더 여성'. 키라라를 소개하는 말은 많다. 그럼 …,https://n.news.naver.com/mnews/article/469/0000956235,2026-09-28T04:31:00+09:00,,20면,
한국일보,naver_paper,,"40년 전 민중을 향했던 판화가의 고민, '집단적 흥'의 경지에 오르다",,https://n.news.naver.com/mnews/article/469/0000956233,2026-09-28T04:31:00+09:00,,20면,
한국일보,naver_paper,,"'헤라, 아프로디테, 아르테미스' 10년… 여전히 끝나지 않은 젠더 논쟁",,https://n.news.naver.com/mnews/article/469/0000956132,2026-09-27T14:00:00+09:00,,20면,
한국일보,naver_paper,,"37년 만에 어머니 만난 박아름씨 ""경찰은 왜 일치 유전자가 없다고 했나""",어린 시절 길을 잃어 보육원에서 지내다 1989년 미국으로 입양된 여성이 37년 만에 친어머니를 만나 올 추석을 함께 보냈다. 경찰의 잘못된 안내로 사설탐정까 …,https://n.news.naver.com/mnews/article/469/0000955988,2026-09-25T18:30:00+09:00,,21면,
한국일보,naver_paper,,[백운산 오늘의 운세] 2026년 9월 28일,,https://n.news.naver.com/mnews/article/469/0000956213,2026-09-28T00:00:00+09:00,,21면,
한국일보,naver_paper,,[인사] 고용노동부 외,,https://n.news.naver.com/mnews/article/469/0000956160,2026-09-27T15:33:00+09:00,,21면,
한국일보,naver_paper,,[부고] 명창환(전 전남도 행정부지사)씨 장모상 외,,https://n.news.naver.com/mnews/article/469/0000956158,2026-09-27T15:31:00+09:00,,21면,
한국일보,naver_paper,,기자 앞에 던져진 검은색 명함... 대마초 합법화했더니 코카인 늘었다? [숨은유럽찾기],편집자주혹시 여행으로만 유럽을 경험하셨나요. 매월 연재하는 '숨은유럽찾기'에선 평온한 관광지에선 볼 수 없는 유럽 각국의 숨은 이야기를 찾아 드립니다. 드러난 …,https://n.news.naver.com/mnews/article/469/0000956093,2026-09-27T10:00:00+09:00,,23면,
한국일보,naver_paper,,칠순 할머니 두고 세 살 손자가 '가족 대표'… 없애는 데 꼬박 50년 걸린 '가부장 가족법',편집자주당연하게 여겨졌던 한국 사회의 오랜 벽을 허문 판결들. 그 순간을 함께한 사람들을 만나 판결에 이르기까지의 길과 이후의 변화를 살펴봅니다 남편이 세상을 …,https://n.news.naver.com/mnews/article/469/0000956242,2026-09-28T04:31:00+09:00,,24면,
한국일보,naver_paper,,"""법은 계속 바뀌어야 한다""… '50년 철옹성' 호주제 법정에 세운 이석태",,https://n.news.naver.com/mnews/article/469/0000956236,2026-09-28T04:31:00+09:00,,24면,
한국일보,naver_paper,,"자녀와 7년 생이별 방치한 1, 2심 판사들… 이를 뒤집은 대법원 [중·꺾·마+: 중년 꺾이지 않는 마음]","편집자주인생 황금기라는 40~50대 중년기지만, 크고작은 고민도 적지 않은 시기다. 중년들의 고민을 직접 듣고, 전문가들이 실질적인 해결 방안을 제시한다. 모 …",https://n.news.naver.com/mnews/article/469/0000956243,2026-09-28T04:31:00+09:00,,25면,
한국일보,naver_paper,,지방정부 잇따른 재정 비상 선언… 엄살로만 볼 것인가 [미지답 칼럼],,https://n.news.naver.com/mnews/article/469/0000956120,2026-09-27T12:01:00+09:00,,25면,
한국일보,naver_paper,,피지컬AI 표준화와 '대체불가 대한민국' [기고],,https://n.news.naver.com/mnews/article/469/0000956237,2026-09-28T04:31:00+09:00,,25면,
한국일보,naver_paper,,[우리말 한 자밤] 재개발과 펼침막,,https://n.news.naver.com/mnews/article/469/0000956173,2026-09-27T16:30:00+09:00,,25면,
한국일보,naver_paper,,"[왕태석의 빛으로 쓴 편지] 함평 밀재의 일출, 끝까지 품은 희망",,https://n.news.naver.com/mnews/article/469/0000956226,2026-09-28T04:30:00+09:00,,25면,
한국일보,naver_paper,,구한말의 교훈으로 보는 AI시대의 빛과 그림자 [헌법학자의 눈으로 본 대한민국],편집자주자랑스러운 대한민국 체제의 근간은 헌법에서 출발합니다. 헌법 정신을 바탕으로 우리 사회의 현실과 올바른 지향을 함께 고민합니다. 인공지능(AI)의 시작 …,https://n.news.naver.com/mnews/article/469/0000956244,2026-09-28T04:31:00+09:00,,26면,
한국일보,naver_paper,,[지평선] 음모론과 영화,,https://n.news.naver.com/mnews/article/469/0000956165,2026-09-27T16:01:00+09:00,,26면,
한국일보,naver_paper,,[기억할 오늘] 1948년 단독선거- 대남송전 중단-교역 중지,,https://n.news.naver.com/mnews/article/469/0000956232,2026-09-28T04:31:00+09:00,,26면,
한국일보,naver_paper,,기분에 살고지고 [삶과 문화],,https://n.news.naver.com/mnews/article/469/0000956219,2026-09-28T00:10:00+09:00,,26면,
한국일보,naver_paper,,[뉴스룸에서] AI는 핵무기?,"이달 초 앤트로픽 연구원 한 명이 회사를 떠난 뒤, 다리오 아모데이 최고경영자(CEO)는 프런티어 인공지능(AI) 모델 개발 속도를 조절해야 한다는 장문의 글 …",https://n.news.naver.com/mnews/article/469/0000956227,2026-09-28T04:30:00+09:00,,27면,
한국일보,naver_paper,,"[사설] 북한군 귀순도, 지뢰사고 조사도 수동 대응… 국민은 답답하다",,https://n.news.naver.com/mnews/article/469/0000956217,2026-09-28T00:10:00+09:00,,27면,
한국일보,naver_paper,,"'오운완'과 '런태기', 우리 스포츠가 제 말을 갖기 시작했다 [인문산책]",,https://n.news.naver.com/mnews/article/469/0000956224,2026-09-28T04:30:00+09:00,,27면,
한국일보,naver_paper,,"[사설] 대법관 재제청 갈등, 청와대-대법원 직접 협의로 풀어야",,https://n.news.naver.com/mnews/article/469/0000956218,2026-09-28T00:10:00+09:00,,27면,
한국일보,naver_paper,,[사설] 높아지는 성장률 전망에도 팍팍한 서민·청년의 삶,,https://n.news.naver.com/mnews/article/469/0000956216,2026-09-28T00:10:00+09:00,,27면,
한국일보,naver_paper,,전 세계 식탁 오를 고기 버릴 판… 평화롭던 노부부 농장 덮친 데이터센터,편집자주대한민국은 인공지능(AI) 3강을 목표로 전국에 AI 데이터센터를 확대하려 하고 있다. 그러나 장밋빛 미래에는 대가가 따른다. 한국일보는 앞으로 데이터 …,https://n.news.naver.com/mnews/article/469/0000956247,2026-09-28T04:32:00+09:00,,1면,
한국일보,naver_paper,,초과 세수 50조 넘는다…'200조' 미래대응기금에 '나랏빚 상환' 논란,,https://n.news.naver.com/mnews/article/469/0000956145,2026-09-27T14:36:00+09:00,,1면,
한국일보,naver_paper,,"공항까지 나가 환대했지만... 트럼프·시진핑 회담 성과, 서로 말이 다르다",,https://n.news.naver.com/mnews/article/469/0000956184,2026-09-27T17:12:00+09:00,,1면,
한국일보,naver_paper,,"한미 조사팀, DMZ 폭발사고 현장 근접했으나 안전 문제로 철수",,https://n.news.naver.com/mnews/article/469/0000956200,2026-09-27T21:11:00+09:00,,1면,
한국일보,naver_paper,,식탁부터 의자까지 온통 붉은색... 트럼프 극진한 환대에도 내용은 '속 빈 강정'?,시진핑 중국 국가주석의 2박 3일간 방미 일정은 대체로 화기애애한 분위기 속에서 진행됐다. 도널드 트럼프 미국 대통령은 이례적인 수준의 환대로 시 주석을 맞이 …,https://n.news.naver.com/mnews/article/469/0000956186,2026-09-27T17:30:00+09:00,,2면,
한국일보,naver_paper,,"""미중 정상 겉으론 화해 무드, 물밑에선 걷어차기"" 美 전문가들 분석",,https://n.news.naver.com/mnews/article/469/0000956148,2026-09-27T15:01:00+09:00,,2면,
한국일보,naver_paper,,"트럼프, 비서실장에 ""이 대통령과 12월 골프 라운딩 잡으라"" 지시",,https://n.news.naver.com/mnews/article/469/0000956209,2026-09-27T23:01:00+09:00,,2면,
한국일보,naver_paper,,靑 인사·대법관 재제청·파병... 귀국한 이 대통령 앞 산적한 과제,이재명 대통령이 27일 5박 7일간의 미국·멕시코 순방을 마치고 귀국했다. 이 대통령은 유엔총회 기조연설에서 한반도 평화공존 정책에 대한 국제사회의 이해를 확 …,https://n.news.naver.com/mnews/article/469/0000956206,2026-09-27T22:00:00+09:00,,3면,
한국일보,naver_paper,,"北 포로 송환... 탈북민과 달라도 ""국제법 감안 비공개가 적절""",,https://n.news.naver.com/mnews/article/469/0000956180,2026-09-27T17:01:00+09:00,,3면,
한국일보,naver_paper,,美 270곳 '데이터센터 멈춤'… 모라토리엄은 해법 아닌 시작,편집자주대한민국은 인공지능(AI) 3강을 목표로 전국에 AI 데이터센터를 확대하려 하고 있다. 그러나 장밋빛 미래에는 대가가 따른다. 한국일보는 앞으로 데이터 …,https://n.news.naver.com/mnews/article/469/0000956223,2026-09-28T04:00:00+09:00,,5면,
한국일보,naver_paper,,"인사·유시민·DMZ 겹악재... 민주당, '민생 올인' 돌파구",더불어민주당이 추석 연휴 직후 '민생'을 전면에 내세우며 정국 돌파구 마련에 나섰다. 인사 검증 논란과 유시민 전 노무현재단 이사장의 검찰개혁 등 여권 내부 …,https://n.news.naver.com/mnews/article/469/0000956191,2026-09-27T18:31:00+09:00,,6면,
한국일보,naver_paper,,"""추석 민심, 분노 들끓어""… 국민의힘, 장외-원내 '투 트랙' 공세 검토",,https://n.news.naver.com/mnews/article/469/0000956185,2026-09-27T17:26:00+09:00,,6면,
한국일보,naver_paper,,DMZ 게시글 100여개 쏟아낸 한동훈... '김승원'에서 '안보'로 전선 이동,,https://n.news.naver.com/mnews/article/469/0000956175,2026-09-27T16:44:00+09:00,,6면,
한국일보,naver_paper,,"조희대에 '직함 생략'한 민주당... ""대통령 뒤통수치는 모습, 대법원장답지 않아""",더불어민주당이 추석 연휴 마지막 날인 27일 청와대의 대법관 후보 재제청 요구를 거부한 조희대 대법원장을 겨냥한 공세 수위를 끌어올렸다. 조 대법원장을 겨냥해 …,https://n.news.naver.com/mnews/article/469/0000956169,2026-09-27T16:20:00+09:00,,8면,
한국일보,naver_paper,,공소청·중수청 출범 나흘 앞…수장 공백·인력 부족 등 '개문발차' 우려 현실로,,https://n.news.naver.com/mnews/article/469/0000956231,2026-09-28T04:31:00+09:00,,8면,
한국일보,naver_paper,,"[단독] '부부 스와핑' 모집하고 ""아내를 유혹해달라""… 소라넷 파생 음란물 사이트 운영자 덜미",배우자나 애인의 성착취물을 유포하고 스와핑 상대를 모집하는 불법 사이트를 운영해온 60대 남성이 경찰에 붙잡혔다. 사이트에서는 회원들이 가족이나 지인의 사진을 …,https://n.news.naver.com/mnews/article/469/0000956229,2026-09-28T04:31:00+09:00,,10면,
한국일보,naver_paper,,[단독] 정보 보호 신청 5건 중 1건은 기각…법원 '가정폭력 피해자 보호' 곳곳에 공백,,https://n.news.naver.com/mnews/article/469/0000956228,2026-09-28T04:30:00+09:00,,10면,
한국일보,naver_paper,,'1980년생 이하·특정 대학 출신' 한화에어로 채용 논란… 이부환 대표 사과,,https://n.news.naver.com/mnews/article/469/0000956157,2026-09-27T15:26:00+09:00,,10면,
한국일보,naver_paper,,중국 최고지도자 이름 상호 때문? 분당 중식당 침입 중국인 4명 당일 출국,,https://n.news.naver.com/mnews/article/469/0000956129,2026-09-27T13:40:00+09:00,,10면,
한국일보,naver_paper,,"검찰, '천공 의혹' 제기 부승찬·김종대 등 명예훼손 무혐의",,https://n.news.naver.com/mnews/article/469/0000956136,2026-09-27T14:00:00+09:00,,10면,
한국일보,naver_paper,,제주 천지연폭포 2m 아래 추락한 50대 숨져… 사진 촬영 중 참변,,https://n.news.naver.com/mnews/article/469/0000956110,2026-09-27T11:26:00+09:00,,10면,
한국일보,naver_paper,,전 세계 식탁 오를 고기 버릴 판… 평화롭던 노부부 농장 덮친 데이터센터,편집자주대한민국은 인공지능(AI) 3강을 목표로 전국에 AI 데이터센터를 확대하려 하고 있다. 그러나 장밋빛 미래에는 대가가 따른다. 한국일보는 앞으로 데이터 …,https://n.news.naver.com/mnews/article/469/0000956247,2026-09-28T04:32:00+09:00,,1면,
한국일보,naver_paper,,초과 세수 50조 넘는다…'200조' 미래대응기금에 '나랏빚 상환' 논란,,https://n.news.naver.com/mnews/article/469/0000956145,2026-09-27T14:36:00+09:00,,1면,
한국일보,naver_paper,,"공항까지 나가 환대했지만... 트럼프·시진핑 회담 성과, 서로 말이 다르다",,https://n.news.naver.com/mnews/article/469/0000956184,2026-09-27T17:12:00+09:00,,1면,
한국일보,naver_paper,,"한미 조사팀, DMZ 폭발사고 현장 근접했으나 안전 문제로 철수",,https://n.news.naver.com/mnews/article/469/0000956200,2026-09-27T21:11:00+09:00,,1면,
한국일보,naver_paper,,식탁부터 의자까지 온통 붉은색... 트럼프 극진한 환대에도 내용은 '속 빈 강정'?,시진핑 중국 국가주석의 2박 3일간 방미 일정은 대체로 화기애애한 분위기 속에서 진행됐다. 도널드 트럼프 미국 대통령은 이례적인 수준의 환대로 시 주석을 맞이 …,https://n.news.naver.com/mnews/article/469/0000956186,2026-09-27T17:30:00+09:00,,2면,
한국일보,naver_paper,,"""미중 정상 겉으론 화해 무드, 물밑에선 걷어차기"" 美 전문가들 분석",,https://n.news.naver.com/mnews/article/469/0000956148,2026-09-27T15:01:00+09:00,,2면,
한국일보,naver_paper,,"트럼프, 비서실장에 ""이 대통령과 12월 골프 라운딩 잡으라"" 지시",,https://n.news.naver.com/mnews/article/469/0000956209,2026-09-27T23:01:00+09:00,,2면,
한국일보,naver_paper,,靑 인사·대법관 재제청·파병... 귀국한 이 대통령 앞 산적한 과제,이재명 대통령이 27일 5박 7일간의 미국·멕시코 순방을 마치고 귀국했다. 이 대통령은 유엔총회 기조연설에서 한반도 평화공존 정책에 대한 국제사회의 이해를 확 …,https://n.news.naver.com/mnews/article/469/0000956206,2026-09-27T22:00:00+09:00,,3면,
한국일보,naver_paper,,"北 포로 송환... 탈북민과 달라도 ""국제법 감안 비공개가 적절""",,https://n.news.naver.com/mnews/article/469/0000956180,2026-09-27T17:01:00+09:00,,3면,
한국일보,naver_paper,,美 270곳 '데이터센터 멈춤'… 모라토리엄은 해법 아닌 시작,편집자주대한민국은 인공지능(AI) 3강을 목표로 전국에 AI 데이터센터를 확대하려 하고 있다. 그러나 장밋빛 미래에는 대가가 따른다. 한국일보는 앞으로 데이터 …,https://n.news.naver.com/mnews/article/469/0000956223,2026-09-28T04:00:00+09:00,,5면,
한국일보,naver_paper,,"인사·유시민·DMZ 겹악재... 민주당, '민생 올인' 돌파구",더불어민주당이 추석 연휴 직후 '민생'을 전면에 내세우며 정국 돌파구 마련에 나섰다. 인사 검증 논란과 유시민 전 노무현재단 이사장의 검찰개혁 등 여권 내부 …,https://n.news.naver.com/mnews/article/469/0000956191,2026-09-27T18:31:00+09:00,,6면,
한국일보,naver_paper,,"""추석 민심, 분노 들끓어""… 국민의힘, 장외-원내 '투 트랙' 공세 검토",,https://n.news.naver.com/mnews/article/469/0000956185,2026-09-27T17:26:00+09:00,,6면,
한국일보,naver_paper,,DMZ 게시글 100여개 쏟아낸 한동훈... '김승원'에서 '안보'로 전선 이동,,https://n.news.naver.com/mnews/article/469/0000956175,2026-09-27T16:44:00+09:00,,6면,
한국일보,naver_paper,,"조희대에 '직함 생략'한 민주당... ""대통령 뒤통수치는 모습, 대법원장답지 않아""",더불어민주당이 추석 연휴 마지막 날인 27일 청와대의 대법관 후보 재제청 요구를 거부한 조희대 대법원장을 겨냥한 공세 수위를 끌어올렸다. 조 대법원장을 겨냥해 …,https://n.news.naver.com/mnews/article/469/0000956169,2026-09-27T16:20:00+09:00,,8면,
한국일보,naver_paper,,공소청·중수청 출범 나흘 앞…수장 공백·인력 부족 등 '개문발차' 우려 현실로,,https://n.news.naver.com/mnews/article/469/0000956231,2026-09-28T04:31:00+09:00,,8면,
한국일보,naver_paper,,"[단독] '부부 스와핑' 모집하고 ""아내를 유혹해달라""… 소라넷 파생 음란물 사이트 운영자 덜미",배우자나 애인의 성착취물을 유포하고 스와핑 상대를 모집하는 불법 사이트를 운영해온 60대 남성이 경찰에 붙잡혔다. 사이트에서는 회원들이 가족이나 지인의 사진을 …,https://n.news.naver.com/mnews/article/469/0000956229,2026-09-28T04:31:00+09:00,,10면,
한국일보,naver_paper,,[단독] 정보 보호 신청 5건 중 1건은 기각…법원 '가정폭력 피해자 보호' 곳곳에 공백,,https://n.news.naver.com/mnews/article/469/0000956228,2026-09-28T04:30:00+09:00,,10면,
한국일보,naver_paper,,'1980년생 이하·특정 대학 출신' 한화에어로 채용 논란… 이부환 대표 사과,,https://n.news.naver.com/mnews/article/469/0000956157,2026-09-27T15:26:00+09:00,,10면,
한국일보,naver_paper,,중국 최고지도자 이름 상호 때문? 분당 중식당 침입 중국인 4명 당일 출국,,https://n.news.naver.com/mnews/article/469/0000956129,2026-09-27T13:40:00+09:00,,10면,
한국일보,naver_paper,,"검찰, '천공 의혹' 제기 부승찬·김종대 등 명예훼손 무혐의",,https://n.news.naver.com/mnews/article/469/0000956136,2026-09-27T14:00:00+09:00,,10면,
한국일보,naver_paper,,제주 천지연폭포 2m 아래 추락한 50대 숨져… 사진 촬영 중 참변,,https://n.news.naver.com/mnews/article/469/0000956110,2026-09-27T11:26:00+09:00,,10면,
한국일보,naver_paper,,전 세계 식탁 오를 고기 버릴 판… 평화롭던 노부부 농장 덮친 데이터센터,편집자주대한민국은 인공지능(AI) 3강을 목표로 전국에 AI 데이터센터를 확대하려 하고 있다. 그러나 장밋빛 미래에는 대가가 따른다. 한국일보는 앞으로 데이터 …,https://n.news.naver.com/mnews/article/469/0000956247,2026-09-28T04:32:00+09:00,,1면,
한국일보,naver_paper,,초과 세수 50조 넘는다…'200조' 미래대응기금에 '나랏빚 상환' 논란,,https://n.news.naver.com/mnews/article/469/0000956145,2026-09-27T14:36:00+09:00,,1면,
한국일보,naver_paper,,"공항까지 나가 환대했지만... 트럼프·시진핑 회담 성과, 서로 말이 다르다",,https://n.news.naver.com/mnews/article/469/0000956184,2026-09-27T17:12:00+09:00,,1면,
한국일보,naver_paper,,"한미 조사팀, DMZ 폭발사고 현장 근접했으나 안전 문제로 철수",,https://n.news.naver.com/mnews/article/469/0000956200,2026-09-27T21:11:00+09:00,,1면,
한국일보,naver_paper,,식탁부터 의자까지 온통 붉은색... 트럼프 극진한 환대에도 내용은 '속 빈 강정'?,시진핑 중국 국가주석의 2박 3일간 방미 일정은 대체로 화기애애한 분위기 속에서 진행됐다. 도널드 트럼프 미국 대통령은 이례적인 수준의 환대로 시 주석을 맞이 …,https://n.news.naver.com/mnews/article/469/0000956186,2026-09-27T17:30:00+09:00,,2면,
한국일보,naver_paper,,"""미중 정상 겉으론 화해 무드, 물밑에선 걷어차기"" 美 전문가들 분석",,https://n.news.naver.com/mnews/article/469/0000956148,2026-09-27T15:01:00+09:00,,2면,
한국일보,naver_paper,,"트럼프, 비서실장에 ""이 대통령과 12월 골프 라운딩 잡으라"" 지시",,https://n.news.naver.com/mnews/article/469/0000956209,2026-09-27T23:01:00+09:00,,2면,
한국일보,naver_paper,,靑 인사·대법관 재제청·파병... 귀국한 이 대통령 앞 산적한 과제,이재명 대통령이 27일 5박 7일간의 미국·멕시코 순방을 마치고 귀국했다. 이 대통령은 유엔총회 기조연설에서 한반도 평화공존 정책에 대한 국제사회의 이해를 확 …,https://n.news.naver.com/mnews/article/469/0000956206,2026-09-27T22:00:00+09:00,,3면,
한국일보,naver_paper,,"北 포로 송환... 탈북민과 달라도 ""국제법 감안 비공개가 적절""",,https://n.news.naver.com/mnews/article/469/0000956180,2026-09-27T17:01:00+09:00,,3면,
한국일보,naver_paper,,美 270곳 '데이터센터 멈춤'… 모라토리엄은 해법 아닌 시작,편집자주대한민국은 인공지능(AI) 3강을 목표로 전국에 AI 데이터센터를 확대하려 하고 있다. 그러나 장밋빛 미래에는 대가가 따른다. 한국일보는 앞으로 데이터 …,https://n.news.naver.com/mnews/article/469/0000956223,2026-09-28T04:00:00+09:00,,5면,
한국일보,naver_paper,,"인사·유시민·DMZ 겹악재... 민주당, '민생 올인' 돌파구",더불어민주당이 추석 연휴 직후 '민생'을 전면에 내세우며 정국 돌파구 마련에 나섰다. 인사 검증 논란과 유시민 전 노무현재단 이사장의 검찰개혁 등 여권 내부 …,https://n.news.naver.com/mnews/article/469/0000956191,2026-09-27T18:31:00+09:00,,6면,
한국일보,naver_paper,,"""추석 민심, 분노 들끓어""… 국민의힘, 장외-원내 '투 트랙' 공세 검토",,https://n.news.naver.com/mnews/article/469/0000956185,2026-09-27T17:26:00+09:00,,6면,
한국일보,naver_paper,,DMZ 게시글 100여개 쏟아낸 한동훈... '김승원'에서 '안보'로 전선 이동,,https://n.news.naver.com/mnews/article/469/0000956175,2026-09-27T16:44:00+09:00,,6면,
한국일보,naver_paper,,"조희대에 '직함 생략'한 민주당... ""대통령 뒤통수치는 모습, 대법원장답지 않아""",더불어민주당이 추석 연휴 마지막 날인 27일 청와대의 대법관 후보 재제청 요구를 거부한 조희대 대법원장을 겨냥한 공세 수위를 끌어올렸다. 조 대법원장을 겨냥해 …,https://n.news.naver.com/mnews/article/469/0000956169,2026-09-27T16:20:00+09:00,,8면,
한국일보,naver_paper,,공소청·중수청 출범 나흘 앞…수장 공백·인력 부족 등 '개문발차' 우려 현실로,,https://n.news.naver.com/mnews/article/469/0000956231,2026-09-28T04:31:00+09:00,,8면,
한국일보,naver_paper,,"[단독] '부부 스와핑' 모집하고 ""아내를 유혹해달라""… 소라넷 파생 음란물 사이트 운영자 덜미",배우자나 애인의 성착취물을 유포하고 스와핑 상대를 모집하는 불법 사이트를 운영해온 60대 남성이 경찰에 붙잡혔다. 사이트에서는 회원들이 가족이나 지인의 사진을 …,https://n.news.naver.com/mnews/article/469/0000956229,2026-09-28T04:31:00+09:00,,10면,
한국일보,naver_paper,,[단독] 정보 보호 신청 5건 중 1건은 기각…법원 '가정폭력 피해자 보호' 곳곳에 공백,,https://n.news.naver.com/mnews/article/469/0000956228,2026-09-28T04:30:00+09:00,,10면,
한국일보,naver_paper,,'1980년생 이하·특정 대학 출신' 한화에어로 채용 논란… 이부환 대표 사과,,https://n.news.naver.com/mnews/article/469/0000956157,2026-09-27T15:26:00+09:00,,10면,
한국일보,naver_paper,,중국 최고지도자 이름 상호 때문? 분당 중식당 침입 중국인 4명 당일 출국,,https://n.news.naver.com/mnews/article/469/0000956129,2026-09-27T13:40:00+09:00,,10면,
한국일보,naver_paper,,"검찰, '천공 의혹' 제기 부승찬·김종대 등 명예훼손 무혐의",,https://n.news.naver.com/mnews/article/469/0000956136,2026-09-27T14:00:00+09:00,,10면,
한국일보,naver_paper,,제주 천지연폭포 2m 아래 추락한 50대 숨져… 사진 촬영 중 참변,,https://n.news.naver.com/mnews/article/469/0000956110,2026-09-27T11:26:00+09:00,,10면,
한국일보,naver_paper,,전 세계 식탁 오를 고기 버릴 판… 평화롭던 노부부 농장 덮친 데이터센터,편집자주대한민국은 인공지능(AI) 3강을 목표로 전국에 AI 데이터센터를 확대하려 하고 있다. 그러나 장밋빛 미래에는 대가가 따른다. 한국일보는 앞으로 데이터 …,https://n.news.naver.com/mnews/article/469/0000956247,2026-09-28T04:32:00+09:00,,1면,
한국일보,naver_paper,,초과 세수 50조 넘는다…'200조' 미래대응기금에 '나랏빚 상환' 논란,,https://n.news.naver.com/mnews/article/469/0000956145,2026-09-27T14:36:00+09:00,,1면,
한국일보,naver_paper,,"공항까지 나가 환대했지만... 트럼프·시진핑 회담 성과, 서로 말이 다르다",,https://n.news.naver.com/mnews/article/469/0000956184,2026-09-27T17:12:00+09:00,,1면,
한국일보,naver_paper,,"한미 조사팀, DMZ 폭발사고 현장 근접했으나 안전 문제로 철수",,https://n.news.naver.com/mnews/article/469/0000956200,2026-09-27T21:11:00+09:00,,1면,
한국일보,naver_paper,,식탁부터 의자까지 온통 붉은색... 트럼프 극진한 환대에도 내용은 '속 빈 강정'?,시진핑 중국 국가주석의 2박 3일간 방미 일정은 대체로 화기애애한 분위기 속에서 진행됐다. 도널드 트럼프 미국 대통령은 이례적인 수준의 환대로 시 주석을 맞이 …,https://n.news.naver.com/mnews/article/469/0000956186,2026-09-27T17:30:00+09:00,,2면,
한국일보,naver_paper,,"""미중 정상 겉으론 화해 무드, 물밑에선 걷어차기"" 美 전문가들 분석",,https://n.news.naver.com/mnews/article/469/0000956148,2026-09-27T15:01:00+09:00,,2면,
한국일보,naver_paper,,"트럼프, 비서실장에 ""이 대통령과 12월 골프 라운딩 잡으라"" 지시",,https://n.news.naver.com/mnews/article/469/0000956209,2026-09-27T23:01:00+09:00,,2면,
한국일보,naver_paper,,靑 인사·대법관 재제청·파병... 귀국한 이 대통령 앞 산적한 과제,이재명 대통령이 27일 5박 7일간의 미국·멕시코 순방을 마치고 귀국했다. 이 대통령은 유엔총회 기조연설에서 한반도 평화공존 정책에 대한 국제사회의 이해를 확 …,https://n.news.naver.com/mnews/article/469/0000956206,2026-09-27T22:00:00+09:00,,3면,
한국일보,naver_paper,,"北 포로 송환... 탈북민과 달라도 ""국제법 감안 비공개가 적절""",,https://n.news.naver.com/mnews/article/469/0000956180,2026-09-27T17:01:00+09:00,,3면,
한국일보,naver_paper,,美 270곳 '데이터센터 멈춤'… 모라토리엄은 해법 아닌 시작,편집자주대한민국은 인공지능(AI) 3강을 목표로 전국에 AI 데이터센터를 확대하려 하고 있다. 그러나 장밋빛 미래에는 대가가 따른다. 한국일보는 앞으로 데이터 …,https://n.news.naver.com/mnews/article/469/0000956223,2026-09-28T04:00:00+09:00,,5면,
한국일보,naver_paper,,"인사·유시민·DMZ 겹악재... 민주당, '민생 올인' 돌파구",더불어민주당이 추석 연휴 직후 '민생'을 전면에 내세우며 정국 돌파구 마련에 나섰다. 인사 검증 논란과 유시민 전 노무현재단 이사장의 검찰개혁 등 여권 내부 …,https://n.news.naver.com/mnews/article/469/0000956191,2026-09-27T18:31:00+09:00,,6면,
한국일보,naver_paper,,"""추석 민심, 분노 들끓어""… 국민의힘, 장외-원내 '투 트랙' 공세 검토",,https://n.news.naver.com/mnews/article/469/0000956185,2026-09-27T17:26:00+09:00,,6면,
한국일보,naver_paper,,DMZ 게시글 100여개 쏟아낸 한동훈... '김승원'에서 '안보'로 전선 이동,,https://n.news.naver.com/mnews/article/469/0000956175,2026-09-27T16:44:00+09:00,,6면,
한국일보,naver_paper,,"조희대에 '직함 생략'한 민주당... ""대통령 뒤통수치는 모습, 대법원장답지 않아""",더불어민주당이 추석 연휴 마지막 날인 27일 청와대의 대법관 후보 재제청 요구를 거부한 조희대 대법원장을 겨냥한 공세 수위를 끌어올렸다. 조 대법원장을 겨냥해 …,https://n.news.naver.com/mnews/article/469/0000956169,2026-09-27T16:20:00+09:00,,8면,
한국일보,naver_paper,,공소청·중수청 출범 나흘 앞…수장 공백·인력 부족 등 '개문발차' 우려 현실로,,https://n.news.naver.com/mnews/article/469/0000956231,2026-09-28T04:31:00+09:00,,8면,
한국일보,naver_paper,,"[단독] '부부 스와핑' 모집하고 ""아내를 유혹해달라""… 소라넷 파생 음란물 사이트 운영자 덜미",배우자나 애인의 성착취물을 유포하고 스와핑 상대를 모집하는 불법 사이트를 운영해온 60대 남성이 경찰에 붙잡혔다. 사이트에서는 회원들이 가족이나 지인의 사진을 …,https://n.news.naver.com/mnews/article/469/0000956229,2026-09-28T04:31:00+09:00,,10면,
한국일보,naver_paper,,[단독] 정보 보호 신청 5건 중 1건은 기각…법원 '가정폭력 피해자 보호' 곳곳에 공백,,https://n.news.naver.com/mnews/article/469/0000956228,2026-09-28T04:30:00+09:00,,10면,
한국일보,naver_paper,,'1980년생 이하·특정 대학 출신' 한화에어로 채용 논란… 이부환 대표 사과,,https://n.news.naver.com/mnews/article/469/0000956157,2026-09-27T15:26:00+09:00,,10면,
한국일보,naver_paper,,중국 최고지도자 이름 상호 때문? 분당 중식당 침입 중국인 4명 당일 출국,,https://n.news.naver.com/mnews/article/469/0000956129,2026-09-27T13:40:00+09:00,,10면,
한국일보,naver_paper,,"검찰, '천공 의혹' 제기 부승찬·김종대 등 명예훼손 무혐의",,https://n.news.naver.com/mnews/article/469/0000956136,2026-09-27T14:00:00+09:00,,10면,
한국일보,naver_paper,,제주 천지연폭포 2m 아래 추락한 50대 숨져… 사진 촬영 중 참변,,https://n.news.naver.com/mnews/article/469/0000956110,2026-09-27T11:26:00+09:00,,10면,
한국일보,naver_paper,,전 세계 식탁 오를 고기 버릴 판… 평화롭던 노부부 농장 덮친 데이터센터,편집자주대한민국은 인공지능(AI) 3강을 목표로 전국에 AI 데이터센터를 확대하려 하고 있다. 그러나 장밋빛 미래에는 대가가 따른다. 한국일보는 앞으로 데이터 …,https://n.news.naver.com/mnews/article/469/0000956247,2026-09-28T04:32:00+09:00,,1면,
한국일보,naver_paper,,초과 세수 50조 넘는다…'200조' 미래대응기금에 '나랏빚 상환' 논란,,https://n.news.naver.com/mnews/article/469/0000956145,2026-09-27T14:36:00+09:00,,1면,
한국일보,naver_paper,,"공항까지 나가 환대했지만... 트럼프·시진핑 회담 성과, 서로 말이 다르다",,https://n.news.naver.com/mnews/article/469/0000956184,2026-09-27T17:12:00+09:00,,1면,
한국일보,naver_paper,,"한미 조사팀, DMZ 폭발사고 현장 근접했으나 안전 문제로 철수",,https://n.news.naver.com/mnews/article/469/0000956200,2026-09-27T21:11:00+09:00,,1면,
한국일보,naver_paper,,식탁부터 의자까지 온통 붉은색... 트럼프 극진한 환대에도 내용은 '속 빈 강정'?,시진핑 중국 국가주석의 2박 3일간 방미 일정은 대체로 화기애애한 분위기 속에서 진행됐다. 도널드 트럼프 미국 대통령은 이례적인 수준의 환대로 시 주석을 맞이 …,https://n.news.naver.com/mnews/article/469/0000956186,2026-09-27T17:30:00+09:00,,2면,
한국일보,naver_paper,,"""미중 정상 겉으론 화해 무드, 물밑에선 걷어차기"" 美 전문가들 분석",,https://n.news.naver.com/mnews/article/469/0000956148,2026-09-27T15:01:00+09:00,,2면,
한국일보,naver_paper,,"트럼프, 비서실장에 ""이 대통령과 12월 골프 라운딩 잡으라"" 지시",,https://n.news.naver.com/mnews/article/469/0000956209,2026-09-27T23:01:00+09:00,,2면,
한국일보,naver_paper,,靑 인사·대법관 재제청·파병... 귀국한 이 대통령 앞 산적한 과제,이재명 대통령이 27일 5박 7일간의 미국·멕시코 순방을 마치고 귀국했다. 이 대통령은 유엔총회 기조연설에서 한반도 평화공존 정책에 대한 국제사회의 이해를 확 …,https://n.news.naver.com/mnews/article/469/0000956206,2026-09-27T22:00:00+09:00,,3면,
한국일보,naver_paper,,"北 포로 송환... 탈북민과 달라도 ""국제법 감안 비공개가 적절""",,https://n.news.naver.com/mnews/article/469/0000956180,2026-09-27T17:01:00+09:00,,3면,
한국일보,naver_paper,,美 270곳 '데이터센터 멈춤'… 모라토리엄은 해법 아닌 시작,편집자주대한민국은 인공지능(AI) 3강을 목표로 전국에 AI 데이터센터를 확대하려 하고 있다. 그러나 장밋빛 미래에는 대가가 따른다. 한국일보는 앞으로 데이터 …,https://n.news.naver.com/mnews/article/469/0000956223,2026-09-28T04:00:00+09:00,,5면,
한국일보,naver_paper,,"인사·유시민·DMZ 겹악재... 민주당, '민생 올인' 돌파구",더불어민주당이 추석 연휴 직후 '민생'을 전면에 내세우며 정국 돌파구 마련에 나섰다. 인사 검증 논란과 유시민 전 노무현재단 이사장의 검찰개혁 등 여권 내부 …,https://n.news.naver.com/mnews/article/469/0000956191,2026-09-27T18:31:00+09:00,,6면,
한국일보,naver_paper,,"""추석 민심, 분노 들끓어""… 국민의힘, 장외-원내 '투 트랙' 공세 검토",,https://n.news.naver.com/mnews/article/469/0000956185,2026-09-27T17:26:00+09:00,,6면,
한국일보,naver_paper,,DMZ 게시글 100여개 쏟아낸 한동훈... '김승원'에서 '안보'로 전선 이동,,https://n.news.naver.com/mnews/article/469/0000956175,2026-09-27T16:44:00+09:00,,6면,
한국일보,naver_paper,,"조희대에 '직함 생략'한 민주당... ""대통령 뒤통수치는 모습, 대법원장답지 않아""",더불어민주당이 추석 연휴 마지막 날인 27일 청와대의 대법관 후보 재제청 요구를 거부한 조희대 대법원장을 겨냥한 공세 수위를 끌어올렸다. 조 대법원장을 겨냥해 …,https://n.news.naver.com/mnews/article/469/0000956169,2026-09-27T16:20:00+09:00,,8면,
한국일보,naver_paper,,공소청·중수청 출범 나흘 앞…수장 공백·인력 부족 등 '개문발차' 우려 현실로,,https://n.news.naver.com/mnews/article/469/0000956231,2026-09-28T04:31:00+09:00,,8면,
한국일보,naver_paper,,"[단독] '부부 스와핑' 모집하고 ""아내를 유혹해달라""… 소라넷 파생 음란물 사이트 운영자 덜미",배우자나 애인의 성착취물을 유포하고 스와핑 상대를 모집하는 불법 사이트를 운영해온 60대 남성이 경찰에 붙잡혔다. 사이트에서는 회원들이 가족이나 지인의 사진을 …,https://n.news.naver.com/mnews/article/469/0000956229,2026-09-28T04:31:00+09:00,,10면,
한국일보,naver_paper,,[단독] 정보 보호 신청 5건 중 1건은 기각…법원 '가정폭력 피해자 보호' 곳곳에 공백,,https://n.news.naver.com/mnews/article/469/0000956228,2026-09-28T04:30:00+09:00,,10면,
한국일보,naver_paper,,'1980년생 이하·특정 대학 출신' 한화에어로 채용 논란… 이부환 대표 사과,,https://n.news.naver.com/mnews/article/469/0000956157,2026-09-27T15:26:00+09:00,,10면,
한국일보,naver_paper,,중국 최고지도자 이름 상호 때문? 분당 중식당 침입 중국인 4명 당일 출국,,https://n.news.naver.com/mnews/article/469/0000956129,2026-09-27T13:40:00+09:00,,10면,
한국일보,naver_paper,,"검찰, '천공 의혹' 제기 부승찬·김종대 등 명예훼손 무혐의",,https://n.news.naver.com/mnews/article/469/0000956136,2026-09-27T14:00:00+09:00,,10면,
한국일보,naver_paper,,제주 천지연폭포 2m 아래 추락한 50대 숨져… 사진 촬영 중 참변,,https://n.news.naver.com/mnews/article/469/0000956110,2026-09-27T11:26:00+09:00,,10면,
매일경제,naver_paper,,[뉴스 & 분석] 뉴노멀 된 고금리 … 美 5년국채도 5%,,https://n.news.naver.com/mnews/article/009/0005740420,2026-09-27T17:09:00+09:00,,A1면,
매일경제,naver_paper,,"美中 중대합의 없이 ""300억弗 관세 인하""",,https://n.news.naver.com/mnews/article/009/0005740423,2026-09-27T17:09:00+09:00,,A1면,
매일경제,naver_paper,,[단독] '고령화 농지' 매년 0.08%만 세대교체,,https://n.news.naver.com/mnews/article/009/0005740424,2026-09-27T17:09:00+09:00,,A1면,
매일경제,naver_paper,,'대체불가 韓商' 송도로 … 3천명 총집결,,https://n.news.naver.com/mnews/article/009/0005740421,2026-09-27T17:09:00+09:00,,A1면,
매일경제,naver_paper,,수출株 날고…내수株 꺾였다 3분기도 'K자형' 실적 양극화,,https://n.news.naver.com/mnews/article/009/0005740442,2026-09-27T19:08:00+09:00,,A1면,
매일경제,naver_paper,,"제미나이와 대화하며 영상 뚝딱 …""나도 단숨에 유튜버""",유튜브 크리에이터 행사 '메이드 온 유튜브' 가보니 내년초 AI 유튜브 편집 도입 소재 찾아주고 영상도 제작 AI 검색·추천·쇼핑 늘리고 앱내 단체채팅 기능도 …,https://n.news.naver.com/mnews/article/009/0005740410,2026-09-27T17:03:00+09:00,,A2면,
매일경제,naver_paper,,뜨거웠던 지식의 향연 영상으로 다시 만나요,,https://n.news.naver.com/mnews/article/009/0005740412,2026-09-27T17:03:00+09:00,,A2면,
매일경제,naver_paper,,"""유튜브 영상 하나는 복권 한 장 … 1만개 올리면 하나는 터지죠""",,https://n.news.naver.com/mnews/article/009/0005740411,2026-09-27T17:03:00+09:00,,A2면,
매일경제,naver_paper,,"""AI 시대, 금리는 조연일 뿐""… 투자 늘고 증시 오른다는 월가","금리인상 사이클 가속 전망에도 …""시장은 견고"" ""AI 경쟁으로 무한 수익 창출"" '리틀 버핏' 애크먼의 역발상 금리가 되레 인플레자극 경고 美 30년물 6% …",https://n.news.naver.com/mnews/article/009/0005740394,2026-09-27T17:00:00+09:00,,A3면,
매일경제,naver_paper,,금리 민감도 약해진 반도체株…외국인 수급·3분기 실적 관건,,https://n.news.naver.com/mnews/article/009/0005740395,2026-09-27T17:00:00+09:00,,A3면,
매일경제,naver_paper,,"트럼프·시진핑, 이란 동시압박 … ""핵보유·국제수로 통행료 반대""","美中정상회담 결산 이란 경제적 고립에 한목소리 희토류 문제, 中발표문서 제외 무역휴전 2개월 연장에 그쳐 트럼프, 핵심 의제선 말 아껴 中, 전략적 안정관계 …",https://n.news.naver.com/mnews/article/009/0005740413,2026-09-27T17:06:00+09:00,,A4면,
매일경제,naver_paper,,美·中 연내 두 번 더 대면 … 미북대화 '물꼬' 주목,,https://n.news.naver.com/mnews/article/009/0005740415,2026-09-27T17:06:00+09:00,,A4면,
매일경제,naver_paper,,희토류 쥔 習에 3일 내내 레드카펫,,https://n.news.naver.com/mnews/article/009/0005740414,2026-09-27T17:06:00+09:00,,A4면,
매일경제,naver_paper,,"[단독] ""월 10만원 받으려 농지 팔아야하나""… 농사일 못 놓는 팔순농부","힘 못쓰는 고령농 은퇴지원 직불금으로 생계 유지도 못해 농지연금은 예산 소진돼 대기 고령농 은퇴 이끌 유인책 부족 청년농 육성 사실상 중단 상태 전문가 ""국가 …",https://n.news.naver.com/mnews/article/009/0005740384,2026-09-27T16:57:00+09:00,,A5면,
매일경제,naver_paper,,"李대통령 ""농지 전수조사 필요"" 재강조… 오세훈 ""실거주 이어 실경작 집착"" 비판",,https://n.news.naver.com/mnews/article/009/0005740385,2026-09-27T16:57:00+09:00,,A5면,
매일경제,naver_paper,,세계한상 K비즈 축제… 330개 기업·해외바이어 한자리에,28~30일 송도서 개최 400개 국내외 전시부스 설치 바이어 270명과 1대1 비즈상담 29일엔 'AI스타트업 VC 포럼' 해외진출전략까지 컨설팅 진행 장학 …,https://n.news.naver.com/mnews/article/009/0005740419,2026-09-27T17:07:00+09:00,,A6면,
매일경제,naver_paper,,"""한상은 민간외교관…K콘텐츠 확산 선도해야""",,https://n.news.naver.com/mnews/article/009/0005740418,2026-09-27T17:07:00+09:00,,A6면,
매일경제,naver_paper,,"매경미디어, 한상대회와 24년 동행 글로벌 한상 잇는 플랫폼으로 성장",,https://n.news.naver.com/mnews/article/009/0005740417,2026-09-27T17:07:00+09:00,,A6면,
매일경제,naver_paper,,"'지연 조사' 논란속 … 軍·유엔사, DMZ 투입","지뢰폭발 사고현장 합동조사 사고 엿새만에 40여명 진입 북한 지뢰 여부·위치 등 규명 野 '고의 조사지연' 의혹제기 ""유엔사 조사요청, 軍이 거부"" 軍 ""합동조사 계속준비"" 반박 한국군과 유엔군사령 …",https://n.news.naver.com/mnews/article/009/0005740455,2026-09-27T20:26:00+09:00,,A8면,
매일경제,naver_paper,,"우크라 '北포로 송환' 공개에 李 ""비공개 합의 어겨 아쉽다""",,https://n.news.naver.com/mnews/article/009/0005740425,2026-09-27T17:10:00+09:00,,A8면,
매일경제,naver_paper,,"軍·유엔사, DMZ 갔지만 …""추후 재조사""","지뢰폭발 사고현장 합동조사 사고 엿새만에 40여명 진입 北 지뢰 등 규명 나섰지만 위험 이유로 원점 도달 못해 여야는 조사지연 놓고 충돌 野 ""유엔사 요청, …",https://n.news.naver.com/mnews/article/009/0005740468,2026-09-27T22:30:00+09:00,,A8면,
매일경제,naver_paper,,"與 ""민생 올인 정책국회로""… 野 ""농민·부동산 분노 폭발""",,https://n.news.naver.com/mnews/article/009/0005740426,2026-09-27T17:10:00+09:00,,A8면,
매일경제,naver_paper,,"또 삼전닉스 국감 소환추진에 … 與 ""망신주기식 안돼""",,https://n.news.naver.com/mnews/article/009/0005740427,2026-09-27T17:10:00+09:00,,A8면,
매일경제,naver_paper,,"조희대 압박하는 與법사위, 28일 긴급질의",,https://n.news.naver.com/mnews/article/009/0005740428,2026-09-27T17:10:00+09:00,,A8면,
매일경제,naver_paper,,"[포토] 李, 귀국길 美앵커리지서 기자단 차담회",,https://n.news.naver.com/mnews/article/009/0005740454,2026-09-27T20:26:00+09:00,,A8면,
매일경제,naver_paper,,"李와 12월 골프약속한 트럼프 와일스에 ""스케줄 잡아보라""",,https://n.news.naver.com/mnews/article/009/0005740476,2026-09-27T23:01:00+09:00,,A8면,
매일경제,naver_paper,,"이란, 호르무즈 재개방 제안에 … 트럼프는 거부, 폭격 재개 가능성","돌파구 못찾는 중동 평화방안 이란, 원유 등 조건 내세워 7일내 해협 개방 밝혔지만 트럼프 ""이란 이미 크게 敗"" 공개적으로 제안 거부 명시 WSJ ""중간선거 …",https://n.news.naver.com/mnews/article/009/0005740405,2026-09-27T17:02:00+09:00,,A10면,
매일경제,naver_paper,,"""서울 통신비 세계도시 중 최상위권""… 韓 업계는 반박",,https://n.news.naver.com/mnews/article/009/0005740406,2026-09-27T17:02:00+09:00,,A10면,
매일경제,naver_paper,,"트럼프, CNN 또 배제… 에어포스원 탑승 막아",,https://n.news.naver.com/mnews/article/009/0005740407,2026-09-27T17:02:00+09:00,,A10면,
매일경제,naver_paper,,"애플, 특허침해로 7.7조원 배상 위기",,https://n.news.naver.com/mnews/article/009/0005740408,2026-09-27T17:02:00+09:00,,A10면,
매일경제,naver_paper,,"美, 전기차 의무화 시도 폐지",,https://n.news.naver.com/mnews/article/009/0005740409,2026-09-27T17:02:00+09:00,,A10면,
매일경제,naver_paper,,"韓·멕시코, 협의체 신설…FTA 논의에 속도","경제·산업·자원 이니셔티브 멕시코, 관세 최대 50% 부과 韓수출 비상에…해법 찾기로 최태원 ""멕시코는 경제 거점"" HS효성, 車부품 공장 짓고 포스코·KAI …",https://n.news.naver.com/mnews/article/009/0005740360,2026-09-27T16:51:00+09:00,,A12면,
매일경제,naver_paper,,노후생활비 주택연금 가입 급증 … 은행 가계대출 여력은 '빨간불',,https://n.news.naver.com/mnews/article/009/0005740361,2026-09-27T16:51:00+09:00,,A12면,
매일경제,naver_paper,기후부,"기후부, 타지키스탄에 대규모 태양광발전 건설",,https://n.news.naver.com/mnews/article/009/0005740367,2026-09-27T16:51:00+09:00,,A12면,
매일경제,naver_paper,,5배 넘게 늘어난 HUG PF보증…위험관리 필요규모 1.2조 달해,,https://n.news.naver.com/mnews/article/009/0005740362,2026-09-27T16:51:00+09:00,,A12면,
매일경제,naver_paper,,[포토] 76년 만에 찾은 '초대 금통위' 사진,,https://n.news.naver.com/mnews/article/009/0005740363,2026-09-27T16:51:00+09:00,,A12면,
매일경제,naver_paper,,[표] 외국환율고시표,,https://n.news.naver.com/mnews/article/009/0005740364,2026-09-27T16:51:00+09:00,,A12면,
매일경제,naver_paper,,반도체 호황에 … 법인카드 사용액 역대 최대,,https://n.news.naver.com/mnews/article/009/0005740365,2026-09-27T16:51:00+09:00,,A12면,
매일경제,naver_paper,,금연·걷기 등 건강 챙기면 보험료 할인·우대금리 제공,,https://n.news.naver.com/mnews/article/009/0005740366,2026-09-27T16:51:00+09:00,,A12면,
매일경제,naver_paper,,[포토] 한·멕시코 비즈니스 포럼,,https://n.news.naver.com/mnews/article/009/0005740368,2026-09-27T16:51:00+09:00,,A12면,
매일경제,naver_paper,,"현대로템 자율주행 트램, 2031년 나온다",獨 최대 철도박람회서 로드맵 AI가 운행하며 보행자 인식 5년 내 자율주행 열차 개발 차세대 고속철 모델도 공개 KTX보다 공기저항 36%↓ 수소를 채우고 차 …,https://n.news.naver.com/mnews/article/009/0005740369,2026-09-27T16:52:00+09:00,,A13면,
매일경제,naver_paper,,HD현대·삼성重 … 인도서 금맥 찾는 K조선,,https://n.news.naver.com/mnews/article/009/0005740370,2026-09-27T16:52:00+09:00,,A13면,
매일경제,naver_paper,,"LG전자, AI냉각기술 선도…엔비디아 공식 파트너 선정",,https://n.news.naver.com/mnews/article/009/0005740371,2026-09-27T16:52:00+09:00,,A13면,
매일경제,naver_paper,,"""4년뒤 전세계 반도체시장 3100조""",,https://n.news.naver.com/mnews/article/009/0005740372,2026-09-27T16:52:00+09:00,,A13면,
매일경제,naver_paper,,[포토] 멕시코 홀린 삼성전자 TV,,https://n.news.naver.com/mnews/article/009/0005740373,2026-09-27T16:52:00+09:00,,A13면,
매일경제,naver_paper,,연이은 선박 해킹 사고에… K해운 '사이버 방벽' 쌓는다,,https://n.news.naver.com/mnews/article/009/0005740374,2026-09-27T16:52:00+09:00,,A13면,
매일경제,naver_paper,,"[스마트 산업강국 함께 하는 제조혁신 4.0] ""AI 시대 주인공은 나""… 68개국 청년들 미래 기술 뽐냈다","상하이 국제기능올림픽 가보니 용접·기계·클라우드컴퓨팅 등 64개 종목서 치열한 경합 벌여 한국 대표단, 50개 종목 출전 中, 휴머노이드 전면 내세워 로봇기술 …",https://n.news.naver.com/mnews/article/009/0005740378,2026-09-27T16:54:00+09:00,,A14면,
매일경제,naver_paper,,국제기능올림픽 장기 후원 나선 삼성 … 청년 육성에 '진심',,https://n.news.naver.com/mnews/article/009/0005740379,2026-09-27T16:54:00+09:00,,A14면,
매일경제,naver_paper,,"""韓 제조업 AI 성공, 3D프린팅 역량에 달려""","스트라타시스 CRO 인터뷰 전세계 1위 3D프린팅 업체 ""공급망 불안·AI확산 시대…실시간 제조역량이 경쟁력"" 美항공모함내 수많은 부품 바로 만들어 수리않고 …",https://n.news.naver.com/mnews/article/009/0005740375,2026-09-27T16:53:00+09:00,,A16면,
매일경제,naver_paper,,복부 초음파 비용 '극과극'… 제주 10만원 vs 세종 25만원,,https://n.news.naver.com/mnews/article/009/0005740376,2026-09-27T16:53:00+09:00,,A16면,
매일경제,naver_paper,,"""정찰 넘어 공격·방어까지""…군사용 드론 영역 넓힌다",,https://n.news.naver.com/mnews/article/009/0005740377,2026-09-27T16:53:00+09:00,,A16면,
매일경제,naver_paper,,"K뷰티, 외국인 관광객 사로잡으러 홍대로","뷰티업체 홍대상권 잇단 출점 무신사뷰티 이달 첫 매장 오픈 오프뷰티는 연내 2호점 검토중 올리브영도 2개 추가로 출점 ""외국인 취향 파악 테스트베드"" 패션·헤 …",https://n.news.naver.com/mnews/article/009/0005740318,2026-09-27T16:34:00+09:00,,A18면,
매일경제,naver_paper,,"""와인 잘 팔리는 4분기 온다"" 편의점 1만원대 가성비 경쟁",,https://n.news.naver.com/mnews/article/009/0005740319,2026-09-27T16:34:00+09:00,,A18면,
매일경제,naver_paper,,[포토] 만화팬 모이세요,,https://n.news.naver.com/mnews/article/009/0005740320,2026-09-27T16:34:00+09:00,,A18면,
매일경제,naver_paper,,"롯데마트 ""푸드 팔기전 고객평가 받아요""",,https://n.news.naver.com/mnews/article/009/0005740321,2026-09-27T16:34:00+09:00,,A18면,
매일경제,naver_paper,,"""韓진출 3년 … 커피 매장 내년 100호점 목표""",,https://n.news.naver.com/mnews/article/009/0005740322,2026-09-27T16:34:00+09:00,,A18면,
매일경제,naver_paper,,올리브오일·건기식 로켓배송 … 쿠팡 '프리미엄 푸드' 기획전,,https://n.news.naver.com/mnews/article/009/0005740323,2026-09-27T16:34:00+09:00,,A18면,
매일경제,naver_paper,,"""향후 10년 韓·美에 큰 기회 … 전력기기·조방원·로봇株 주목""","한국의 위대한 투자자 / 목대균 KCGI자산운용 대표 목대균 KCGI자산운용 대표가 최근 펴낸 책 'BUY, SELL, HOLD'에는 이례적으로 많은 금융계 …",https://n.news.naver.com/mnews/article/009/0005740314,2026-09-27T16:13:00+09:00,,A20면,
매일경제,naver_paper,,이번주 머니 캘린더,,https://n.news.naver.com/mnews/article/009/0005740315,2026-09-27T16:13:00+09:00,,A20면,
매일경제,naver_paper,,"'돈의 속성' 김승호, 서울머니쇼 특별세미나 … 투자비법 깜짝 공개",,https://n.news.naver.com/mnews/article/009/0005740316,2026-09-27T16:13:00+09:00,,A20면,
매일경제,naver_paper,,[부동산 심머니] 62층 한강맨션·49층 신동아 …'한강뷰' 용산 재건축 다시 뛴다,한강맨션 관리처분인가 받아 임대 갈등 풀고 한강조망 확보 신동아 사업시행인가 신청 준비 1251가구가 85㎡ 넘는 중대형 두 단지 모두 조합원 승계 가능 서울 …,https://n.news.naver.com/mnews/article/009/0005740329,2026-09-27T16:40:00+09:00,,A21면,
매일경제,naver_paper,,[제네시스박의 1분 절세] 토허제 실거주 유예 1년 연장 … 내년말까지 갭투자 기회 열려,,https://n.news.naver.com/mnews/article/009/0005740330,2026-09-27T16:40:00+09:00,,A21면,
매일경제,naver_paper,,빨라진 바이오 IPO 시계…심사기간 절반 '뚝',"거래소, 산업별 전담심사 도입 4년전 140일 소요 바이오 심사 올해는 평균 70일로 크게 줄어 넥스아이, 41일 만에 고속 승인 국내 증시에서 바이오 기업의 …",https://n.news.naver.com/mnews/article/009/0005740347,2026-09-27T16:47:00+09:00,,A22면,
매일경제,naver_paper,,담관암 신약 FDA 승인 … 반전 모멘텀 찾은 HLB,,https://n.news.naver.com/mnews/article/009/0005740348,2026-09-27T16:47:00+09:00,,A22면,
매일경제,naver_paper,,은행채 4분기 차환 역대최대 27조 … 회사채로 '불똥',,https://n.news.naver.com/mnews/article/009/0005740350,2026-09-27T16:47:00+09:00,,A22면,
매일경제,naver_paper,,올해 수익률 1위는 코스피,,https://n.news.naver.com/mnews/article/009/0005740349,2026-09-27T16:47:00+09:00,,A22면,
매일경제,naver_paper,한전,유가·환율에 엇갈린 3분기 실적 … 정유·항공 ↑ 석화·전기 ↓,주요 상장사 실적 컨센서스 SK이노 등 실적전망 2배 쑥 항공업계도 운임 상승 수혜 석화업계 원가 부담 먹구름 한전은 전기료 동결 직격탄 원화 강세가 수출실적 …,https://n.news.naver.com/mnews/article/009/0005740331,2026-09-27T16:40:00+09:00,,A23면,
매일경제,naver_paper,,'수출 대박' K뷰티 목표가 줄상향 … 엔터·게임株는 찬바람,,https://n.news.naver.com/mnews/article/009/0005740332,2026-09-27T16:40:00+09:00,,A23면,
매일경제,naver_paper,,고금리·공실에 … 경매 쏟아지는 서울 상가,"8월까지 141건 … 작년 넘어서 서울 상가 공실률 8.3 → 9.3% 대출 이자부담까지 다시 커져 건물주들 ""더 이상 못 버텨"" 성수등 핵심상권엔 매수 몰려 …",https://n.news.naver.com/mnews/article/009/0005740324,2026-09-27T16:37:00+09:00,,A25면,
매일경제,naver_paper,,삼성·현대가 점령한 여의도 재건축,,https://n.news.naver.com/mnews/article/009/0005740328,2026-09-27T16:37:00+09:00,,A25면,
매일경제,naver_paper,,서울 서리풀 1지구에 500가구 더 짓는다,,https://n.news.naver.com/mnews/article/009/0005740325,2026-09-27T16:37:00+09:00,,A25면,
매일경제,naver_paper,,"""빌딩 다 오르는 시대 끝나 … 양극화 뚜렷해진다""",,https://n.news.naver.com/mnews/article/009/0005740326,2026-09-27T16:37:00+09:00,,A25면,
매일경제,naver_paper,,광명 등 이번주 1927가구 분양,,https://n.news.naver.com/mnews/article/009/0005740327,2026-09-27T16:37:00+09:00,,A25면,
매일경제,naver_paper,,경북 구미에 국내 첫 양자컴 공급망 구축,"美아이온큐·SDT와 업무협약 750억 투입해 생산거점 조성 부품 생산부터 조립·시험까지 ""구미를 양자산업 거점으로"" 경북 구미에 국내 최초로 양자컴퓨터용 부품 …",https://n.news.naver.com/mnews/article/009/0005740337,2026-09-27T16:42:00+09:00,,A26면,
매일경제,naver_paper,,"""호텔·GTX 연계 … 컨벤션 수요 끌어올 것""","이민우 킨텍스 대표 인터뷰 제3전시장 2028년 완공 목표 부가가치 높은 행사 집중 유치 인도·말레이 운영경험 활용 수익 높은 해외 사업도 확대 ""전시회가 단 …",https://n.news.naver.com/mnews/article/009/0005740344,2026-09-27T16:44:00+09:00,,A26면,
매일경제,naver_paper,,울산상의 43년 만에 이전 … 혁신도시에 새 둥지,,https://n.news.naver.com/mnews/article/009/0005740338,2026-09-27T16:42:00+09:00,,A26면,
매일경제,naver_paper,,[표] 오늘의 날씨,,https://n.news.naver.com/mnews/article/009/0005740342,2026-09-27T16:44:00+09:00,,A26면,
매일경제,naver_paper,,아이디,,https://n.news.naver.com/mnews/article/009/0005740343,2026-09-27T16:44:00+09:00,,A26면,
매일경제,naver_paper,,로봇이 알아서 척척 … 전북에 전국 첫 피지컬AI 단지,,https://n.news.naver.com/mnews/article/009/0005740345,2026-09-27T16:44:00+09:00,,A26면,
매일경제,naver_paper,,절도범 잡고보니 … 절반이 노인·청소년,"'양끝 세대' 비중 작년 50.3% 61세이상 14년새 5배로 급증 노인은 소유욕·충동 '습관성' 청소년, 호기심·재미 '스릴형' 10대들은 또래와 함께 저질 …",https://n.news.naver.com/mnews/article/009/0005740386,2026-09-27T16:58:00+09:00,,A27면,
매일경제,naver_paper,,'부캉이' 보러…추석 연휴 47만명 몰려든 부산,,https://n.news.naver.com/mnews/article/009/0005740391,2026-09-27T16:58:00+09:00,,A27면,
매일경제,naver_paper,,[포토] 다시 일상으로,,https://n.news.naver.com/mnews/article/009/0005740389,2026-09-27T16:58:00+09:00,,A27면,
매일경제,naver_paper,,"""지방이라도 의대가 낫지"" SKY대, 5년간 1만명 떠나",,https://n.news.naver.com/mnews/article/009/0005740388,2026-09-27T16:58:00+09:00,,A27면,
매일경제,naver_paper,,특수교육 대상 학생 느는데…가르칠 교사는 4600명 부족,,https://n.news.naver.com/mnews/article/009/0005740387,2026-09-27T16:58:00+09:00,,A27면,
매일경제,naver_paper,,"채팅으로 만난 10대, 알고보니 경찰",,https://n.news.naver.com/mnews/article/009/0005740390,2026-09-27T16:58:00+09:00,,A27면,
매일경제,naver_paper,,프로포폴 취급 병원…20%는 '관리 부실',,https://n.news.naver.com/mnews/article/009/0005740392,2026-09-27T16:58:00+09:00,,A27면,
매일경제,naver_paper,,'검찰 수사권 폐지' 결국 헌재 간다,,https://n.news.naver.com/mnews/article/009/0005740441,2026-09-27T19:06:00+09:00,,A27면,
매일경제,naver_paper,,"韓야구, 日 꺾고 아시안게임 5연패",결승전서 3대1로 승리거둬김도영·문보경 맹활약하며8회에 2점 뽑고 승리 확정해슈퍼라운드 0대5 완패도 설욕금메달로 16명 병역 혜택 받아 27일 일본 아이치현 …,https://n.news.naver.com/mnews/article/009/0005740470,2026-09-27T22:44:00+09:00,,A29면,
매일경제,naver_paper,,"17세 '보드 신동' 강준이, 황금 연기",,https://n.news.naver.com/mnews/article/009/0005740403,2026-09-27T17:01:00+09:00,,A29면,
매일경제,naver_paper,,"中·日 모두 넘고 금메달 ""비결은 간절함이죠""",,https://n.news.naver.com/mnews/article/009/0005740401,2026-09-27T17:01:00+09:00,,A29면,
매일경제,naver_paper,,어깨·아킬레스건 수술에도 오뚝이처럼 일어서 고마워,,https://n.news.naver.com/mnews/article/009/0005740404,2026-09-27T17:01:00+09:00,,A29면,
매일경제,naver_paper,,한국 펜싱 유종의 미 … 女 사브르 단체전도 金,,https://n.news.naver.com/mnews/article/009/0005740471,2026-09-27T22:44:00+09:00,,A29면,
매일경제,naver_paper,,日 제압하고 …'우생순' 금빛 환호,,https://n.news.naver.com/mnews/article/009/0005740472,2026-09-27T22:44:00+09:00,,A29면,
매일경제,naver_paper,,평균 41.7세 '오락실 아재들' 금메달리스트 됐다,,https://n.news.naver.com/mnews/article/009/0005740402,2026-09-27T17:01:00+09:00,,A29면,
매일경제,naver_paper,,올해는 중남미? 호주? 인도? … 스웨덴 한림원의 선택은,문학상 9년째 남녀 교차 수상 올해는 여성 작가 차례 전망 가르사·고시·킨케이드 주목 하루키도 막판 변수로 거론 내달 8일 올해 수상자 발표 덜 알려진 사실이 …,https://n.news.naver.com/mnews/article/009/0005740333,2026-09-27T16:42:00+09:00,,A31면,
매일경제,naver_paper,,[매일경제TV] 추석 이후 증시 수급 지형 변화는,,https://n.news.naver.com/mnews/article/009/0005740336,2026-09-27T16:42:00+09:00,,A31면,
매일경제,naver_paper,,"[MBN] 아내 잃은 슬픔, 산에서 찾은 위로",,https://n.news.naver.com/mnews/article/009/0005740335,2026-09-27T16:42:00+09:00,,A31면,
매일경제,naver_paper,,구사마 타계 후 첫 메이저 경매 …'호박' 118억원 넘을까,,https://n.news.naver.com/mnews/article/009/0005740334,2026-09-27T16:42:00+09:00,,A31면,
매일경제,naver_paper,,"브라보, 음악으로 빛나는 인생",,https://n.news.naver.com/mnews/article/009/0005740340,2026-09-27T16:43:00+09:00,,A31면,
매일경제,naver_paper,,"""피지컬AI에 공간 감각 심어 현실 세계로 로봇 내보낼것""","조인희 나이언틱 스페이셜 CEO 지리공간 AI 기술 개발해 3D 공간을 사람처럼 인식 GPS 끊겨도 ㎝ 단위 측위 ""한국 피지컬AI 이끌 세계5강"" 사무소 설 …",https://n.news.naver.com/mnews/article/009/0005740352,2026-09-27T16:49:00+09:00,,A33면,
매일경제,naver_paper,,[GS칼텍스배 프로기전] 바둑과 아시안게임 승자,,https://n.news.naver.com/mnews/article/009/0005740357,2026-09-27T16:49:00+09:00,,A33면,
매일경제,naver_paper,,[매경춘추] 한류가 계속 인기 있으려면,,https://n.news.naver.com/mnews/article/009/0005740355,2026-09-27T16:49:00+09:00,,A33면,
매일경제,naver_paper,,[인사] 국가보훈부 / 고용노동부,,https://n.news.naver.com/mnews/article/009/0005740351,2026-09-27T16:49:00+09:00,,A33면,
매일경제,naver_paper,,"""멸망까진 아니지만 10억명은 죽을 수도""",,https://n.news.naver.com/mnews/article/009/0005740353,2026-09-27T16:49:00+09:00,,A33면,
매일경제,naver_paper,,"화담숲에 우리 식물 120여종…LG U+, 생물종다양성정원",,https://n.news.naver.com/mnews/article/009/0005740354,2026-09-27T16:49:00+09:00,,A33면,
매일경제,naver_paper,,[부음] 김남선씨 별세,,https://n.news.naver.com/mnews/article/009/0005740356,2026-09-27T16:49:00+09:00,,A33면,
매일경제,naver_paper,,오늘의 운세 2026년 9월 28일 月(음력 8월 18일),,https://n.news.naver.com/mnews/article/009/0005740358,2026-09-27T16:49:00+09:00,,A33면,
매일경제,naver_paper,,"""이번에는 멕시코로""… 신라면 영토확장",,https://n.news.naver.com/mnews/article/009/0005740359,2026-09-27T16:49:00+09:00,,A33면,
매일경제,naver_paper,,[매경시평] 美 정치에 흔들리는 외교 … 동맹도 셈법 달라져야,"트럼프 2기 '거래외교' 심화 통상·안보 같은 장부 올려 정치적 득실 따라 변동성 韓, 동맹 강화하되 자강도 바야흐로 동시다발 정상외교의 계절이다. 지난주 미 …",https://n.news.naver.com/mnews/article/009/0005740383,2026-09-27T16:55:00+09:00,,A34면,
매일경제,naver_paper,,[기자24시] 존중도 배려도 없는 '황당 아시안게임',,https://n.news.naver.com/mnews/article/009/0005740382,2026-09-27T16:55:00+09:00,,A34면,
매일경제,naver_paper,,"[기고] 수출 1조달러 시대, 시장 다변화가 절실하다",,https://n.news.naver.com/mnews/article/009/0005740380,2026-09-27T16:55:00+09:00,,A34면,
매일경제,naver_paper,,카툰포커스,,https://n.news.naver.com/mnews/article/009/0005740381,2026-09-27T16:55:00+09:00,,A34면,
매일경제,naver_paper,,[매경포럼] K반도체 초호황 1년의 숙제,벼락처럼 온 AI 슈퍼사이클 호황속 사회적 갈등은 커져 韓 경제 골든타임 길지않아 1년전 위기감 다시 떠올릴 때 불과 1년 전이다. 작년 10월 1일 샘 올트 …,https://n.news.naver.com/mnews/article/009/0005740399,2026-09-27T17:01:00+09:00,,A35면,
매일경제,naver_paper,,"DMZ 지뢰사고 닷새 만에 현장조사, 축소·은폐 의혹 해소를 [사설]",,https://n.news.naver.com/mnews/article/009/0005740397,2026-09-27T17:01:00+09:00,,A35면,
매일경제,naver_paper,,서울 집값 85주 상승 文정부와 동률…과거 실패 되풀이 말아야 [사설],,https://n.news.naver.com/mnews/article/009/0005740396,2026-09-27T17:01:00+09:00,,A35면,
매일경제,naver_paper,,대법관 제청 교착에 국민 피로감…靑이 정치력 발휘하길 [사설],,https://n.news.naver.com/mnews/article/009/0005740398,2026-09-27T17:01:00+09:00,,A35면,
매일경제,naver_paper,,[시가 있는 월요일] 어제의 풍경,,https://n.news.naver.com/mnews/article/009/0005740400,2026-09-27T17:01:00+09:00,,A35면,
매일경제,naver_paper,,"물품대금 앞당겨 지급하고…수해복구 현장 곳곳서 구슬땀 ""명절·재난 나눔으로 통했다""","추석을 앞두고 기업들의 자금 집행이 빨라졌다. 삼성은 1조3000억원, 롯데는 9495억원의 대금을 지급일보다 일주일가량 앞당겨 협력사에 지급했다. SK와 현 …",https://n.news.naver.com/mnews/article/009/0005740313,2026-09-27T16:04:00+09:00,,B1면,
매일경제,naver_paper,,"""협력사 넉넉한 추석 보내세요 "" 삼성, 1조3천억 대금 앞당겨 '쓱'",삼성전자·삼성물산 등 13개 관계사 참여 지역특산품·中企제품 판매 임직원 대상 온라인 장터도 삼성이 추석 명절을 맞아 협력회사의 원활한 자금 운용을 돕기 위해 …,https://n.news.naver.com/mnews/article/009/0005740310,2026-09-27T16:04:00+09:00,,B2면,
매일경제,naver_paper,,"""AI로 자신미래 설계해봐요""…삼성전자 '갤럭시 AI 클래스' 모집",,https://n.news.naver.com/mnews/article/009/0005740311,2026-09-27T16:04:00+09:00,,B2면,
매일경제,naver_paper,,"SK이노베이션, 전시에 군에 유류 안정적으로 공급 훈련","SK그룹이 집중호우 피해 지역의 일상 회복을 돕고, 민관군 협력으로 비상시 에너지 공급 체계를 점검하는 등 상생경영을 이어가고 있다. 계열사의 통신·에너지 역 …",https://n.news.naver.com/mnews/article/009/0005740304,2026-09-27T16:04:00+09:00,,B3면,
매일경제,naver_paper,,"롯데, 파트너사 상품 해외홍보 '브랜드엑스포'",,https://n.news.naver.com/mnews/article/009/0005740300,2026-09-27T16:04:00+09:00,,B3면,
매일경제,naver_paper,,"현대차그룹, 소방병원에 구급차·의료용 착용 로봇",,https://n.news.naver.com/mnews/article/009/0005740305,2026-09-27T16:04:00+09:00,,B3면,
매일경제,naver_paper,,"포스코, 포스코센터에 백남준 '철이 철철' 복원",,https://n.news.naver.com/mnews/article/009/0005740306,2026-09-27T16:04:00+09:00,,B3면,
매일경제,naver_paper,,"한화, 올 불꽃축제 130억 행사 비용 전액 부담",,https://n.news.naver.com/mnews/article/009/0005740308,2026-09-27T16:04:00+09:00,,B3면,
매일경제,naver_paper,,"LG전자, 장애인들과 송편 빚고 전 부치고 윷놀이",,https://n.news.naver.com/mnews/article/009/0005740309,2026-09-27T16:04:00+09:00,,B3면,
매일경제,naver_paper,,"LS일렉트릭, '상생형 스마트공장 구축 지원' 기술나눔",LS일렉트릭이 중소기업과 상생 생태계 구축에 박차를 가하고 있다. '상생형 스마트 공장 구축 지원' 등 기술 나눔 활동을 통해 국내 제조업 전반의 체질을 개선 …,https://n.news.naver.com/mnews/article/009/0005740298,2026-09-27T16:03:00+09:00,,B5면,
매일경제,naver_paper,,"GS, AI데이터센터 사업, 스타트업과 협력 확대",,https://n.news.naver.com/mnews/article/009/0005740299,2026-09-27T16:03:00+09:00,,B5면,
매일경제,naver_paper,,"LG화학, 중소고객사 대상 납품가격 한시적 인하",,https://n.news.naver.com/mnews/article/009/0005740301,2026-09-27T16:04:00+09:00,,B5면,
매일경제,naver_paper,,"효성, 상생협력기금 역대최대 160억 출연",,https://n.news.naver.com/mnews/article/009/0005740302,2026-09-27T16:04:00+09:00,,B5면,
매일경제,naver_paper,,"현대모비스, 자금조달 어려운 중소·중견 협력사 지원",,https://n.news.naver.com/mnews/article/009/0005740303,2026-09-27T16:04:00+09:00,,B5면,
매일경제,naver_paper,,"HS효성첨단소재, 장애인 사이클 국대 박찬종 선수 의족 지원",,https://n.news.naver.com/mnews/article/009/0005740307,2026-09-27T16:04:00+09:00,,B5면,
매일경제,naver_paper,,"CJ대한통운, 전통시장 상품까지 이젠 집으로 '오네'","CJ대한통운이 물류 역량을 활용해 전통시장과의 상생을 넓혀가고 있다. 전국 물류망을 전통시장과 연결해 소비자는 장보기 부담을 덜고, 상인은 보다 편리하게 상품 …",https://n.news.naver.com/mnews/article/009/0005740292,2026-09-27T16:03:00+09:00,,B7면,
매일경제,naver_paper,,"이마트, 폐플라스틱이 KTX 용산역 벤치로 변신",,https://n.news.naver.com/mnews/article/009/0005740293,2026-09-27T16:03:00+09:00,,B7면,
매일경제,naver_paper,,"현대홈쇼핑, 2000여명 참가 '친환경 어린이 그림대회'",,https://n.news.naver.com/mnews/article/009/0005740294,2026-09-27T16:03:00+09:00,,B7면,
매일경제,naver_paper,,"롯데백화점, '리조이스·리얼스'로 사회적 가치 확산",,https://n.news.naver.com/mnews/article/009/0005740295,2026-09-27T16:03:00+09:00,,B7면,
매일경제,naver_paper,,"신세계백화점, K브랜드 지원…'하이퍼그라운드'새단장",,https://n.news.naver.com/mnews/article/009/0005740296,2026-09-27T16:03:00+09:00,,B7면,
매일경제,naver_paper,,"롯데마트·슈퍼, 먹거리지원부터 디지털교육까지 '지역상생'",,https://n.news.naver.com/mnews/article/009/0005740297,2026-09-27T16:03:00+09:00,,B7면,
매일경제,naver_paper,,[뉴스 & 분석] 뉴노멀 된 고금리 … 美 5년국채도 5%,,https://n.news.naver.com/mnews/article/009/0005740420,2026-09-27T17:09:00+09:00,,A1면,
매일경제,naver_paper,,"美中 중대합의 없이 ""300억弗 관세 인하""",,https://n.news.naver.com/mnews/article/009/0005740423,2026-09-27T17:09:00+09:00,,A1면,
매일경제,naver_paper,,[단독] '고령화 농지' 매년 0.08%만 세대교체,,https://n.news.naver.com/mnews/article/009/0005740424,2026-09-27T17:09:00+09:00,,A1면,
매일경제,naver_paper,,'대체불가 韓商' 송도로 … 3천명 총집결,,https://n.news.naver.com/mnews/article/009/0005740421,2026-09-27T17:09:00+09:00,,A1면,
매일경제,naver_paper,,수출株 날고…내수株 꺾였다 3분기도 'K자형' 실적 양극화,,https://n.news.naver.com/mnews/article/009/0005740442,2026-09-27T19:08:00+09:00,,A1면,
매일경제,naver_paper,,"제미나이와 대화하며 영상 뚝딱 …""나도 단숨에 유튜버""",유튜브 크리에이터 행사 '메이드 온 유튜브' 가보니 내년초 AI 유튜브 편집 도입 소재 찾아주고 영상도 제작 AI 검색·추천·쇼핑 늘리고 앱내 단체채팅 기능도 …,https://n.news.naver.com/mnews/article/009/0005740410,2026-09-27T17:03:00+09:00,,A2면,
매일경제,naver_paper,,뜨거웠던 지식의 향연 영상으로 다시 만나요,,https://n.news.naver.com/mnews/article/009/0005740412,2026-09-27T17:03:00+09:00,,A2면,
매일경제,naver_paper,,"""유튜브 영상 하나는 복권 한 장 … 1만개 올리면 하나는 터지죠""",,https://n.news.naver.com/mnews/article/009/0005740411,2026-09-27T17:03:00+09:00,,A2면,
매일경제,naver_paper,,"""AI 시대, 금리는 조연일 뿐""… 투자 늘고 증시 오른다는 월가","금리인상 사이클 가속 전망에도 …""시장은 견고"" ""AI 경쟁으로 무한 수익 창출"" '리틀 버핏' 애크먼의 역발상 금리가 되레 인플레자극 경고 美 30년물 6% …",https://n.news.naver.com/mnews/article/009/0005740394,2026-09-27T17:00:00+09:00,,A3면,
매일경제,naver_paper,,금리 민감도 약해진 반도체株…외국인 수급·3분기 실적 관건,,https://n.news.naver.com/mnews/article/009/0005740395,2026-09-27T17:00:00+09:00,,A3면,
매일경제,naver_paper,,"트럼프·시진핑, 이란 동시압박 … ""핵보유·국제수로 통행료 반대""","美中정상회담 결산 이란 경제적 고립에 한목소리 희토류 문제, 中발표문서 제외 무역휴전 2개월 연장에 그쳐 트럼프, 핵심 의제선 말 아껴 中, 전략적 안정관계 …",https://n.news.naver.com/mnews/article/009/0005740413,2026-09-27T17:06:00+09:00,,A4면,
매일경제,naver_paper,,美·中 연내 두 번 더 대면 … 미북대화 '물꼬' 주목,,https://n.news.naver.com/mnews/article/009/0005740415,2026-09-27T17:06:00+09:00,,A4면,
매일경제,naver_paper,,희토류 쥔 習에 3일 내내 레드카펫,,https://n.news.naver.com/mnews/article/009/0005740414,2026-09-27T17:06:00+09:00,,A4면,
매일경제,naver_paper,,"[단독] ""월 10만원 받으려 농지 팔아야하나""… 농사일 못 놓는 팔순농부","힘 못쓰는 고령농 은퇴지원 직불금으로 생계 유지도 못해 농지연금은 예산 소진돼 대기 고령농 은퇴 이끌 유인책 부족 청년농 육성 사실상 중단 상태 전문가 ""국가 …",https://n.news.naver.com/mnews/article/009/0005740384,2026-09-27T16:57:00+09:00,,A5면,
매일경제,naver_paper,,"李대통령 ""농지 전수조사 필요"" 재강조… 오세훈 ""실거주 이어 실경작 집착"" 비판",,https://n.news.naver.com/mnews/article/009/0005740385,2026-09-27T16:57:00+09:00,,A5면,
매일경제,naver_paper,,세계한상 K비즈 축제… 330개 기업·해외바이어 한자리에,28~30일 송도서 개최 400개 국내외 전시부스 설치 바이어 270명과 1대1 비즈상담 29일엔 'AI스타트업 VC 포럼' 해외진출전략까지 컨설팅 진행 장학 …,https://n.news.naver.com/mnews/article/009/0005740419,2026-09-27T17:07:00+09:00,,A6면,
매일경제,naver_paper,,"""한상은 민간외교관…K콘텐츠 확산 선도해야""",,https://n.news.naver.com/mnews/article/009/0005740418,2026-09-27T17:07:00+09:00,,A6면,
매일경제,naver_paper,,"매경미디어, 한상대회와 24년 동행 글로벌 한상 잇는 플랫폼으로 성장",,https://n.news.naver.com/mnews/article/009/0005740417,2026-09-27T17:07:00+09:00,,A6면,
매일경제,naver_paper,,"'지연 조사' 논란속 … 軍·유엔사, DMZ 투입","지뢰폭발 사고현장 합동조사 사고 엿새만에 40여명 진입 북한 지뢰 여부·위치 등 규명 野 '고의 조사지연' 의혹제기 ""유엔사 조사요청, 軍이 거부"" 軍 ""합동조사 계속준비"" 반박 한국군과 유엔군사령 …",https://n.news.naver.com/mnews/article/009/0005740455,2026-09-27T20:26:00+09:00,,A8면,
매일경제,naver_paper,,"우크라 '北포로 송환' 공개에 李 ""비공개 합의 어겨 아쉽다""",,https://n.news.naver.com/mnews/article/009/0005740425,2026-09-27T17:10:00+09:00,,A8면,
매일경제,naver_paper,,"軍·유엔사, DMZ 갔지만 …""추후 재조사""","지뢰폭발 사고현장 합동조사 사고 엿새만에 40여명 진입 北 지뢰 등 규명 나섰지만 위험 이유로 원점 도달 못해 여야는 조사지연 놓고 충돌 野 ""유엔사 요청, …",https://n.news.naver.com/mnews/article/009/0005740468,2026-09-27T22:30:00+09:00,,A8면,
매일경제,naver_paper,,"與 ""민생 올인 정책국회로""… 野 ""농민·부동산 분노 폭발""",,https://n.news.naver.com/mnews/article/009/0005740426,2026-09-27T17:10:00+09:00,,A8면,
매일경제,naver_paper,,"또 삼전닉스 국감 소환추진에 … 與 ""망신주기식 안돼""",,https://n.news.naver.com/mnews/article/009/0005740427,2026-09-27T17:10:00+09:00,,A8면,
매일경제,naver_paper,,"조희대 압박하는 與법사위, 28일 긴급질의",,https://n.news.naver.com/mnews/article/009/0005740428,2026-09-27T17:10:00+09:00,,A8면,
매일경제,naver_paper,,"[포토] 李, 귀국길 美앵커리지서 기자단 차담회",,https://n.news.naver.com/mnews/article/009/0005740454,2026-09-27T20:26:00+09:00,,A8면,
매일경제,naver_paper,,"李와 12월 골프약속한 트럼프 와일스에 ""스케줄 잡아보라""",,https://n.news.naver.com/mnews/article/009/0005740476,2026-09-27T23:01:00+09:00,,A8면,
매일경제,naver_paper,,"이란, 호르무즈 재개방 제안에 … 트럼프는 거부, 폭격 재개 가능성","돌파구 못찾는 중동 평화방안 이란, 원유 등 조건 내세워 7일내 해협 개방 밝혔지만 트럼프 ""이란 이미 크게 敗"" 공개적으로 제안 거부 명시 WSJ ""중간선거 …",https://n.news.naver.com/mnews/article/009/0005740405,2026-09-27T17:02:00+09:00,,A10면,
매일경제,naver_paper,,"""서울 통신비 세계도시 중 최상위권""… 韓 업계는 반박",,https://n.news.naver.com/mnews/article/009/0005740406,2026-09-27T17:02:00+09:00,,A10면,
매일경제,naver_paper,,"트럼프, CNN 또 배제… 에어포스원 탑승 막아",,https://n.news.naver.com/mnews/article/009/0005740407,2026-09-27T17:02:00+09:00,,A10면,
매일경제,naver_paper,,"애플, 특허침해로 7.7조원 배상 위기",,https://n.news.naver.com/mnews/article/009/0005740408,2026-09-27T17:02:00+09:00,,A10면,
매일경제,naver_paper,,"美, 전기차 의무화 시도 폐지",,https://n.news.naver.com/mnews/article/009/0005740409,2026-09-27T17:02:00+09:00,,A10면,
매일경제,naver_paper,,[뉴스 & 분석] 뉴노멀 된 고금리 … 美 5년국채도 5%,,https://n.news.naver.com/mnews/article/009/0005740420,2026-09-27T17:09:00+09:00,,A1면,
매일경제,naver_paper,,"美中 중대합의 없이 ""300억弗 관세 인하""",,https://n.news.naver.com/mnews/article/009/0005740423,2026-09-27T17:09:00+09:00,,A1면,
매일경제,naver_paper,,[단독] '고령화 농지' 매년 0.08%만 세대교체,,https://n.news.naver.com/mnews/article/009/0005740424,2026-09-27T17:09:00+09:00,,A1면,
매일경제,naver_paper,,'대체불가 韓商' 송도로 … 3천명 총집결,,https://n.news.naver.com/mnews/article/009/0005740421,2026-09-27T17:09:00+09:00,,A1면,
매일경제,naver_paper,,수출株 날고…내수株 꺾였다 3분기도 'K자형' 실적 양극화,,https://n.news.naver.com/mnews/article/009/0005740442,2026-09-27T19:08:00+09:00,,A1면,
매일경제,naver_paper,,"제미나이와 대화하며 영상 뚝딱 …""나도 단숨에 유튜버""",유튜브 크리에이터 행사 '메이드 온 유튜브' 가보니 내년초 AI 유튜브 편집 도입 소재 찾아주고 영상도 제작 AI 검색·추천·쇼핑 늘리고 앱내 단체채팅 기능도 …,https://n.news.naver.com/mnews/article/009/0005740410,2026-09-27T17:03:00+09:00,,A2면,
매일경제,naver_paper,,뜨거웠던 지식의 향연 영상으로 다시 만나요,,https://n.news.naver.com/mnews/article/009/0005740412,2026-09-27T17:03:00+09:00,,A2면,
매일경제,naver_paper,,"""유튜브 영상 하나는 복권 한 장 … 1만개 올리면 하나는 터지죠""",,https://n.news.naver.com/mnews/article/009/0005740411,2026-09-27T17:03:00+09:00,,A2면,
매일경제,naver_paper,,"""AI 시대, 금리는 조연일 뿐""… 투자 늘고 증시 오른다는 월가","금리인상 사이클 가속 전망에도 …""시장은 견고"" ""AI 경쟁으로 무한 수익 창출"" '리틀 버핏' 애크먼의 역발상 금리가 되레 인플레자극 경고 美 30년물 6% …",https://n.news.naver.com/mnews/article/009/0005740394,2026-09-27T17:00:00+09:00,,A3면,
매일경제,naver_paper,,금리 민감도 약해진 반도체株…외국인 수급·3분기 실적 관건,,https://n.news.naver.com/mnews/article/009/0005740395,2026-09-27T17:00:00+09:00,,A3면,
매일경제,naver_paper,,"트럼프·시진핑, 이란 동시압박 … ""핵보유·국제수로 통행료 반대""","美中정상회담 결산 이란 경제적 고립에 한목소리 희토류 문제, 中발표문서 제외 무역휴전 2개월 연장에 그쳐 트럼프, 핵심 의제선 말 아껴 中, 전략적 안정관계 …",https://n.news.naver.com/mnews/article/009/0005740413,2026-09-27T17:06:00+09:00,,A4면,
매일경제,naver_paper,,美·中 연내 두 번 더 대면 … 미북대화 '물꼬' 주목,,https://n.news.naver.com/mnews/article/009/0005740415,2026-09-27T17:06:00+09:00,,A4면,
매일경제,naver_paper,,희토류 쥔 習에 3일 내내 레드카펫,,https://n.news.naver.com/mnews/article/009/0005740414,2026-09-27T17:06:00+09:00,,A4면,
매일경제,naver_paper,,"[단독] ""월 10만원 받으려 농지 팔아야하나""… 농사일 못 놓는 팔순농부","힘 못쓰는 고령농 은퇴지원 직불금으로 생계 유지도 못해 농지연금은 예산 소진돼 대기 고령농 은퇴 이끌 유인책 부족 청년농 육성 사실상 중단 상태 전문가 ""국가 …",https://n.news.naver.com/mnews/article/009/0005740384,2026-09-27T16:57:00+09:00,,A5면,
매일경제,naver_paper,,"李대통령 ""농지 전수조사 필요"" 재강조… 오세훈 ""실거주 이어 실경작 집착"" 비판",,https://n.news.naver.com/mnews/article/009/0005740385,2026-09-27T16:57:00+09:00,,A5면,
매일경제,naver_paper,,세계한상 K비즈 축제… 330개 기업·해외바이어 한자리에,28~30일 송도서 개최 400개 국내외 전시부스 설치 바이어 270명과 1대1 비즈상담 29일엔 'AI스타트업 VC 포럼' 해외진출전략까지 컨설팅 진행 장학 …,https://n.news.naver.com/mnews/article/009/0005740419,2026-09-27T17:07:00+09:00,,A6면,
매일경제,naver_paper,,"""한상은 민간외교관…K콘텐츠 확산 선도해야""",,https://n.news.naver.com/mnews/article/009/0005740418,2026-09-27T17:07:00+09:00,,A6면,
매일경제,naver_paper,,"매경미디어, 한상대회와 24년 동행 글로벌 한상 잇는 플랫폼으로 성장",,https://n.news.naver.com/mnews/article/009/0005740417,2026-09-27T17:07:00+09:00,,A6면,
매일경제,naver_paper,,"'지연 조사' 논란속 … 軍·유엔사, DMZ 투입","지뢰폭발 사고현장 합동조사 사고 엿새만에 40여명 진입 북한 지뢰 여부·위치 등 규명 野 '고의 조사지연' 의혹제기 ""유엔사 조사요청, 軍이 거부"" 軍 ""합동조사 계속준비"" 반박 한국군과 유엔군사령 …",https://n.news.naver.com/mnews/article/009/0005740455,2026-09-27T20:26:00+09:00,,A8면,
매일경제,naver_paper,,"우크라 '北포로 송환' 공개에 李 ""비공개 합의 어겨 아쉽다""",,https://n.news.naver.com/mnews/article/009/0005740425,2026-09-27T17:10:00+09:00,,A8면,
매일경제,naver_paper,,"軍·유엔사, DMZ 갔지만 …""추후 재조사""","지뢰폭발 사고현장 합동조사 사고 엿새만에 40여명 진입 北 지뢰 등 규명 나섰지만 위험 이유로 원점 도달 못해 여야는 조사지연 놓고 충돌 野 ""유엔사 요청, …",https://n.news.naver.com/mnews/article/009/0005740468,2026-09-27T22:30:00+09:00,,A8면,
매일경제,naver_paper,,"與 ""민생 올인 정책국회로""… 野 ""농민·부동산 분노 폭발""",,https://n.news.naver.com/mnews/article/009/0005740426,2026-09-27T17:10:00+09:00,,A8면,
매일경제,naver_paper,,"또 삼전닉스 국감 소환추진에 … 與 ""망신주기식 안돼""",,https://n.news.naver.com/mnews/article/009/0005740427,2026-09-27T17:10:00+09:00,,A8면,
매일경제,naver_paper,,"조희대 압박하는 與법사위, 28일 긴급질의",,https://n.news.naver.com/mnews/article/009/0005740428,2026-09-27T17:10:00+09:00,,A8면,
매일경제,naver_paper,,"[포토] 李, 귀국길 美앵커리지서 기자단 차담회",,https://n.news.naver.com/mnews/article/009/0005740454,2026-09-27T20:26:00+09:00,,A8면,
매일경제,naver_paper,,"李와 12월 골프약속한 트럼프 와일스에 ""스케줄 잡아보라""",,https://n.news.naver.com/mnews/article/009/0005740476,2026-09-27T23:01:00+09:00,,A8면,
매일경제,naver_paper,,"이란, 호르무즈 재개방 제안에 … 트럼프는 거부, 폭격 재개 가능성","돌파구 못찾는 중동 평화방안 이란, 원유 등 조건 내세워 7일내 해협 개방 밝혔지만 트럼프 ""이란 이미 크게 敗"" 공개적으로 제안 거부 명시 WSJ ""중간선거 …",https://n.news.naver.com/mnews/article/009/0005740405,2026-09-27T17:02:00+09:00,,A10면,
매일경제,naver_paper,,"""서울 통신비 세계도시 중 최상위권""… 韓 업계는 반박",,https://n.news.naver.com/mnews/article/009/0005740406,2026-09-27T17:02:00+09:00,,A10면,
매일경제,naver_paper,,"트럼프, CNN 또 배제… 에어포스원 탑승 막아",,https://n.news.naver.com/mnews/article/009/0005740407,2026-09-27T17:02:00+09:00,,A10면,
매일경제,naver_paper,,"애플, 특허침해로 7.7조원 배상 위기",,https://n.news.naver.com/mnews/article/009/0005740408,2026-09-27T17:02:00+09:00,,A10면,
매일경제,naver_paper,,"美, 전기차 의무화 시도 폐지",,https://n.news.naver.com/mnews/article/009/0005740409,2026-09-27T17:02:00+09:00,,A10면,
매일경제,naver_paper,,[뉴스 & 분석] 뉴노멀 된 고금리 … 美 5년국채도 5%,,https://n.news.naver.com/mnews/article/009/0005740420,2026-09-27T17:09:00+09:00,,A1면,
매일경제,naver_paper,,"美中 중대합의 없이 ""300억弗 관세 인하""",,https://n.news.naver.com/mnews/article/009/0005740423,2026-09-27T17:09:00+09:00,,A1면,
매일경제,naver_paper,,[단독] '고령화 농지' 매년 0.08%만 세대교체,,https://n.news.naver.com/mnews/article/009/0005740424,2026-09-27T17:09:00+09:00,,A1면,
매일경제,naver_paper,,'대체불가 韓商' 송도로 … 3천명 총집결,,https://n.news.naver.com/mnews/article/009/0005740421,2026-09-27T17:09:00+09:00,,A1면,
매일경제,naver_paper,,수출株 날고…내수株 꺾였다 3분기도 'K자형' 실적 양극화,,https://n.news.naver.com/mnews/article/009/0005740442,2026-09-27T19:08:00+09:00,,A1면,
매일경제,naver_paper,,"제미나이와 대화하며 영상 뚝딱 …""나도 단숨에 유튜버""",유튜브 크리에이터 행사 '메이드 온 유튜브' 가보니 내년초 AI 유튜브 편집 도입 소재 찾아주고 영상도 제작 AI 검색·추천·쇼핑 늘리고 앱내 단체채팅 기능도 …,https://n.news.naver.com/mnews/article/009/0005740410,2026-09-27T17:03:00+09:00,,A2면,
매일경제,naver_paper,,뜨거웠던 지식의 향연 영상으로 다시 만나요,,https://n.news.naver.com/mnews/article/009/0005740412,2026-09-27T17:03:00+09:00,,A2면,
매일경제,naver_paper,,"""유튜브 영상 하나는 복권 한 장 … 1만개 올리면 하나는 터지죠""",,https://n.news.naver.com/mnews/article/009/0005740411,2026-09-27T17:03:00+09:00,,A2면,
매일경제,naver_paper,,"""AI 시대, 금리는 조연일 뿐""… 투자 늘고 증시 오른다는 월가","금리인상 사이클 가속 전망에도 …""시장은 견고"" ""AI 경쟁으로 무한 수익 창출"" '리틀 버핏' 애크먼의 역발상 금리가 되레 인플레자극 경고 美 30년물 6% …",https://n.news.naver.com/mnews/article/009/0005740394,2026-09-27T17:00:00+09:00,,A3면,
매일경제,naver_paper,,금리 민감도 약해진 반도체株…외국인 수급·3분기 실적 관건,,https://n.news.naver.com/mnews/article/009/0005740395,2026-09-27T17:00:00+09:00,,A3면,
매일경제,naver_paper,,"트럼프·시진핑, 이란 동시압박 … ""핵보유·국제수로 통행료 반대""","美中정상회담 결산 이란 경제적 고립에 한목소리 희토류 문제, 中발표문서 제외 무역휴전 2개월 연장에 그쳐 트럼프, 핵심 의제선 말 아껴 中, 전략적 안정관계 …",https://n.news.naver.com/mnews/article/009/0005740413,2026-09-27T17:06:00+09:00,,A4면,
매일경제,naver_paper,,美·中 연내 두 번 더 대면 … 미북대화 '물꼬' 주목,,https://n.news.naver.com/mnews/article/009/0005740415,2026-09-27T17:06:00+09:00,,A4면,
매일경제,naver_paper,,희토류 쥔 習에 3일 내내 레드카펫,,https://n.news.naver.com/mnews/article/009/0005740414,2026-09-27T17:06:00+09:00,,A4면,
매일경제,naver_paper,,"[단독] ""월 10만원 받으려 농지 팔아야하나""… 농사일 못 놓는 팔순농부","힘 못쓰는 고령농 은퇴지원 직불금으로 생계 유지도 못해 농지연금은 예산 소진돼 대기 고령농 은퇴 이끌 유인책 부족 청년농 육성 사실상 중단 상태 전문가 ""국가 …",https://n.news.naver.com/mnews/article/009/0005740384,2026-09-27T16:57:00+09:00,,A5면,
매일경제,naver_paper,,"李대통령 ""농지 전수조사 필요"" 재강조… 오세훈 ""실거주 이어 실경작 집착"" 비판",,https://n.news.naver.com/mnews/article/009/0005740385,2026-09-27T16:57:00+09:00,,A5면,
매일경제,naver_paper,,세계한상 K비즈 축제… 330개 기업·해외바이어 한자리에,28~30일 송도서 개최 400개 국내외 전시부스 설치 바이어 270명과 1대1 비즈상담 29일엔 'AI스타트업 VC 포럼' 해외진출전략까지 컨설팅 진행 장학 …,https://n.news.naver.com/mnews/article/009/0005740419,2026-09-27T17:07:00+09:00,,A6면,
매일경제,naver_paper,,"""한상은 민간외교관…K콘텐츠 확산 선도해야""",,https://n.news.naver.com/mnews/article/009/0005740418,2026-09-27T17:07:00+09:00,,A6면,
매일경제,naver_paper,,"매경미디어, 한상대회와 24년 동행 글로벌 한상 잇는 플랫폼으로 성장",,https://n.news.naver.com/mnews/article/009/0005740417,2026-09-27T17:07:00+09:00,,A6면,
매일경제,naver_paper,,"'지연 조사' 논란속 … 軍·유엔사, DMZ 투입","지뢰폭발 사고현장 합동조사 사고 엿새만에 40여명 진입 북한 지뢰 여부·위치 등 규명 野 '고의 조사지연' 의혹제기 ""유엔사 조사요청, 軍이 거부"" 軍 ""합동조사 계속준비"" 반박 한국군과 유엔군사령 …",https://n.news.naver.com/mnews/article/009/0005740455,2026-09-27T20:26:00+09:00,,A8면,
매일경제,naver_paper,,"우크라 '北포로 송환' 공개에 李 ""비공개 합의 어겨 아쉽다""",,https://n.news.naver.com/mnews/article/009/0005740425,2026-09-27T17:10:00+09:00,,A8면,
매일경제,naver_paper,,"軍·유엔사, DMZ 갔지만 …""추후 재조사""","지뢰폭발 사고현장 합동조사 사고 엿새만에 40여명 진입 北 지뢰 등 규명 나섰지만 위험 이유로 원점 도달 못해 여야는 조사지연 놓고 충돌 野 ""유엔사 요청, …",https://n.news.naver.com/mnews/article/009/0005740468,2026-09-27T22:30:00+09:00,,A8면,
매일경제,naver_paper,,"與 ""민생 올인 정책국회로""… 野 ""농민·부동산 분노 폭발""",,https://n.news.naver.com/mnews/article/009/0005740426,2026-09-27T17:10:00+09:00,,A8면,
매일경제,naver_paper,,"또 삼전닉스 국감 소환추진에 … 與 ""망신주기식 안돼""",,https://n.news.naver.com/mnews/article/009/0005740427,2026-09-27T17:10:00+09:00,,A8면,
매일경제,naver_paper,,"조희대 압박하는 與법사위, 28일 긴급질의",,https://n.news.naver.com/mnews/article/009/0005740428,2026-09-27T17:10:00+09:00,,A8면,
매일경제,naver_paper,,"[포토] 李, 귀국길 美앵커리지서 기자단 차담회",,https://n.news.naver.com/mnews/article/009/0005740454,2026-09-27T20:26:00+09:00,,A8면,
매일경제,naver_paper,,"李와 12월 골프약속한 트럼프 와일스에 ""스케줄 잡아보라""",,https://n.news.naver.com/mnews/article/009/0005740476,2026-09-27T23:01:00+09:00,,A8면,
매일경제,naver_paper,,"이란, 호르무즈 재개방 제안에 … 트럼프는 거부, 폭격 재개 가능성","돌파구 못찾는 중동 평화방안 이란, 원유 등 조건 내세워 7일내 해협 개방 밝혔지만 트럼프 ""이란 이미 크게 敗"" 공개적으로 제안 거부 명시 WSJ ""중간선거 …",https://n.news.naver.com/mnews/article/009/0005740405,2026-09-27T17:02:00+09:00,,A10면,
매일경제,naver_paper,,"""서울 통신비 세계도시 중 최상위권""… 韓 업계는 반박",,https://n.news.naver.com/mnews/article/009/0005740406,2026-09-27T17:02:00+09:00,,A10면,
매일경제,naver_paper,,"트럼프, CNN 또 배제… 에어포스원 탑승 막아",,https://n.news.naver.com/mnews/article/009/0005740407,2026-09-27T17:02:00+09:00,,A10면,
매일경제,naver_paper,,"애플, 특허침해로 7.7조원 배상 위기",,https://n.news.naver.com/mnews/article/009/0005740408,2026-09-27T17:02:00+09:00,,A10면,
매일경제,naver_paper,,"美, 전기차 의무화 시도 폐지",,https://n.news.naver.com/mnews/article/009/0005740409,2026-09-27T17:02:00+09:00,,A10면,
머니투데이,naver_paper,,청년 '백수' 수두룩한데 고용 늘었다?…208만 '공공일자리'가 부른 착시,,https://n.news.naver.com/mnews/article/008/0005418549,2026-09-27T06:00:00+09:00,,1면,
머니투데이,naver_paper,,"""뮤즈가 살렸다"" 280만 열광 낙관론 vs ""10억명 사망"" 비관론",,https://n.news.naver.com/mnews/article/008/0005418714,2026-09-27T18:06:00+09:00,,1면,
머니투데이,naver_paper,,"""엄청난 진전"" 수사만 무성…트럼프·시진핑 넉달만에 또 '취약한 휴전'",,https://n.news.naver.com/mnews/article/008/0005418423,2026-09-26T06:46:00+09:00,,1면,
머니투데이,naver_paper,,[단독]ESS용 배터리 소재·셀 100% 국산화 '승부수' 띄운 LG엔솔,,https://n.news.naver.com/mnews/article/008/0005418701,2026-09-27T16:20:00+09:00,,1면,
머니투데이,naver_paper,,"美 ""'SI 핫라인' 합의…무역·투자위 가동"" 미중 정상회담 팩트시트",,https://n.news.naver.com/mnews/article/008/0005418626,2026-09-27T10:55:00+09:00,,2면,
머니투데이,naver_paper,,"中기업인들 미국 따라왔지만, 만찬 결국 불발...""대미 투자 이견""",,https://n.news.naver.com/mnews/article/008/0005418336,2026-09-25T13:25:00+09:00,,2면,
머니투데이,naver_paper,,"""AI, 사망자 10억명 낼 수도""…빌 게이츠 섬뜩한 경고",,https://n.news.naver.com/mnews/article/008/0005418584,2026-09-27T07:32:00+09:00,,3면,
머니투데이,naver_paper,,메타 뮤즈 다운로드 1위 돌풍에…美 AI·반도체주 강세,,https://n.news.naver.com/mnews/article/008/0005418700,2026-09-27T16:11:00+09:00,,3면,
머니투데이,naver_paper,,막오른 '정부 ESS 입찰' 3차전..커진 판에 K배터리 국산화 경쟁도 치열,,https://n.news.naver.com/mnews/article/008/0005418709,2026-09-27T17:10:00+09:00,,3면,
머니투데이,naver_paper,,"""기업 옥죄면서 일자리 확대 기대?""..한숨만 쉬는 재계",,https://n.news.naver.com/mnews/article/008/0005418572,2026-09-27T06:45:00+09:00,,4면,
머니투데이,naver_paper,,평균 퇴직 53세...정년연장이 당신의 퇴직을 늦추지 않는다,,https://n.news.naver.com/mnews/article/008/0005418431,2026-09-26T07:00:00+09:00,,5면,
머니투데이,naver_paper,,"AI도 이렇게 못 한다...""정년? 남아주세요"" 회사가 베테랑 붙잡은 이유",,https://n.news.naver.com/mnews/article/008/0005418437,2026-09-26T07:30:00+09:00,,5면,
머니투데이,naver_paper,,"'정년 65세' 입법 하반기 재시동...""법 사각지대 위한 대책 필요""",,https://n.news.naver.com/mnews/article/008/0005418440,2026-09-26T07:45:00+09:00,,5면,
머니투데이,naver_paper,,"[단독]노무사회, 전문노무사 인증제 도입 검토…""분야별 기준·실적 검증 관건""",,https://n.news.naver.com/mnews/article/008/0005418669,2026-09-27T14:00:00+09:00,,6면,
머니투데이,naver_paper,,산재 50건·단체교섭 10건…'전문노무사' 인증기준 제각각,,https://n.news.naver.com/mnews/article/008/0005418675,2026-09-27T14:05:00+09:00,,6면,
머니투데이,naver_paper,,"李대통령, 27일 귀국…추석 잊은 미·멕시코 순방 성과 셋",,https://n.news.naver.com/mnews/article/008/0005418609,2026-09-27T09:32:00+09:00,,6면,
머니투데이,naver_paper,,외교서 내치로…李대통령 기다리는 '인사·통합' 두 난제,,https://n.news.naver.com/mnews/article/008/0005418677,2026-09-27T14:05:00+09:00,,6면,
머니투데이,naver_paper,,한-멕 경제협력 가속페달… KOTRA '북미 공급망·K-소비재' 동시 공략,,https://n.news.naver.com/mnews/article/008/0005418633,2026-09-27T11:06:00+09:00,,6면,
머니투데이,naver_paper,,에너지전환 시대의 전기요금[투데이窓/임진],,https://n.news.naver.com/mnews/article/008/0005418743,2026-09-28T02:00:00+09:00,,8면,
머니투데이,naver_paper,,AI 시대 통신정책 패러다임 전환해야[MT시평/김범준],,https://n.news.naver.com/mnews/article/008/0005418744,2026-09-28T02:00:00+09:00,,8면,
머니투데이,naver_paper,,[사설]실질성과 아쉬운 李대통령 해외순방,,https://n.news.naver.com/mnews/article/008/0005418761,2026-09-28T04:00:00+09:00,,9면,
머니투데이,naver_paper,,[사설]고용 착시 걷어내고 청년 일자리 살려야,,https://n.news.naver.com/mnews/article/008/0005418760,2026-09-28T04:00:00+09:00,,9면,
머니투데이,naver_paper,,"트럼프 ""이란 크게 지니 해협 개방 원해…7일 계획 협상안 거절""",,https://n.news.naver.com/mnews/article/008/0005418537,2026-09-27T04:01:00+09:00,,10면,
머니투데이,naver_paper,,"""코로나 재앙 잊었나""…미·EU 거부에 유엔 팬데믹 공조 선언 불발",,https://n.news.naver.com/mnews/article/008/0005418605,2026-09-27T09:19:00+09:00,,10면,
머니투데이,naver_paper,,"바이든 시대 전기차 정책 지우기...트럼프, 완화된 연비 기준 승인",,https://n.news.naver.com/mnews/article/008/0005418604,2026-09-27T09:14:00+09:00,,10면,
머니투데이,naver_paper,,"""아이폰, 진동기술 베꼈다"" 7.7조 배상 평결…미 특허소송 사상 최대",,https://n.news.naver.com/mnews/article/008/0005418538,2026-09-27T04:24:00+09:00,,10면,
머니투데이,naver_paper,,'차세대 고속철' 들고 글로벌 공략 나선 현대로템..AI에 더해 고객 친화로,,https://n.news.naver.com/mnews/article/008/0005418694,2026-09-27T15:30:00+09:00,,12면,
머니투데이,naver_paper,,"발전소·편의점 등 보유한 GS의 'AI 드라이브'… ""올해가 원년""",,https://n.news.naver.com/mnews/article/008/0005418449,2026-09-26T08:05:00+09:00,,12면,
머니투데이,naver_paper,,"최태원 상의 회장 ""한-멕시코 강점 모아야""..비즈니스 포럼 개최",,https://n.news.naver.com/mnews/article/008/0005418652,2026-09-27T11:38:00+09:00,,12면,
머니투데이,naver_paper,,"유통·식품업계 ""나 떨고 있니""...국감 앞두고 초긴장",,https://n.news.naver.com/mnews/article/008/0005418690,2026-09-27T15:20:00+09:00,,13면,
머니투데이,naver_paper,,"""옷 사던 1640만명, 화장품도 산다""…무신사 '교차 구매' 전략으로 올영 추격",,https://n.news.naver.com/mnews/article/008/0005418560,2026-09-27T06:05:00+09:00,,13면,
머니투데이,naver_paper,,"농심, '2026 K-EXPO 멕시코' 참여...중남미에 신라면 알린다",,https://n.news.naver.com/mnews/article/008/0005418630,2026-09-27T11:02:00+09:00,,13면,
머니투데이,naver_paper,,"""고객이 출시 전 상품 검증한다""…롯데마트, '파일럿 키친' 운영",,https://n.news.naver.com/mnews/article/008/0005418548,2026-09-27T06:00:00+09:00,,13면,
머니투데이,naver_paper,,원료도 웨이퍼도 칩도 다 오른다…반도체 공급망 '가격 인상 도미노',,https://n.news.naver.com/mnews/article/008/0005418541,2026-09-27T05:34:00+09:00,,14면,
머니투데이,naver_paper,,중남미 K컬처 만난 삼성전자 AI..'2026 멕시코 K박람회' 참가,,https://n.news.naver.com/mnews/article/008/0005418610,2026-09-27T09:35:00+09:00,,14면,
머니투데이,naver_paper,,"LG전자, AI 데이터센터 냉각솔루션 엔비디아 공식 파트너로",,https://n.news.naver.com/mnews/article/008/0005418627,2026-09-27T10:55:00+09:00,,14면,
머니투데이,naver_paper,,"HBM4 날개 단 삼성전자, 3분기도 사상 최대 실적…환율은 '복병'",,https://n.news.naver.com/mnews/article/008/0005417951,2026-09-23T15:58:00+09:00,,14면,
머니투데이,naver_paper,,주식광풍 끝나니 '스탁론' 급감… 중금리 본업 찾아가는 온투업,,https://n.news.naver.com/mnews/article/008/0005418682,2026-09-27T14:33:00+09:00,,15면,
머니투데이,naver_paper,,"[단독]티메프 사태 2년, 선정산대출 75% 연체…캠코 매입도 '소송의 벽'",,https://n.news.naver.com/mnews/article/008/0005418575,2026-09-27T07:00:00+09:00,,15면,
머니투데이,naver_paper,,금리인상 사이클 속 예대마진 제각각…복잡해지는 여수신 셈법,,https://n.news.naver.com/mnews/article/008/0005418583,2026-09-27T07:30:00+09:00,,15면,
머니투데이,naver_paper,,"""AI가 민원 서류 대신해서 척척""..금융민원 왜 늘었나 했더니 'AI 명암'",,https://n.news.naver.com/mnews/article/008/0005418562,2026-09-27T06:10:00+09:00,,15면,
머니투데이,naver_paper,,"지난해엔 명륜당, 올해는 대형 금융사고…산은·기은 국감 '비상'",,https://n.news.naver.com/mnews/article/008/0005418589,2026-09-27T08:00:00+09:00,,15면,
머니투데이,naver_paper,,"진화한 K바이오…담관암 신약 美 허가, 임상 실패에도 '계열 내 최고' 도전",,https://n.news.naver.com/mnews/article/008/0005418671,2026-09-27T14:01:00+09:00,,16면,
머니투데이,naver_paper,,"서울 기업에 '글로벌 자본' 붙인다…서울투자진흥재단, 투자서밋 개최",,https://n.news.naver.com/mnews/article/008/0005418661,2026-09-27T13:25:00+09:00,,17면,
머니투데이,naver_paper,,"'따끔' 없이 혈당 잰다…아폴론, 비침습 연속혈당측정기 50억 투자 유치",,https://n.news.naver.com/mnews/article/008/0005418635,2026-09-27T11:07:00+09:00,,17면,
머니투데이,naver_paper,,"1588 콜센터 ""잠깐 기다리세요""하더니 전화요금 '폭탄' 왜?",,https://n.news.naver.com/mnews/article/008/0005418615,2026-09-27T10:00:00+09:00,,19면,
머니투데이,naver_paper,,돈 낸 시청자가 유튜버 말도 바꿨나…계엄 전후 쇼츠 5만개 보니,,https://n.news.naver.com/mnews/article/008/0005418603,2026-09-27T09:09:00+09:00,,19면,
머니투데이,naver_paper,,"갤럭시 Z8 시리즈, 유럽 5개국 소비자 평가 1위",,https://n.news.naver.com/mnews/article/008/0005418622,2026-09-27T10:34:00+09:00,,19면,
머니투데이,naver_paper,,"""2022년 이후 서울 주택 착공 절반됐다?""…정비사업 '10년 시차' 따져보니",,https://n.news.naver.com/mnews/article/008/0005418396,2026-09-26T05:00:00+09:00,,21면,
머니투데이,naver_paper,,김현미 24번 대책에도 못 잡은 집값…홍지선號 첫 시험대,,https://n.news.naver.com/mnews/article/008/0005418176,2026-09-24T14:04:00+09:00,,21면,
머니투데이,naver_paper,,숨만 쉬어도 '164만원' 숭텅…전국 10곳 중 9곳 월세 올랐다,,https://n.news.naver.com/mnews/article/008/0005418539,2026-09-27T04:45:00+09:00,,21면,
머니투데이,naver_paper,,재허가 기로 선 65년 독점 남산케이블카…'공공복리' 판단에 촉각,,https://n.news.naver.com/mnews/article/008/0005418394,2026-09-26T04:30:00+09:00,,21면,
머니투데이,naver_paper,,"구로기계공구상가, 스마트산업 거점으로 …구로·신도림역 일대 재정비",,https://n.news.naver.com/mnews/article/008/0005418640,2026-09-27T11:15:00+09:00,,21면,
머니투데이,naver_paper,,"아파서 쉰 지방공무원 7000명 첫 돌파…""질병휴직 6년 새 2.4배""",,https://n.news.naver.com/mnews/article/008/0005418590,2026-09-27T08:00:00+09:00,,23면,
머니투데이,naver_paper,,"""470만 회원 모았다""…롯데호텔, 외국인 '직접 예약' 승부수",,https://n.news.naver.com/mnews/article/008/0005418707,2026-09-27T17:00:00+09:00,,23면,
머니투데이,naver_paper,,"'수사하는 검사' 사라진다…수사는 경찰·중수청, 기소는 공소청",,https://n.news.naver.com/mnews/article/008/0005418070,2026-09-24T05:45:00+09:00,,25면,
머니투데이,naver_paper,,새벽 걸려온 구조 요청…243억 '노쇼사기' 조직 잡은 베테랑 경찰,,https://n.news.naver.com/mnews/article/008/0005418576,2026-09-27T07:00:00+09:00,,25면,
머니투데이,naver_paper,,"대법관 인선 갈등, 해외에도 있다…한국과 다른 점은",,https://n.news.naver.com/mnews/article/008/0005418705,2026-09-27T16:53:00+09:00,,25면,
머니투데이,naver_paper,,추석 연휴 가정폭력 신고 평소보다 42.4% 많아…하루 평균 1294건,,https://n.news.naver.com/mnews/article/008/0005418699,2026-09-27T16:04:00+09:00,,25면,
머니투데이,naver_paper,,추석 지난 월요일 내 주식은?…'이것' 중요하다는데,,https://n.news.naver.com/mnews/article/008/0005418649,2026-09-27T11:34:00+09:00,,27면,
머니투데이,naver_paper,,[단독]목표 달성했는데 미상환…KB證 체슬리자문상품 운용부실 논란,,https://n.news.naver.com/mnews/article/008/0005417952,2026-09-23T15:59:00+09:00,,27면,
머니투데이,naver_paper,,목표가 이미 도달했는데…더 오른다는 美반도체 검사장비 업체,,https://n.news.naver.com/mnews/article/008/0005418515,2026-09-26T18:28:00+09:00,,27면,
머니투데이,naver_paper,,청년 '백수' 수두룩한데 고용 늘었다?…208만 '공공일자리'가 부른 착시,,https://n.news.naver.com/mnews/article/008/0005418549,2026-09-27T06:00:00+09:00,,1면,
머니투데이,naver_paper,,"""뮤즈가 살렸다"" 280만 열광 낙관론 vs ""10억명 사망"" 비관론",,https://n.news.naver.com/mnews/article/008/0005418714,2026-09-27T18:06:00+09:00,,1면,
머니투데이,naver_paper,,"""엄청난 진전"" 수사만 무성…트럼프·시진핑 넉달만에 또 '취약한 휴전'",,https://n.news.naver.com/mnews/article/008/0005418423,2026-09-26T06:46:00+09:00,,1면,
머니투데이,naver_paper,,[단독]ESS용 배터리 소재·셀 100% 국산화 '승부수' 띄운 LG엔솔,,https://n.news.naver.com/mnews/article/008/0005418701,2026-09-27T16:20:00+09:00,,1면,
머니투데이,naver_paper,,"美 ""'SI 핫라인' 합의…무역·투자위 가동"" 미중 정상회담 팩트시트",,https://n.news.naver.com/mnews/article/008/0005418626,2026-09-27T10:55:00+09:00,,2면,
머니투데이,naver_paper,,"中기업인들 미국 따라왔지만, 만찬 결국 불발...""대미 투자 이견""",,https://n.news.naver.com/mnews/article/008/0005418336,2026-09-25T13:25:00+09:00,,2면,
머니투데이,naver_paper,,"""AI, 사망자 10억명 낼 수도""…빌 게이츠 섬뜩한 경고",,https://n.news.naver.com/mnews/article/008/0005418584,2026-09-27T07:32:00+09:00,,3면,
머니투데이,naver_paper,,메타 뮤즈 다운로드 1위 돌풍에…美 AI·반도체주 강세,,https://n.news.naver.com/mnews/article/008/0005418700,2026-09-27T16:11:00+09:00,,3면,
머니투데이,naver_paper,,막오른 '정부 ESS 입찰' 3차전..커진 판에 K배터리 국산화 경쟁도 치열,,https://n.news.naver.com/mnews/article/008/0005418709,2026-09-27T17:10:00+09:00,,3면,
머니투데이,naver_paper,,"""기업 옥죄면서 일자리 확대 기대?""..한숨만 쉬는 재계",,https://n.news.naver.com/mnews/article/008/0005418572,2026-09-27T06:45:00+09:00,,4면,
머니투데이,naver_paper,,평균 퇴직 53세...정년연장이 당신의 퇴직을 늦추지 않는다,,https://n.news.naver.com/mnews/article/008/0005418431,2026-09-26T07:00:00+09:00,,5면,
머니투데이,naver_paper,,"AI도 이렇게 못 한다...""정년? 남아주세요"" 회사가 베테랑 붙잡은 이유",,https://n.news.naver.com/mnews/article/008/0005418437,2026-09-26T07:30:00+09:00,,5면,
머니투데이,naver_paper,,"'정년 65세' 입법 하반기 재시동...""법 사각지대 위한 대책 필요""",,https://n.news.naver.com/mnews/article/008/0005418440,2026-09-26T07:45:00+09:00,,5면,
머니투데이,naver_paper,,"[단독]노무사회, 전문노무사 인증제 도입 검토…""분야별 기준·실적 검증 관건""",,https://n.news.naver.com/mnews/article/008/0005418669,2026-09-27T14:00:00+09:00,,6면,
머니투데이,naver_paper,,산재 50건·단체교섭 10건…'전문노무사' 인증기준 제각각,,https://n.news.naver.com/mnews/article/008/0005418675,2026-09-27T14:05:00+09:00,,6면,
머니투데이,naver_paper,,"李대통령, 27일 귀국…추석 잊은 미·멕시코 순방 성과 셋",,https://n.news.naver.com/mnews/article/008/0005418609,2026-09-27T09:32:00+09:00,,6면,
머니투데이,naver_paper,,외교서 내치로…李대통령 기다리는 '인사·통합' 두 난제,,https://n.news.naver.com/mnews/article/008/0005418677,2026-09-27T14:05:00+09:00,,6면,
머니투데이,naver_paper,,한-멕 경제협력 가속페달… KOTRA '북미 공급망·K-소비재' 동시 공략,,https://n.news.naver.com/mnews/article/008/0005418633,2026-09-27T11:06:00+09:00,,6면,
머니투데이,naver_paper,,에너지전환 시대의 전기요금[투데이窓/임진],,https://n.news.naver.com/mnews/article/008/0005418743,2026-09-28T02:00:00+09:00,,8면,
머니투데이,naver_paper,,AI 시대 통신정책 패러다임 전환해야[MT시평/김범준],,https://n.news.naver.com/mnews/article/008/0005418744,2026-09-28T02:00:00+09:00,,8면,
머니투데이,naver_paper,,[사설]실질성과 아쉬운 李대통령 해외순방,,https://n.news.naver.com/mnews/article/008/0005418761,2026-09-28T04:00:00+09:00,,9면,
머니투데이,naver_paper,,[사설]고용 착시 걷어내고 청년 일자리 살려야,,https://n.news.naver.com/mnews/article/008/0005418760,2026-09-28T04:00:00+09:00,,9면,
머니투데이,naver_paper,,"트럼프 ""이란 크게 지니 해협 개방 원해…7일 계획 협상안 거절""",,https://n.news.naver.com/mnews/article/008/0005418537,2026-09-27T04:01:00+09:00,,10면,
머니투데이,naver_paper,,"""코로나 재앙 잊었나""…미·EU 거부에 유엔 팬데믹 공조 선언 불발",,https://n.news.naver.com/mnews/article/008/0005418605,2026-09-27T09:19:00+09:00,,10면,
머니투데이,naver_paper,,"바이든 시대 전기차 정책 지우기...트럼프, 완화된 연비 기준 승인",,https://n.news.naver.com/mnews/article/008/0005418604,2026-09-27T09:14:00+09:00,,10면,
머니투데이,naver_paper,,"""아이폰, 진동기술 베꼈다"" 7.7조 배상 평결…미 특허소송 사상 최대",,https://n.news.naver.com/mnews/article/008/0005418538,2026-09-27T04:24:00+09:00,,10면,
머니투데이,naver_paper,,청년 '백수' 수두룩한데 고용 늘었다?…208만 '공공일자리'가 부른 착시,,https://n.news.naver.com/mnews/article/008/0005418549,2026-09-27T06:00:00+09:00,,1면,
머니투데이,naver_paper,,"""뮤즈가 살렸다"" 280만 열광 낙관론 vs ""10억명 사망"" 비관론",,https://n.news.naver.com/mnews/article/008/0005418714,2026-09-27T18:06:00+09:00,,1면,
머니투데이,naver_paper,,"""엄청난 진전"" 수사만 무성…트럼프·시진핑 넉달만에 또 '취약한 휴전'",,https://n.news.naver.com/mnews/article/008/0005418423,2026-09-26T06:46:00+09:00,,1면,
머니투데이,naver_paper,,[단독]ESS용 배터리 소재·셀 100% 국산화 '승부수' 띄운 LG엔솔,,https://n.news.naver.com/mnews/article/008/0005418701,2026-09-27T16:20:00+09:00,,1면,
머니투데이,naver_paper,,"美 ""'SI 핫라인' 합의…무역·투자위 가동"" 미중 정상회담 팩트시트",,https://n.news.naver.com/mnews/article/008/0005418626,2026-09-27T10:55:00+09:00,,2면,
머니투데이,naver_paper,,"中기업인들 미국 따라왔지만, 만찬 결국 불발...""대미 투자 이견""",,https://n.news.naver.com/mnews/article/008/0005418336,2026-09-25T13:25:00+09:00,,2면,
머니투데이,naver_paper,,"""AI, 사망자 10억명 낼 수도""…빌 게이츠 섬뜩한 경고",,https://n.news.naver.com/mnews/article/008/0005418584,2026-09-27T07:32:00+09:00,,3면,
머니투데이,naver_paper,,메타 뮤즈 다운로드 1위 돌풍에…美 AI·반도체주 강세,,https://n.news.naver.com/mnews/article/008/0005418700,2026-09-27T16:11:00+09:00,,3면,
머니투데이,naver_paper,,막오른 '정부 ESS 입찰' 3차전..커진 판에 K배터리 국산화 경쟁도 치열,,https://n.news.naver.com/mnews/article/008/0005418709,2026-09-27T17:10:00+09:00,,3면,
머니투데이,naver_paper,,"""기업 옥죄면서 일자리 확대 기대?""..한숨만 쉬는 재계",,https://n.news.naver.com/mnews/article/008/0005418572,2026-09-27T06:45:00+09:00,,4면,
머니투데이,naver_paper,,평균 퇴직 53세...정년연장이 당신의 퇴직을 늦추지 않는다,,https://n.news.naver.com/mnews/article/008/0005418431,2026-09-26T07:00:00+09:00,,5면,
머니투데이,naver_paper,,"AI도 이렇게 못 한다...""정년? 남아주세요"" 회사가 베테랑 붙잡은 이유",,https://n.news.naver.com/mnews/article/008/0005418437,2026-09-26T07:30:00+09:00,,5면,
머니투데이,naver_paper,,"'정년 65세' 입법 하반기 재시동...""법 사각지대 위한 대책 필요""",,https://n.news.naver.com/mnews/article/008/0005418440,2026-09-26T07:45:00+09:00,,5면,
머니투데이,naver_paper,,"[단독]노무사회, 전문노무사 인증제 도입 검토…""분야별 기준·실적 검증 관건""",,https://n.news.naver.com/mnews/article/008/0005418669,2026-09-27T14:00:00+09:00,,6면,
머니투데이,naver_paper,,산재 50건·단체교섭 10건…'전문노무사' 인증기준 제각각,,https://n.news.naver.com/mnews/article/008/0005418675,2026-09-27T14:05:00+09:00,,6면,
머니투데이,naver_paper,,"李대통령, 27일 귀국…추석 잊은 미·멕시코 순방 성과 셋",,https://n.news.naver.com/mnews/article/008/0005418609,2026-09-27T09:32:00+09:00,,6면,
머니투데이,naver_paper,,외교서 내치로…李대통령 기다리는 '인사·통합' 두 난제,,https://n.news.naver.com/mnews/article/008/0005418677,2026-09-27T14:05:00+09:00,,6면,
머니투데이,naver_paper,,한-멕 경제협력 가속페달… KOTRA '북미 공급망·K-소비재' 동시 공략,,https://n.news.naver.com/mnews/article/008/0005418633,2026-09-27T11:06:00+09:00,,6면,
머니투데이,naver_paper,,에너지전환 시대의 전기요금[투데이窓/임진],,https://n.news.naver.com/mnews/article/008/0005418743,2026-09-28T02:00:00+09:00,,8면,
머니투데이,naver_paper,,AI 시대 통신정책 패러다임 전환해야[MT시평/김범준],,https://n.news.naver.com/mnews/article/008/0005418744,2026-09-28T02:00:00+09:00,,8면,
머니투데이,naver_paper,,[사설]실질성과 아쉬운 李대통령 해외순방,,https://n.news.naver.com/mnews/article/008/0005418761,2026-09-28T04:00:00+09:00,,9면,
머니투데이,naver_paper,,[사설]고용 착시 걷어내고 청년 일자리 살려야,,https://n.news.naver.com/mnews/article/008/0005418760,2026-09-28T04:00:00+09:00,,9면,
머니투데이,naver_paper,,"트럼프 ""이란 크게 지니 해협 개방 원해…7일 계획 협상안 거절""",,https://n.news.naver.com/mnews/article/008/0005418537,2026-09-27T04:01:00+09:00,,10면,
머니투데이,naver_paper,,"""코로나 재앙 잊었나""…미·EU 거부에 유엔 팬데믹 공조 선언 불발",,https://n.news.naver.com/mnews/article/008/0005418605,2026-09-27T09:19:00+09:00,,10면,
머니투데이,naver_paper,,"바이든 시대 전기차 정책 지우기...트럼프, 완화된 연비 기준 승인",,https://n.news.naver.com/mnews/article/008/0005418604,2026-09-27T09:14:00+09:00,,10면,
머니투데이,naver_paper,,"""아이폰, 진동기술 베꼈다"" 7.7조 배상 평결…미 특허소송 사상 최대",,https://n.news.naver.com/mnews/article/008/0005418538,2026-09-27T04:24:00+09:00,,10면,
머니투데이,naver_paper,,청년 '백수' 수두룩한데 고용 늘었다?…208만 '공공일자리'가 부른 착시,,https://n.news.naver.com/mnews/article/008/0005418549,2026-09-27T06:00:00+09:00,,1면,
머니투데이,naver_paper,,"""뮤즈가 살렸다"" 280만 열광 낙관론 vs ""10억명 사망"" 비관론",,https://n.news.naver.com/mnews/article/008/0005418714,2026-09-27T18:06:00+09:00,,1면,
머니투데이,naver_paper,,"""엄청난 진전"" 수사만 무성…트럼프·시진핑 넉달만에 또 '취약한 휴전'",,https://n.news.naver.com/mnews/article/008/0005418423,2026-09-26T06:46:00+09:00,,1면,
머니투데이,naver_paper,,[단독]ESS용 배터리 소재·셀 100% 국산화 '승부수' 띄운 LG엔솔,,https://n.news.naver.com/mnews/article/008/0005418701,2026-09-27T16:20:00+09:00,,1면,
머니투데이,naver_paper,,"美 ""'SI 핫라인' 합의…무역·투자위 가동"" 미중 정상회담 팩트시트",,https://n.news.naver.com/mnews/article/008/0005418626,2026-09-27T10:55:00+09:00,,2면,
머니투데이,naver_paper,,"中기업인들 미국 따라왔지만, 만찬 결국 불발...""대미 투자 이견""",,https://n.news.naver.com/mnews/article/008/0005418336,2026-09-25T13:25:00+09:00,,2면,
머니투데이,naver_paper,,"""AI, 사망자 10억명 낼 수도""…빌 게이츠 섬뜩한 경고",,https://n.news.naver.com/mnews/article/008/0005418584,2026-09-27T07:32:00+09:00,,3면,
머니투데이,naver_paper,,메타 뮤즈 다운로드 1위 돌풍에…美 AI·반도체주 강세,,https://n.news.naver.com/mnews/article/008/0005418700,2026-09-27T16:11:00+09:00,,3면,
머니투데이,naver_paper,,막오른 '정부 ESS 입찰' 3차전..커진 판에 K배터리 국산화 경쟁도 치열,,https://n.news.naver.com/mnews/article/008/0005418709,2026-09-27T17:10:00+09:00,,3면,
머니투데이,naver_paper,,"""기업 옥죄면서 일자리 확대 기대?""..한숨만 쉬는 재계",,https://n.news.naver.com/mnews/article/008/0005418572,2026-09-27T06:45:00+09:00,,4면,
머니투데이,naver_paper,,평균 퇴직 53세...정년연장이 당신의 퇴직을 늦추지 않는다,,https://n.news.naver.com/mnews/article/008/0005418431,2026-09-26T07:00:00+09:00,,5면,
머니투데이,naver_paper,,"AI도 이렇게 못 한다...""정년? 남아주세요"" 회사가 베테랑 붙잡은 이유",,https://n.news.naver.com/mnews/article/008/0005418437,2026-09-26T07:30:00+09:00,,5면,
머니투데이,naver_paper,,"'정년 65세' 입법 하반기 재시동...""법 사각지대 위한 대책 필요""",,https://n.news.naver.com/mnews/article/008/0005418440,2026-09-26T07:45:00+09:00,,5면,
머니투데이,naver_paper,,"[단독]노무사회, 전문노무사 인증제 도입 검토…""분야별 기준·실적 검증 관건""",,https://n.news.naver.com/mnews/article/008/0005418669,2026-09-27T14:00:00+09:00,,6면,
머니투데이,naver_paper,,산재 50건·단체교섭 10건…'전문노무사' 인증기준 제각각,,https://n.news.naver.com/mnews/article/008/0005418675,2026-09-27T14:05:00+09:00,,6면,
머니투데이,naver_paper,,"李대통령, 27일 귀국…추석 잊은 미·멕시코 순방 성과 셋",,https://n.news.naver.com/mnews/article/008/0005418609,2026-09-27T09:32:00+09:00,,6면,
머니투데이,naver_paper,,외교서 내치로…李대통령 기다리는 '인사·통합' 두 난제,,https://n.news.naver.com/mnews/article/008/0005418677,2026-09-27T14:05:00+09:00,,6면,
머니투데이,naver_paper,,한-멕 경제협력 가속페달… KOTRA '북미 공급망·K-소비재' 동시 공략,,https://n.news.naver.com/mnews/article/008/0005418633,2026-09-27T11:06:00+09:00,,6면,
머니투데이,naver_paper,,에너지전환 시대의 전기요금[투데이窓/임진],,https://n.news.naver.com/mnews/article/008/0005418743,2026-09-28T02:00:00+09:00,,8면,
머니투데이,naver_paper,,AI 시대 통신정책 패러다임 전환해야[MT시평/김범준],,https://n.news.naver.com/mnews/article/008/0005418744,2026-09-28T02:00:00+09:00,,8면,
머니투데이,naver_paper,,[사설]실질성과 아쉬운 李대통령 해외순방,,https://n.news.naver.com/mnews/article/008/0005418761,2026-09-28T04:00:00+09:00,,9면,
머니투데이,naver_paper,,[사설]고용 착시 걷어내고 청년 일자리 살려야,,https://n.news.naver.com/mnews/article/008/0005418760,2026-09-28T04:00:00+09:00,,9면,
머니투데이,naver_paper,,"트럼프 ""이란 크게 지니 해협 개방 원해…7일 계획 협상안 거절""",,https://n.news.naver.com/mnews/article/008/0005418537,2026-09-27T04:01:00+09:00,,10면,
머니투데이,naver_paper,,"""코로나 재앙 잊었나""…미·EU 거부에 유엔 팬데믹 공조 선언 불발",,https://n.news.naver.com/mnews/article/008/0005418605,2026-09-27T09:19:00+09:00,,10면,
머니투데이,naver_paper,,"바이든 시대 전기차 정책 지우기...트럼프, 완화된 연비 기준 승인",,https://n.news.naver.com/mnews/article/008/0005418604,2026-09-27T09:14:00+09:00,,10면,
머니투데이,naver_paper,,"""아이폰, 진동기술 베꼈다"" 7.7조 배상 평결…미 특허소송 사상 최대",,https://n.news.naver.com/mnews/article/008/0005418538,2026-09-27T04:24:00+09:00,,10면,
머니투데이,naver_paper,,청년 '백수' 수두룩한데 고용 늘었다?…208만 '공공일자리'가 부른 착시,,https://n.news.naver.com/mnews/article/008/0005418549,2026-09-27T06:00:00+09:00,,1면,
머니투데이,naver_paper,,"""뮤즈가 살렸다"" 280만 열광 낙관론 vs ""10억명 사망"" 비관론",,https://n.news.naver.com/mnews/article/008/0005418714,2026-09-27T18:06:00+09:00,,1면,
머니투데이,naver_paper,,"""엄청난 진전"" 수사만 무성…트럼프·시진핑 넉달만에 또 '취약한 휴전'",,https://n.news.naver.com/mnews/article/008/0005418423,2026-09-26T06:46:00+09:00,,1면,
머니투데이,naver_paper,,[단독]ESS용 배터리 소재·셀 100% 국산화 '승부수' 띄운 LG엔솔,,https://n.news.naver.com/mnews/article/008/0005418701,2026-09-27T16:20:00+09:00,,1면,
머니투데이,naver_paper,,"美 ""'SI 핫라인' 합의…무역·투자위 가동"" 미중 정상회담 팩트시트",,https://n.news.naver.com/mnews/article/008/0005418626,2026-09-27T10:55:00+09:00,,2면,
머니투데이,naver_paper,,"中기업인들 미국 따라왔지만, 만찬 결국 불발...""대미 투자 이견""",,https://n.news.naver.com/mnews/article/008/0005418336,2026-09-25T13:25:00+09:00,,2면,
머니투데이,naver_paper,,"""AI, 사망자 10억명 낼 수도""…빌 게이츠 섬뜩한 경고",,https://n.news.naver.com/mnews/article/008/0005418584,2026-09-27T07:32:00+09:00,,3면,
머니투데이,naver_paper,,메타 뮤즈 다운로드 1위 돌풍에…美 AI·반도체주 강세,,https://n.news.naver.com/mnews/article/008/0005418700,2026-09-27T16:11:00+09:00,,3면,
머니투데이,naver_paper,,막오른 '정부 ESS 입찰' 3차전..커진 판에 K배터리 국산화 경쟁도 치열,,https://n.news.naver.com/mnews/article/008/0005418709,2026-09-27T17:10:00+09:00,,3면,
머니투데이,naver_paper,,"""기업 옥죄면서 일자리 확대 기대?""..한숨만 쉬는 재계",,https://n.news.naver.com/mnews/article/008/0005418572,2026-09-27T06:45:00+09:00,,4면,
머니투데이,naver_paper,,평균 퇴직 53세...정년연장이 당신의 퇴직을 늦추지 않는다,,https://n.news.naver.com/mnews/article/008/0005418431,2026-09-26T07:00:00+09:00,,5면,
머니투데이,naver_paper,,"AI도 이렇게 못 한다...""정년? 남아주세요"" 회사가 베테랑 붙잡은 이유",,https://n.news.naver.com/mnews/article/008/0005418437,2026-09-26T07:30:00+09:00,,5면,
머니투데이,naver_paper,,"'정년 65세' 입법 하반기 재시동...""법 사각지대 위한 대책 필요""",,https://n.news.naver.com/mnews/article/008/0005418440,2026-09-26T07:45:00+09:00,,5면,
머니투데이,naver_paper,,"[단독]노무사회, 전문노무사 인증제 도입 검토…""분야별 기준·실적 검증 관건""",,https://n.news.naver.com/mnews/article/008/0005418669,2026-09-27T14:00:00+09:00,,6면,
머니투데이,naver_paper,,산재 50건·단체교섭 10건…'전문노무사' 인증기준 제각각,,https://n.news.naver.com/mnews/article/008/0005418675,2026-09-27T14:05:00+09:00,,6면,
머니투데이,naver_paper,,"李대통령, 27일 귀국…추석 잊은 미·멕시코 순방 성과 셋",,https://n.news.naver.com/mnews/article/008/0005418609,2026-09-27T09:32:00+09:00,,6면,
머니투데이,naver_paper,,외교서 내치로…李대통령 기다리는 '인사·통합' 두 난제,,https://n.news.naver.com/mnews/article/008/0005418677,2026-09-27T14:05:00+09:00,,6면,
머니투데이,naver_paper,,한-멕 경제협력 가속페달… KOTRA '북미 공급망·K-소비재' 동시 공략,,https://n.news.naver.com/mnews/article/008/0005418633,2026-09-27T11:06:00+09:00,,6면,
머니투데이,naver_paper,,에너지전환 시대의 전기요금[투데이窓/임진],,https://n.news.naver.com/mnews/article/008/0005418743,2026-09-28T02:00:00+09:00,,8면,
머니투데이,naver_paper,,AI 시대 통신정책 패러다임 전환해야[MT시평/김범준],,https://n.news.naver.com/mnews/article/008/0005418744,2026-09-28T02:00:00+09:00,,8면,
머니투데이,naver_paper,,[사설]실질성과 아쉬운 李대통령 해외순방,,https://n.news.naver.com/mnews/article/008/0005418761,2026-09-28T04:00:00+09:00,,9면,
머니투데이,naver_paper,,[사설]고용 착시 걷어내고 청년 일자리 살려야,,https://n.news.naver.com/mnews/article/008/0005418760,2026-09-28T04:00:00+09:00,,9면,
머니투데이,naver_paper,,"트럼프 ""이란 크게 지니 해협 개방 원해…7일 계획 협상안 거절""",,https://n.news.naver.com/mnews/article/008/0005418537,2026-09-27T04:01:00+09:00,,10면,
머니투데이,naver_paper,,"""코로나 재앙 잊었나""…미·EU 거부에 유엔 팬데믹 공조 선언 불발",,https://n.news.naver.com/mnews/article/008/0005418605,2026-09-27T09:19:00+09:00,,10면,
머니투데이,naver_paper,,"바이든 시대 전기차 정책 지우기...트럼프, 완화된 연비 기준 승인",,https://n.news.naver.com/mnews/article/008/0005418604,2026-09-27T09:14:00+09:00,,10면,
머니투데이,naver_paper,,"""아이폰, 진동기술 베꼈다"" 7.7조 배상 평결…미 특허소송 사상 최대",,https://n.news.naver.com/mnews/article/008/0005418538,2026-09-27T04:24:00+09:00,,10면,
머니투데이,naver_paper,,청년 '백수' 수두룩한데 고용 늘었다?…208만 '공공일자리'가 부른 착시,,https://n.news.naver.com/mnews/article/008/0005418549,2026-09-27T06:00:00+09:00,,1면,
머니투데이,naver_paper,,"""뮤즈가 살렸다"" 280만 열광 낙관론 vs ""10억명 사망"" 비관론",,https://n.news.naver.com/mnews/article/008/0005418714,2026-09-27T18:06:00+09:00,,1면,
머니투데이,naver_paper,,"""엄청난 진전"" 수사만 무성…트럼프·시진핑 넉달만에 또 '취약한 휴전'",,https://n.news.naver.com/mnews/article/008/0005418423,2026-09-26T06:46:00+09:00,,1면,
머니투데이,naver_paper,,[단독]ESS용 배터리 소재·셀 100% 국산화 '승부수' 띄운 LG엔솔,,https://n.news.naver.com/mnews/article/008/0005418701,2026-09-27T16:20:00+09:00,,1면,
머니투데이,naver_paper,,"美 ""'SI 핫라인' 합의…무역·투자위 가동"" 미중 정상회담 팩트시트",,https://n.news.naver.com/mnews/article/008/0005418626,2026-09-27T10:55:00+09:00,,2면,
머니투데이,naver_paper,,"中기업인들 미국 따라왔지만, 만찬 결국 불발...""대미 투자 이견""",,https://n.news.naver.com/mnews/article/008/0005418336,2026-09-25T13:25:00+09:00,,2면,
머니투데이,naver_paper,,"""AI, 사망자 10억명 낼 수도""…빌 게이츠 섬뜩한 경고",,https://n.news.naver.com/mnews/article/008/0005418584,2026-09-27T07:32:00+09:00,,3면,
머니투데이,naver_paper,,메타 뮤즈 다운로드 1위 돌풍에…美 AI·반도체주 강세,,https://n.news.naver.com/mnews/article/008/0005418700,2026-09-27T16:11:00+09:00,,3면,
머니투데이,naver_paper,,막오른 '정부 ESS 입찰' 3차전..커진 판에 K배터리 국산화 경쟁도 치열,,https://n.news.naver.com/mnews/article/008/0005418709,2026-09-27T17:10:00+09:00,,3면,
머니투데이,naver_paper,,"""기업 옥죄면서 일자리 확대 기대?""..한숨만 쉬는 재계",,https://n.news.naver.com/mnews/article/008/0005418572,2026-09-27T06:45:00+09:00,,4면,
머니투데이,naver_paper,,평균 퇴직 53세...정년연장이 당신의 퇴직을 늦추지 않는다,,https://n.news.naver.com/mnews/article/008/0005418431,2026-09-26T07:00:00+09:00,,5면,
머니투데이,naver_paper,,"AI도 이렇게 못 한다...""정년? 남아주세요"" 회사가 베테랑 붙잡은 이유",,https://n.news.naver.com/mnews/article/008/0005418437,2026-09-26T07:30:00+09:00,,5면,
머니투데이,naver_paper,,"'정년 65세' 입법 하반기 재시동...""법 사각지대 위한 대책 필요""",,https://n.news.naver.com/mnews/article/008/0005418440,2026-09-26T07:45:00+09:00,,5면,
머니투데이,naver_paper,,"[단독]노무사회, 전문노무사 인증제 도입 검토…""분야별 기준·실적 검증 관건""",,https://n.news.naver.com/mnews/article/008/0005418669,2026-09-27T14:00:00+09:00,,6면,
머니투데이,naver_paper,,산재 50건·단체교섭 10건…'전문노무사' 인증기준 제각각,,https://n.news.naver.com/mnews/article/008/0005418675,2026-09-27T14:05:00+09:00,,6면,
머니투데이,naver_paper,,"李대통령, 27일 귀국…추석 잊은 미·멕시코 순방 성과 셋",,https://n.news.naver.com/mnews/article/008/0005418609,2026-09-27T09:32:00+09:00,,6면,
머니투데이,naver_paper,,외교서 내치로…李대통령 기다리는 '인사·통합' 두 난제,,https://n.news.naver.com/mnews/article/008/0005418677,2026-09-27T14:05:00+09:00,,6면,
머니투데이,naver_paper,,한-멕 경제협력 가속페달… KOTRA '북미 공급망·K-소비재' 동시 공략,,https://n.news.naver.com/mnews/article/008/0005418633,2026-09-27T11:06:00+09:00,,6면,
머니투데이,naver_paper,,에너지전환 시대의 전기요금[투데이窓/임진],,https://n.news.naver.com/mnews/article/008/0005418743,2026-09-28T02:00:00+09:00,,8면,
머니투데이,naver_paper,,AI 시대 통신정책 패러다임 전환해야[MT시평/김범준],,https://n.news.naver.com/mnews/article/008/0005418744,2026-09-28T02:00:00+09:00,,8면,
머니투데이,naver_paper,,[사설]실질성과 아쉬운 李대통령 해외순방,,https://n.news.naver.com/mnews/article/008/0005418761,2026-09-28T04:00:00+09:00,,9면,
머니투데이,naver_paper,,[사설]고용 착시 걷어내고 청년 일자리 살려야,,https://n.news.naver.com/mnews/article/008/0005418760,2026-09-28T04:00:00+09:00,,9면,
머니투데이,naver_paper,,"트럼프 ""이란 크게 지니 해협 개방 원해…7일 계획 협상안 거절""",,https://n.news.naver.com/mnews/article/008/0005418537,2026-09-27T04:01:00+09:00,,10면,
머니투데이,naver_paper,,"""코로나 재앙 잊었나""…미·EU 거부에 유엔 팬데믹 공조 선언 불발",,https://n.news.naver.com/mnews/article/008/0005418605,2026-09-27T09:19:00+09:00,,10면,
머니투데이,naver_paper,,"바이든 시대 전기차 정책 지우기...트럼프, 완화된 연비 기준 승인",,https://n.news.naver.com/mnews/article/008/0005418604,2026-09-27T09:14:00+09:00,,10면,
머니투데이,naver_paper,,"""아이폰, 진동기술 베꼈다"" 7.7조 배상 평결…미 특허소송 사상 최대",,https://n.news.naver.com/mnews/article/008/0005418538,2026-09-27T04:24:00+09:00,,10면,
서울경제,naver_paper,,올해 초과세수 60조 이상 더 걷힌다,올해 국세수입이 3월 추가경정예산 때 내놓은 전망치보다 60조 원 이상 더 걷힐 것으로 전망된다. 반도체 초호황에 증권거래세와 농어촌특별세 등 증권 관련 세수 …,https://n.news.naver.com/mnews/article/011/0004665659,2026-09-27T17:31:00+09:00,,1면,
서울경제,naver_paper,,레고랜드 사태 4년 만에…중소 건설사 공급 30% ↓,,https://n.news.naver.com/mnews/article/011/0004665660,2026-09-27T17:32:00+09:00,,1면,
서울경제,naver_paper,,음원서 전력까지…막오른 토큰증권 킬러상품 전쟁,,https://n.news.naver.com/mnews/article/011/0004665661,2026-09-27T17:33:00+09:00,,1면,
서울경제,naver_paper,,사고 엿새 뒤에야…軍·유엔사 DMZ 조사,,https://n.news.naver.com/mnews/article/011/0004665720,2026-09-27T21:39:00+09:00,,1면,
서울경제,naver_paper,,“수천억 PF·우량채권도 쪼개서 판다”…기업금융 새 자금줄 부상,규제 샌드박스 시절 미술품이나 한우 등 일부 조각투자의 대체재 정도로 인식되던 토큰증권(STO)이 내년 제도화를 계기로 다양한 투자 길이 열리면서 수천억 원대 …,https://n.news.naver.com/mnews/article/011/0004665667,2026-09-27T17:36:00+09:00,,2면,
서울경제,naver_paper,,자체 구축이냐 공동 플랫폼이냐…토큰증권 인프라 ‘호환성’이 관건,,https://n.news.naver.com/mnews/article/011/0004665664,2026-09-27T17:35:00+09:00,,2면,
서울경제,naver_paper,,美 국채 토큰 규모 20조원…월가선 ‘실시간 담보’ 활용,,https://n.news.naver.com/mnews/article/011/0004665668,2026-09-27T17:37:00+09:00,,2면,
서울경제,naver_paper,,무작정 지출 늘리면 물가 자극…“경기 확장땐 속도조절 나서야”,올해 초과세수 규모가 60조 원을 넘길 것으로 전망되면서 우리 정부 경제팀에 ‘트릴레마(세 가지 정책과제가 서로 충돌하는 상황)’ 난제가 주어졌다. 초과세수를 …,https://n.news.naver.com/mnews/article/011/0004665680,2026-09-27T17:41:00+09:00,,3면,
서울경제,naver_paper,,뉴노멀 된 ‘美 국채금리 5%’…“30년물 연내 6% 넘어설 것”,,https://n.news.naver.com/mnews/article/011/0004665684,2026-09-27T17:44:00+09:00,,3면,
서울경제,naver_paper,,PF 61조 증발에 인허가도 반토막…“공급절벽 더 깊어진다”,2022년 강원도의 채무보증 불이행 선언으로 촉발된 ‘레고랜드 사태’는 지방자치단체의 지급보증마저 믿을 수 없다는 불신을 낳으며 부동산 프로젝트파이낸싱(PF) …,https://n.news.naver.com/mnews/article/011/0004665685,2026-09-27T17:47:00+09:00,,4면,
서울경제,naver_paper,,지방 건설사 폐업 1년새 37% 급증…부실 떠안은 신탁사도 ‘적자 늪’,,https://n.news.naver.com/mnews/article/011/0004665688,2026-09-27T17:49:00+09:00,,4면,
서울경제,naver_paper,,2차례 폭발 원인 규명 본격화… 늑장 조사에 증거 훼손 우려도,폭발 엿새 만에 현장조사에 나선 군이 비무장지대(DMZ) 지뢰 추정 폭발 사고의 원인을 규명하고 각종 의혹을 불식시킬 책임을 떠안게 됐다. 야권에서는 늑장조사 …,https://n.news.naver.com/mnews/article/011/0004665732,2026-09-27T23:36:00+09:00,,5면,
서울경제,naver_paper,,北포로 이달 중순 입국…靑 “비공개 바람직” vs “합의는 없었다”,,https://n.news.naver.com/mnews/article/011/0004665731,2026-09-27T23:36:00+09:00,,5면,
서울경제,naver_paper,,韓-멕시코 투자 보장 협상 타결…美와 안보협상도 다시 궤도로,이재명 대통령이 미국·멕시코 순방을 통해 한미 간 안보 협상을 다시 본궤도에 올리는 한편 중남미 핵심국인 멕시코와 공급망·방산·첨단산업 협력의 틀을 넓혔다. …,https://n.news.naver.com/mnews/article/011/0004665727,2026-09-27T23:01:00+09:00,,6면,
서울경제,naver_paper,,"李, 순방 중에도 “농지조사 꼭 필요”…오세훈 “실거주 이어 실경작 집착”",,https://n.news.naver.com/mnews/article/011/0004665651,2026-09-27T17:25:00+09:00,,6면,
서울경제,naver_paper,,"與 “민심, 당정청 하나 되라고 해”…유시민 등 겨냥 “쓴소리 과유불급”",,https://n.news.naver.com/mnews/article/011/0004665652,2026-09-27T17:25:00+09:00,,6면,
서울경제,naver_paper,,"[단독]이주노동자 산재 사망, 80%가 50인 미만 사업장",,https://n.news.naver.com/mnews/article/011/0004665674,2026-09-27T17:40:00+09:00,,6면,
서울경제,naver_paper,,‘안보·농지’ 고리로 투쟁 고삐 죄는 국힘…백령도 이어 농촌으로,,https://n.news.naver.com/mnews/article/011/0004665676,2026-09-27T17:41:00+09:00,,6면,
서울경제,naver_paper,,[단독] 내년 ‘농파라치’ 포상금 예산 157배 폭증,,https://n.news.naver.com/mnews/article/011/0004665681,2026-09-27T17:42:00+09:00,,6면,
서울경제,naver_paper,,국회 보고 닷새째인데…美만 쳐다보는 ‘대미투자 1호’,정부가 국회에 대미 투자 사업 추진 계획을 보고한 지 닷새가 지났지만 미국 측에서 공식 발표가 나오지 않고 있다. 그동안 미국이 한국에 빠른 투자를 독촉해왔던 …,https://n.news.naver.com/mnews/article/011/0004665626,2026-09-27T15:20:00+09:00,,8면,
서울경제,naver_paper,,韓 생산·소비 반등하나...美 물가·고용 지표 관심[한동훈의 위클리전망대],,https://n.news.naver.com/mnews/article/011/0004665533,2026-09-27T06:00:00+09:00,,8면,
서울경제,naver_paper,,"박홍근 “호남팹, 기업팔 비튼 것 아냐… 4기 이상 건설 검토”",,https://n.news.naver.com/mnews/article/011/0004665620,2026-09-27T14:57:00+09:00,,8면,
서울경제,naver_paper,,AI반도체 1200조 시장 열린다…“공급망 진입 서둘러야”,,https://n.news.naver.com/mnews/article/011/0004665627,2026-09-27T15:21:00+09:00,,8면,
서울경제,naver_paper,,韓銀 “도미노 가격 인상 확산되는 중”… 4분기 물가 최대 변수로,,https://n.news.naver.com/mnews/article/011/0004665630,2026-09-27T15:31:00+09:00,,8면,
서울경제,naver_paper,,5년간 산업기술 107건 해외 유출…10건 중 4건이 반도체,,https://n.news.naver.com/mnews/article/011/0004665662,2026-09-27T17:34:00+09:00,,8면,
서울경제,naver_paper,,회장 3인 ‘경영 DNA’ 물려받은 이재근…압도적 1위 굳힌다,2013년 7월 26일 이재근 부문장(차기 KB금융지주 회장 내정자)이 판교테크노밸리 지점장으로 발령받았다. 직전까지 어윤대 전 KB금융지주 회장 비서실장을 …,https://n.news.naver.com/mnews/article/011/0004665687,2026-09-27T17:49:00+09:00,,9면,
서울경제,naver_paper,,신한 ‘S급 부장’ 업무 노하우 AI에 담는다,,https://n.news.naver.com/mnews/article/011/0004665601,2026-09-27T12:46:00+09:00,,9면,
서울경제,naver_paper,,"자본잠식 비댁스, 신용등급 ‘CCC+’로 하락",,https://n.news.naver.com/mnews/article/011/0004665607,2026-09-27T13:18:00+09:00,,9면,
서울경제,naver_paper,,사채업자 역신고에…신복위 업무용 메신저 줄차단,,https://n.news.naver.com/mnews/article/011/0004665610,2026-09-27T13:32:00+09:00,,9면,
서울경제,naver_paper,,엔화코인 투자 2만명…환율보다 비싸게 사들여,,https://n.news.naver.com/mnews/article/011/0004665614,2026-09-27T13:53:00+09:00,,9면,
서울경제,naver_paper,,금리상승 직격탄…중기 연체율 악화,,https://n.news.naver.com/mnews/article/011/0004665623,2026-09-27T15:11:00+09:00,,9면,
서울경제,naver_paper,,트럼프 레드카펫 깔았지만…시진핑은 “대만 독립 반대하라” 압박,"11년 만에 이뤄진 시진핑 중국 국가주석의 국빈 방미가 관세 휴전 2개월 연장, 인공지능(AI) 연락 채널 신설 등 ‘쉬운 합의’만 남긴 채 막을 내렸다. 도 …",https://n.news.naver.com/mnews/article/011/0004665665,2026-09-27T17:36:00+09:00,,10면,
서울경제,naver_paper,,"미 정부까지 침입한 오픈AI…빌 게이츠 “AI, 10억명 목숨 앗아갈 만큼 강력”",,https://n.news.naver.com/mnews/article/011/0004665629,2026-09-27T15:30:00+09:00,,10면,
서울경제,naver_paper,,오라클 “DC 임차료 지급 연기”…블루아울캐피털에 일방 통보,,https://n.news.naver.com/mnews/article/011/0004665666,2026-09-27T17:36:00+09:00,,10면,
서울경제,naver_paper,,시속 370㎞에 승차감까지…제네시스급 고속철로 5조 시장 노린다,세계 최대 철도 박람회 ‘이노트란스 2026’이 열린 지난 22일(현지 시간) 독일 메세 베를린 전시장. 현대로템(064350) 부스는 거대한 터널로 변신했다 …,https://n.news.naver.com/mnews/article/011/0004665686,2026-09-27T17:48:00+09:00,,11면,
서울경제,naver_paper,,반도체·K뷰티 훈풍에도…기업 10곳 중 6곳 “이익목표 못채울 것”,,https://n.news.naver.com/mnews/article/011/0004665597,2026-09-27T12:00:00+09:00,,11면,
서울경제,naver_paper,,"LG전자, 엔비디아 냉각 파트너로",,https://n.news.naver.com/mnews/article/011/0004665579,2026-09-27T11:06:00+09:00,,11면,
서울경제,naver_paper,,이용배 현대로템 대표 “AI·테크·수소 3축으로 글로벌 수주 영토 넓힐 것”,,https://n.news.naver.com/mnews/article/011/0004665689,2026-09-27T17:51:00+09:00,,11면,
서울경제,naver_paper,,"2세대 팰리세이드, 30만 대 판매 눈앞",,https://n.news.naver.com/mnews/article/011/0004665690,2026-09-27T17:55:00+09:00,,11면,
서울경제,naver_paper,,"삼성전자, DS 특별성과급 기준 이번주 공개",,https://n.news.naver.com/mnews/article/011/0004665696,2026-09-27T18:03:00+09:00,,11면,
서울경제,naver_paper,,"“반도체 특허 분쟁, 방어 넘어 수익화까지 도울 것”",출범 1주년을 맞은 지식재산처가 반도체 등 국가 핵심기술을 둘러싼 특허 분쟁에 대한 사전 모니터링을 강화한다. 국내 기업이 특허 분쟁에 방어적으로 대응하는 데 …,https://n.news.naver.com/mnews/article/011/0004665655,2026-09-27T17:28:00+09:00,,12면,
서울경제,naver_paper,,"‘AI가 일자리 줄인다’는 통념, 아마존·구글서는 깨졌다",,https://n.news.naver.com/mnews/article/011/0004665653,2026-09-27T17:28:00+09:00,,12면,
서울경제,naver_paper,,여러 AI 역할 나눠 업무…KT ‘에이전틱 온’ 공개,,https://n.news.naver.com/mnews/article/011/0004665654,2026-09-27T17:28:00+09:00,,12면,
서울경제,naver_paper,,"[단독]카카오, 부산서 ‘AI 돛’ 올린다…인재·창업 거점 연내 조성",,https://n.news.naver.com/mnews/article/011/0004665657,2026-09-27T17:31:00+09:00,,12면,
서울경제,naver_paper,,반도체 연구실 사고 2년새 2배 급증에…정부 특별점검,,https://n.news.naver.com/mnews/article/011/0004665663,2026-09-27T17:35:00+09:00,,12면,
서울경제,naver_paper,,"[단독]싱가포르에 깃발 꽂은 리벨리온…K-NPU, 亞 인프라 경쟁",,https://n.news.naver.com/mnews/article/011/0004665679,2026-09-27T17:41:00+09:00,,12면,
서울경제,naver_paper,,HLB 담관암 신약 직접 허가…적응증 확대 시험대 올라,HLB(028300)의 담관암 치료제 ‘리픽투(성분명 리라푸그라티닙)’가 미국 식품의약국(FDA)의 승인을 획득했다. HLB의 미국 자회사 엘레바 테라퓨틱스가 …,https://n.news.naver.com/mnews/article/011/0004665787,2026-09-28T07:02:00+09:00,,14면,
서울경제,naver_paper,,"대웅제약 펙수클루, 인도네시아 출시…“2400억 시장 공략”",,https://n.news.naver.com/mnews/article/011/0004665004,2026-09-23T15:44:00+09:00,,14면,
서울경제,naver_paper,,"오름테라퓨틱, 소세포폐암 신약 특허…항암DAC 중단에도 고형암 개발",,https://n.news.naver.com/mnews/article/011/0004665785,2026-09-28T07:02:00+09:00,,14면,
서울경제,naver_paper,,FDA 승인 청신호 켜진 그레일…삼성전자·물산 수혜보나,,https://n.news.naver.com/mnews/article/011/0004665786,2026-09-28T07:02:00+09:00,,14면,
서울경제,naver_paper,,이사 줄어도…‘공간연출 상품’은 잘 나가네,온오프라인 주요 유통채널에서 인테리어 용품이나 가구 등 공간 연출을 위한 상품 판매량이 증가하고 있다. 부동산 거래가 위축되자 이사를 하면서 대대적으로 집 수 …,https://n.news.naver.com/mnews/article/011/0004665593,2026-09-27T11:51:00+09:00,,16면,
서울경제,naver_paper,,“출시 전 고객 검증”…롯데마트 ‘파일럿 키친’ 도입,,https://n.news.naver.com/mnews/article/011/0004665569,2026-09-27T10:14:00+09:00,,16면,
서울경제,naver_paper,,세븐일레븐 LoL 카드 한정출시,,https://n.news.naver.com/mnews/article/011/0004665589,2026-09-27T11:31:00+09:00,,16면,
서울경제,naver_paper,,"[단독] 뷰티시장 보폭 넓히는 CU, 페리페라와 화장품 만든다",,https://n.news.naver.com/mnews/article/011/0004665595,2026-09-27T11:55:00+09:00,,16면,
서울경제,naver_paper,,관광객 느는데 객실 20% 줄여…롯데호텔의 역발상,,https://n.news.naver.com/mnews/article/011/0004665596,2026-09-27T12:00:00+09:00,,16면,
서울경제,naver_paper,,"삼성 계열 운용사 3곳, 내달 전주 사무소 연다",삼성 계열 자산운용사 3곳이 다음 달 국민연금 기금운용본부가 있는 전북 전주에 사무소를 연다. 국민연금이 위탁운용사 선정 과정에서 전주 거점에 가점을 부여하기 …,https://n.news.naver.com/mnews/article/011/0004665670,2026-09-27T17:38:00+09:00,,18면,
서울경제,naver_paper,,"외국인, SK스퀘어·SK이노·대한항공에 1.3조 베팅",,https://n.news.naver.com/mnews/article/011/0004665673,2026-09-27T17:39:00+09:00,,18면,
서울경제,naver_paper,,점유율 한 자릿수로 떨어진 넥스트레이드…거래 종목 늘리나,,https://n.news.naver.com/mnews/article/011/0004665677,2026-09-27T17:41:00+09:00,,18면,
서울경제,naver_paper,,"[단독] ETF 선행매매 의혹에…국민연금, 위탁사 내부통제 단속",,https://n.news.naver.com/mnews/article/011/0004665683,2026-09-27T17:43:00+09:00,,18면,
서울경제,naver_paper,,브로커리지·WM 업고…상반기 영업익 1조 돌파 [스타즈 IR],KB증권이 상반기 증시 호황을 기회로 고객 기반을 대폭 확대해 수익성 개선을 이뤘다. 주가 변동성이 심화되는 국면에서도 이를 헤지할 수 있는 상품군을 다변화해 …,https://n.news.naver.com/mnews/article/011/0004665645,2026-09-27T17:14:00+09:00,,19면,
서울경제,naver_paper,,변동성 커지자…주식 헤지 솔루션으로 투자자 수익 지킨다 [스타즈 IR],,https://n.news.naver.com/mnews/article/011/0004665646,2026-09-27T17:14:00+09:00,,19면,
서울경제,naver_paper,,[단독] 수조 원 ‘현금 족쇄’ 푼다…국채 98%까지 담보 인정,,https://n.news.naver.com/mnews/article/011/0004665647,2026-09-27T17:15:00+09:00,,19면,
서울경제,naver_paper,,강남 재건축 수억씩 빠지는데…마용성·외곽은 신고가 행진,서울 아파트 시장에서 강남권 고가 재건축과 비강남권의 가격 흐름이 엇갈리며 ‘탈동조화(디커플링)’가 심화하고 있다. 8·3 세제개편안의 직격탄을 맞은 30억 …,https://n.news.naver.com/mnews/article/011/0004665669,2026-09-27T17:37:00+09:00,,20면,
서울경제,naver_paper,,"LH, 서리풀1지구 내년 3월 승인 목표…500가구 추가 공급 검토",,https://n.news.naver.com/mnews/article/011/0004665551,2026-09-27T09:01:00+09:00,,20면,
서울경제,naver_paper,,‘신분평 에피트 더웨이시티’ 10월 분양…청주 4000가구 규모 브랜드 타운 형성,,https://n.news.naver.com/mnews/article/011/0004665656,2026-09-27T17:31:00+09:00,,20면,
서울경제,naver_paper,,서울 아파트 전세보증금 2년 만에 8000만원 상승,,https://n.news.naver.com/mnews/article/011/0004665658,2026-09-27T17:31:00+09:00,,20면,
서울경제,naver_paper,,“보증금 2억 올라도 노룩 계약”…송파 릴레이 재건축에 전세대란,,https://n.news.naver.com/mnews/article/011/0004665671,2026-09-27T17:38:00+09:00,,20면,
서울경제,naver_paper,,‘광명시티프라디움에듀하임’ 등 전국 8개 단지서 3641가구 공급[분양캘린더],,https://n.news.naver.com/mnews/article/011/0004665672,2026-09-27T17:39:00+09:00,,20면,
서울경제,naver_paper,,이병래 “남동산단에 뷰티·소부장 접목…미래산업 거점으로”,,https://n.news.naver.com/mnews/article/011/0004665641,2026-09-27T17:11:00+09:00,,21면,
서울경제,naver_paper,,‘414억’ 장생포 수소트램…울산 “사업 장기 재검토”,,https://n.news.naver.com/mnews/article/011/0004665642,2026-09-27T17:12:00+09:00,,21면,
서울경제,naver_paper,,SMR 무대 바다로 넓힌 부산…‘실증·수출 특구’ 추진,,https://n.news.naver.com/mnews/article/011/0004665643,2026-09-27T17:12:00+09:00,,21면,
서울경제,naver_paper,,"양천구, 유휴공간·도로변에 정원·꽃길 조성",,https://n.news.naver.com/mnews/article/011/0004665733,2026-09-27T23:46:00+09:00,,21면,
서울경제,naver_paper,,"서울 중구, 충무로·명동서 골목축제…야장부터 플리마켓까지",,https://n.news.naver.com/mnews/article/011/0004665734,2026-09-27T23:47:00+09:00,,21면,
서울경제,naver_paper,,"서대문구, 30일 우창윤 원장 명사특강",,https://n.news.naver.com/mnews/article/011/0004665735,2026-09-27T23:47:00+09:00,,21면,
서울경제,naver_paper,,"송파구, 즐기며 배우는 ‘청소년 관광 체험학습’",,https://n.news.naver.com/mnews/article/011/0004665736,2026-09-27T23:47:00+09:00,,21면,
서울경제,naver_paper,,"관악구 직원들, AI로 주민센터 반복업무 자동화",,https://n.news.naver.com/mnews/article/011/0004665737,2026-09-27T23:47:00+09:00,,21면,
서울경제,naver_paper,,“내 경험이 누군가에겐 도움”…중장년 사회공헌 일자리 체험해볼까,,https://n.news.naver.com/mnews/article/011/0004665738,2026-09-27T23:47:00+09:00,,21면,
서울경제,naver_paper,,“담배 사줄게” 접근…온라인 파고든 미성년 성매수,대전고등법원은 최근 휴대폰 앱을 통해 중학생 등이 포함된 미성년자 성매매를 알선한 혐의로 기소된 20대 A 씨에게 1심과 같은 징역 4년을 선고했다. 반면 A …,https://n.news.naver.com/mnews/article/011/0004665650,2026-09-27T17:19:00+09:00,,22면,
서울경제,naver_paper,,출퇴근길 사고로 매년 100명 넘게 숨졌다…산재 신청도 1.4만건,,https://n.news.naver.com/mnews/article/011/0004665584,2026-09-27T11:17:00+09:00,,22면,
서울경제,naver_paper,,‘천공 관저 이전 개입’ 의혹 제기 부승찬·김종대 무혐의...檢 “믿을 만한 이유 있었다”,,https://n.news.naver.com/mnews/article/011/0004665611,2026-09-27T13:42:00+09:00,,22면,
서울경제,naver_paper,,[단독] 대학 기부금도 ‘부익부 빈익빈’…상위 10곳이 절반 차지,,https://n.news.naver.com/mnews/article/011/0004665648,2026-09-27T17:16:00+09:00,,22면,
서울경제,naver_paper,,연휴 가정폭력 신고 평소보다 40% 늘어,,https://n.news.naver.com/mnews/article/011/0004665649,2026-09-27T17:17:00+09:00,,22면,
서울경제,naver_paper,,"“공소청·중수청 안착, 최우선 과제는 독립성 확보”",내달 2일 중대범죄수사청(중수청)과 공소청 출범을 앞두고 수장 임명과 내부 인사 등 조직 안정이 최우선 과제로 꼽혔다. 새로운 형사사법 체계가 연착륙하기 위해 …,https://n.news.naver.com/mnews/article/011/0004665675,2026-09-27T17:40:00+09:00,,23면,
서울경제,naver_paper,,"교섭단위 분리 인용, 공고 집행정지는 기각…‘회복 어려운 손해’가 관건",,https://n.news.naver.com/mnews/article/011/0004665678,2026-09-27T17:41:00+09:00,,23면,
서울경제,naver_paper,,"국제분쟁, 이기는 것보다 받아내는 게 더 중요하다 [솔선수법]",,https://n.news.naver.com/mnews/article/011/0004665682,2026-09-27T17:42:00+09:00,,23면,
서울경제,naver_paper,,"한국 여자 핸드볼, 일본 잡고 8년 만에 아시안게임 ‘금빛 슛’",여자 핸드볼 대표팀 김보은이 27일 일본 아이치현 이나자와시 엔트리오에서 열린 2026 아이치·나고야 아시안게임 여자 핸드볼 풀리그 최종전 일본과의 경기에서 …,https://n.news.naver.com/mnews/article/011/0004665708,2026-09-27T19:38:00+09:00,,25면,
서울경제,naver_paper,,"남동헌, ‘말 위의 발레’ 금빛 연기… 한국 마장마술 12년 만에 정상 탈환",,https://n.news.naver.com/mnews/article/011/0004665617,2026-09-27T14:10:00+09:00,,25면,
서울경제,naver_paper,,"2연속 0점에도 뚝심있게 도전…18세 강준이, 日 안방서 ‘亞게임 역사’ 썼다",,https://n.news.naver.com/mnews/article/011/0004665639,2026-09-27T17:03:00+09:00,,25면,
서울경제,naver_paper,,"韓, 일본 3대1로 꺾고 AG 5연패",,https://n.news.naver.com/mnews/article/011/0004665724,2026-09-27T22:19:00+09:00,,25면,
서울경제,naver_paper,,"갤럭시 Z8, 유럽 소비자 평가 휩쓸었다",삼성전자(005930)의 최신 폴더블 스마트폰 ‘갤럭시 Z 폴드8’과 ‘갤럭시 Z 폴드8 울트라’가 유럽에서 최고의 평가를 받았다. 미국에 이어 유럽에서도 호 …,https://n.news.naver.com/mnews/article/011/0004665740,2026-09-27T23:50:00+09:00,,27면,
서울경제,naver_paper,,"LG유플러스, 화담숲에 생물종다양성정원 조성",,https://n.news.naver.com/mnews/article/011/0004665622,2026-09-27T15:06:00+09:00,,27면,
서울경제,naver_paper,,[부고] 김동연씨(전 부광약품 회장) 별세,,https://n.news.naver.com/mnews/article/011/0004665701,2026-09-27T18:07:00+09:00,,27면,
서울경제,naver_paper,,상어 ‘부캉이’ 보러 47만 명… 부산시 등 구조방안 모색,,https://n.news.naver.com/mnews/article/011/0004665739,2026-09-27T23:49:00+09:00,,27면,
서울경제,naver_paper,,[백상논단] 우리는 어떤 공직자를 원하는가,정권이 바뀌어도 인사청문회를 둘러싼 풍경은 좀처럼 달라지지 않는다. 야당은 파상공세를 펼치고 여당은 방어에 급급하다. 최근 개각에서도 장관 후보자 가운데 두 …,https://n.news.naver.com/mnews/article/011/0004665749,2026-09-28T05:01:00+09:00,,29면,
서울경제,naver_paper,,[신경제용어] 재귀적 자기 개선(RSI),,https://n.news.naver.com/mnews/article/011/0004665585,2026-09-27T11:20:00+09:00,,29면,
서울경제,naver_paper,,[글로벌뷰] 러시아서 ‘K소비’ 롱런하려면,,https://n.news.naver.com/mnews/article/011/0004665750,2026-09-28T05:01:00+09:00,,29면,
서울경제,naver_paper,,"[동십자각] K바이오의 다음 도약, ‘자본의 인내’에 달렸다",,https://n.news.naver.com/mnews/article/011/0004665784,2026-09-28T07:02:00+09:00,,29면,
서울경제,naver_paper,,[여명] 대한민국에 온 미증유의 기회 앞에서,부끄럽지만 공개적으로 고백하는 것이 좋을 듯해 기록을 찾아보니 3월 30일이다. 삼성전자를 맡고 있는 1진 기자가 당일 아침 삼성전자 1분기 영업이익이 40조 …,https://n.news.naver.com/mnews/article/011/0004665691,2026-09-27T17:56:00+09:00,,30면,
서울경제,naver_paper,,"美 중간선거, 누가 이기든 트럼프는 더 거칠어진다[이태규 특파원의 워싱턴 인사이드]",,https://n.news.naver.com/mnews/article/011/0004665693,2026-09-27T17:58:00+09:00,,30면,
서울경제,naver_paper,,"AI G3로 가는 승부처, ‘K-NPU’ [로터리]",,https://n.news.naver.com/mnews/article/011/0004665694,2026-09-27T17:59:00+09:00,,30면,
서울경제,naver_paper,,"[열린송현]미래대응기금, 유보통합의 마중물 돼야",정부는 지난달 21일 미래대응기금 신설 방안을 발표했다. 지방교육재정교부금 개편으로 마련된 20조 원을 신설 기금 내 ‘교육·인재 계정’에 배치하고 그중 일부 …,https://n.news.naver.com/mnews/article/011/0004665692,2026-09-27T17:58:00+09:00,,31면,
서울경제,naver_paper,,[만화경] 한강 조망권 다툼,,https://n.news.naver.com/mnews/article/011/0004665702,2026-09-27T18:11:00+09:00,,31면,
서울경제,naver_paper,,"[사설] 순방 마친 李, 이젠 인사·민생으로 국정 성과 보일 때",,https://n.news.naver.com/mnews/article/011/0004665742,2026-09-28T00:11:00+09:00,,31면,
서울경제,naver_paper,,"[사설] DMZ 지뢰 사고, 조속히 진상 규명하고 대북 원칙 지켜야",,https://n.news.naver.com/mnews/article/011/0004665743,2026-09-28T00:11:00+09:00,,31면,
서울경제,naver_paper,,[사설] 200조원 넘는 ‘재정 저수지’…더 엄격한 지출 잣대 필요,,https://n.news.naver.com/mnews/article/011/0004665744,2026-09-28T00:11:00+09:00,,31면,
서울경제,naver_paper,,올해 초과세수 60조 이상 더 걷힌다,올해 국세수입이 3월 추가경정예산 때 내놓은 전망치보다 60조 원 이상 더 걷힐 것으로 전망된다. 반도체 초호황에 증권거래세와 농어촌특별세 등 증권 관련 세수 …,https://n.news.naver.com/mnews/article/011/0004665659,2026-09-27T17:31:00+09:00,,1면,
서울경제,naver_paper,,레고랜드 사태 4년 만에…중소 건설사 공급 30% ↓,,https://n.news.naver.com/mnews/article/011/0004665660,2026-09-27T17:32:00+09:00,,1면,
서울경제,naver_paper,,음원서 전력까지…막오른 토큰증권 킬러상품 전쟁,,https://n.news.naver.com/mnews/article/011/0004665661,2026-09-27T17:33:00+09:00,,1면,
서울경제,naver_paper,,사고 엿새 뒤에야…軍·유엔사 DMZ 조사,,https://n.news.naver.com/mnews/article/011/0004665720,2026-09-27T21:39:00+09:00,,1면,
서울경제,naver_paper,,“수천억 PF·우량채권도 쪼개서 판다”…기업금융 새 자금줄 부상,규제 샌드박스 시절 미술품이나 한우 등 일부 조각투자의 대체재 정도로 인식되던 토큰증권(STO)이 내년 제도화를 계기로 다양한 투자 길이 열리면서 수천억 원대 …,https://n.news.naver.com/mnews/article/011/0004665667,2026-09-27T17:36:00+09:00,,2면,
서울경제,naver_paper,,자체 구축이냐 공동 플랫폼이냐…토큰증권 인프라 ‘호환성’이 관건,,https://n.news.naver.com/mnews/article/011/0004665664,2026-09-27T17:35:00+09:00,,2면,
서울경제,naver_paper,,美 국채 토큰 규모 20조원…월가선 ‘실시간 담보’ 활용,,https://n.news.naver.com/mnews/article/011/0004665668,2026-09-27T17:37:00+09:00,,2면,
서울경제,naver_paper,,무작정 지출 늘리면 물가 자극…“경기 확장땐 속도조절 나서야”,올해 초과세수 규모가 60조 원을 넘길 것으로 전망되면서 우리 정부 경제팀에 ‘트릴레마(세 가지 정책과제가 서로 충돌하는 상황)’ 난제가 주어졌다. 초과세수를 …,https://n.news.naver.com/mnews/article/011/0004665680,2026-09-27T17:41:00+09:00,,3면,
서울경제,naver_paper,,뉴노멀 된 ‘美 국채금리 5%’…“30년물 연내 6% 넘어설 것”,,https://n.news.naver.com/mnews/article/011/0004665684,2026-09-27T17:44:00+09:00,,3면,
서울경제,naver_paper,,PF 61조 증발에 인허가도 반토막…“공급절벽 더 깊어진다”,2022년 강원도의 채무보증 불이행 선언으로 촉발된 ‘레고랜드 사태’는 지방자치단체의 지급보증마저 믿을 수 없다는 불신을 낳으며 부동산 프로젝트파이낸싱(PF) …,https://n.news.naver.com/mnews/article/011/0004665685,2026-09-27T17:47:00+09:00,,4면,
서울경제,naver_paper,,지방 건설사 폐업 1년새 37% 급증…부실 떠안은 신탁사도 ‘적자 늪’,,https://n.news.naver.com/mnews/article/011/0004665688,2026-09-27T17:49:00+09:00,,4면,
서울경제,naver_paper,,2차례 폭발 원인 규명 본격화… 늑장 조사에 증거 훼손 우려도,폭발 엿새 만에 현장조사에 나선 군이 비무장지대(DMZ) 지뢰 추정 폭발 사고의 원인을 규명하고 각종 의혹을 불식시킬 책임을 떠안게 됐다. 야권에서는 늑장조사 …,https://n.news.naver.com/mnews/article/011/0004665732,2026-09-27T23:36:00+09:00,,5면,
서울경제,naver_paper,,北포로 이달 중순 입국…靑 “비공개 바람직” vs “합의는 없었다”,,https://n.news.naver.com/mnews/article/011/0004665731,2026-09-27T23:36:00+09:00,,5면,
서울경제,naver_paper,,韓-멕시코 투자 보장 협상 타결…美와 안보협상도 다시 궤도로,이재명 대통령이 미국·멕시코 순방을 통해 한미 간 안보 협상을 다시 본궤도에 올리는 한편 중남미 핵심국인 멕시코와 공급망·방산·첨단산업 협력의 틀을 넓혔다. …,https://n.news.naver.com/mnews/article/011/0004665727,2026-09-27T23:01:00+09:00,,6면,
서울경제,naver_paper,,"李, 순방 중에도 “농지조사 꼭 필요”…오세훈 “실거주 이어 실경작 집착”",,https://n.news.naver.com/mnews/article/011/0004665651,2026-09-27T17:25:00+09:00,,6면,
서울경제,naver_paper,,"與 “민심, 당정청 하나 되라고 해”…유시민 등 겨냥 “쓴소리 과유불급”",,https://n.news.naver.com/mnews/article/011/0004665652,2026-09-27T17:25:00+09:00,,6면,
서울경제,naver_paper,,"[단독]이주노동자 산재 사망, 80%가 50인 미만 사업장",,https://n.news.naver.com/mnews/article/011/0004665674,2026-09-27T17:40:00+09:00,,6면,
서울경제,naver_paper,,‘안보·농지’ 고리로 투쟁 고삐 죄는 국힘…백령도 이어 농촌으로,,https://n.news.naver.com/mnews/article/011/0004665676,2026-09-27T17:41:00+09:00,,6면,
서울경제,naver_paper,,[단독] 내년 ‘농파라치’ 포상금 예산 157배 폭증,,https://n.news.naver.com/mnews/article/011/0004665681,2026-09-27T17:42:00+09:00,,6면,
서울경제,naver_paper,,국회 보고 닷새째인데…美만 쳐다보는 ‘대미투자 1호’,정부가 국회에 대미 투자 사업 추진 계획을 보고한 지 닷새가 지났지만 미국 측에서 공식 발표가 나오지 않고 있다. 그동안 미국이 한국에 빠른 투자를 독촉해왔던 …,https://n.news.naver.com/mnews/article/011/0004665626,2026-09-27T15:20:00+09:00,,8면,
서울경제,naver_paper,,韓 생산·소비 반등하나...美 물가·고용 지표 관심[한동훈의 위클리전망대],,https://n.news.naver.com/mnews/article/011/0004665533,2026-09-27T06:00:00+09:00,,8면,
서울경제,naver_paper,,"박홍근 “호남팹, 기업팔 비튼 것 아냐… 4기 이상 건설 검토”",,https://n.news.naver.com/mnews/article/011/0004665620,2026-09-27T14:57:00+09:00,,8면,
서울경제,naver_paper,,AI반도체 1200조 시장 열린다…“공급망 진입 서둘러야”,,https://n.news.naver.com/mnews/article/011/0004665627,2026-09-27T15:21:00+09:00,,8면,
서울경제,naver_paper,,韓銀 “도미노 가격 인상 확산되는 중”… 4분기 물가 최대 변수로,,https://n.news.naver.com/mnews/article/011/0004665630,2026-09-27T15:31:00+09:00,,8면,
서울경제,naver_paper,,5년간 산업기술 107건 해외 유출…10건 중 4건이 반도체,,https://n.news.naver.com/mnews/article/011/0004665662,2026-09-27T17:34:00+09:00,,8면,
서울경제,naver_paper,,회장 3인 ‘경영 DNA’ 물려받은 이재근…압도적 1위 굳힌다,2013년 7월 26일 이재근 부문장(차기 KB금융지주 회장 내정자)이 판교테크노밸리 지점장으로 발령받았다. 직전까지 어윤대 전 KB금융지주 회장 비서실장을 …,https://n.news.naver.com/mnews/article/011/0004665687,2026-09-27T17:49:00+09:00,,9면,
서울경제,naver_paper,,신한 ‘S급 부장’ 업무 노하우 AI에 담는다,,https://n.news.naver.com/mnews/article/011/0004665601,2026-09-27T12:46:00+09:00,,9면,
서울경제,naver_paper,,"자본잠식 비댁스, 신용등급 ‘CCC+’로 하락",,https://n.news.naver.com/mnews/article/011/0004665607,2026-09-27T13:18:00+09:00,,9면,
서울경제,naver_paper,,사채업자 역신고에…신복위 업무용 메신저 줄차단,,https://n.news.naver.com/mnews/article/011/0004665610,2026-09-27T13:32:00+09:00,,9면,
서울경제,naver_paper,,엔화코인 투자 2만명…환율보다 비싸게 사들여,,https://n.news.naver.com/mnews/article/011/0004665614,2026-09-27T13:53:00+09:00,,9면,
서울경제,naver_paper,,금리상승 직격탄…중기 연체율 악화,,https://n.news.naver.com/mnews/article/011/0004665623,2026-09-27T15:11:00+09:00,,9면,
서울경제,naver_paper,,트럼프 레드카펫 깔았지만…시진핑은 “대만 독립 반대하라” 압박,"11년 만에 이뤄진 시진핑 중국 국가주석의 국빈 방미가 관세 휴전 2개월 연장, 인공지능(AI) 연락 채널 신설 등 ‘쉬운 합의’만 남긴 채 막을 내렸다. 도 …",https://n.news.naver.com/mnews/article/011/0004665665,2026-09-27T17:36:00+09:00,,10면,
서울경제,naver_paper,,"미 정부까지 침입한 오픈AI…빌 게이츠 “AI, 10억명 목숨 앗아갈 만큼 강력”",,https://n.news.naver.com/mnews/article/011/0004665629,2026-09-27T15:30:00+09:00,,10면,
서울경제,naver_paper,,오라클 “DC 임차료 지급 연기”…블루아울캐피털에 일방 통보,,https://n.news.naver.com/mnews/article/011/0004665666,2026-09-27T17:36:00+09:00,,10면,
서울경제,naver_paper,,올해 초과세수 60조 이상 더 걷힌다,올해 국세수입이 3월 추가경정예산 때 내놓은 전망치보다 60조 원 이상 더 걷힐 것으로 전망된다. 반도체 초호황에 증권거래세와 농어촌특별세 등 증권 관련 세수 …,https://n.news.naver.com/mnews/article/011/0004665659,2026-09-27T17:31:00+09:00,,1면,
서울경제,naver_paper,,레고랜드 사태 4년 만에…중소 건설사 공급 30% ↓,,https://n.news.naver.com/mnews/article/011/0004665660,2026-09-27T17:32:00+09:00,,1면,
서울경제,naver_paper,,음원서 전력까지…막오른 토큰증권 킬러상품 전쟁,,https://n.news.naver.com/mnews/article/011/0004665661,2026-09-27T17:33:00+09:00,,1면,
서울경제,naver_paper,,사고 엿새 뒤에야…軍·유엔사 DMZ 조사,,https://n.news.naver.com/mnews/article/011/0004665720,2026-09-27T21:39:00+09:00,,1면,
서울경제,naver_paper,,“수천억 PF·우량채권도 쪼개서 판다”…기업금융 새 자금줄 부상,규제 샌드박스 시절 미술품이나 한우 등 일부 조각투자의 대체재 정도로 인식되던 토큰증권(STO)이 내년 제도화를 계기로 다양한 투자 길이 열리면서 수천억 원대 …,https://n.news.naver.com/mnews/article/011/0004665667,2026-09-27T17:36:00+09:00,,2면,
서울경제,naver_paper,,자체 구축이냐 공동 플랫폼이냐…토큰증권 인프라 ‘호환성’이 관건,,https://n.news.naver.com/mnews/article/011/0004665664,2026-09-27T17:35:00+09:00,,2면,
서울경제,naver_paper,,美 국채 토큰 규모 20조원…월가선 ‘실시간 담보’ 활용,,https://n.news.naver.com/mnews/article/011/0004665668,2026-09-27T17:37:00+09:00,,2면,
서울경제,naver_paper,,무작정 지출 늘리면 물가 자극…“경기 확장땐 속도조절 나서야”,올해 초과세수 규모가 60조 원을 넘길 것으로 전망되면서 우리 정부 경제팀에 ‘트릴레마(세 가지 정책과제가 서로 충돌하는 상황)’ 난제가 주어졌다. 초과세수를 …,https://n.news.naver.com/mnews/article/011/0004665680,2026-09-27T17:41:00+09:00,,3면,
서울경제,naver_paper,,뉴노멀 된 ‘美 국채금리 5%’…“30년물 연내 6% 넘어설 것”,,https://n.news.naver.com/mnews/article/011/0004665684,2026-09-27T17:44:00+09:00,,3면,
서울경제,naver_paper,,PF 61조 증발에 인허가도 반토막…“공급절벽 더 깊어진다”,2022년 강원도의 채무보증 불이행 선언으로 촉발된 ‘레고랜드 사태’는 지방자치단체의 지급보증마저 믿을 수 없다는 불신을 낳으며 부동산 프로젝트파이낸싱(PF) …,https://n.news.naver.com/mnews/article/011/0004665685,2026-09-27T17:47:00+09:00,,4면,
서울경제,naver_paper,,지방 건설사 폐업 1년새 37% 급증…부실 떠안은 신탁사도 ‘적자 늪’,,https://n.news.naver.com/mnews/article/011/0004665688,2026-09-27T17:49:00+09:00,,4면,
서울경제,naver_paper,,2차례 폭발 원인 규명 본격화… 늑장 조사에 증거 훼손 우려도,폭발 엿새 만에 현장조사에 나선 군이 비무장지대(DMZ) 지뢰 추정 폭발 사고의 원인을 규명하고 각종 의혹을 불식시킬 책임을 떠안게 됐다. 야권에서는 늑장조사 …,https://n.news.naver.com/mnews/article/011/0004665732,2026-09-27T23:36:00+09:00,,5면,
서울경제,naver_paper,,北포로 이달 중순 입국…靑 “비공개 바람직” vs “합의는 없었다”,,https://n.news.naver.com/mnews/article/011/0004665731,2026-09-27T23:36:00+09:00,,5면,
서울경제,naver_paper,,韓-멕시코 투자 보장 협상 타결…美와 안보협상도 다시 궤도로,이재명 대통령이 미국·멕시코 순방을 통해 한미 간 안보 협상을 다시 본궤도에 올리는 한편 중남미 핵심국인 멕시코와 공급망·방산·첨단산업 협력의 틀을 넓혔다. …,https://n.news.naver.com/mnews/article/011/0004665727,2026-09-27T23:01:00+09:00,,6면,
서울경제,naver_paper,,"李, 순방 중에도 “농지조사 꼭 필요”…오세훈 “실거주 이어 실경작 집착”",,https://n.news.naver.com/mnews/article/011/0004665651,2026-09-27T17:25:00+09:00,,6면,
서울경제,naver_paper,,"與 “민심, 당정청 하나 되라고 해”…유시민 등 겨냥 “쓴소리 과유불급”",,https://n.news.naver.com/mnews/article/011/0004665652,2026-09-27T17:25:00+09:00,,6면,
서울경제,naver_paper,,"[단독]이주노동자 산재 사망, 80%가 50인 미만 사업장",,https://n.news.naver.com/mnews/article/011/0004665674,2026-09-27T17:40:00+09:00,,6면,
서울경제,naver_paper,,‘안보·농지’ 고리로 투쟁 고삐 죄는 국힘…백령도 이어 농촌으로,,https://n.news.naver.com/mnews/article/011/0004665676,2026-09-27T17:41:00+09:00,,6면,
서울경제,naver_paper,,[단독] 내년 ‘농파라치’ 포상금 예산 157배 폭증,,https://n.news.naver.com/mnews/article/011/0004665681,2026-09-27T17:42:00+09:00,,6면,
서울경제,naver_paper,,국회 보고 닷새째인데…美만 쳐다보는 ‘대미투자 1호’,정부가 국회에 대미 투자 사업 추진 계획을 보고한 지 닷새가 지났지만 미국 측에서 공식 발표가 나오지 않고 있다. 그동안 미국이 한국에 빠른 투자를 독촉해왔던 …,https://n.news.naver.com/mnews/article/011/0004665626,2026-09-27T15:20:00+09:00,,8면,
서울경제,naver_paper,,韓 생산·소비 반등하나...美 물가·고용 지표 관심[한동훈의 위클리전망대],,https://n.news.naver.com/mnews/article/011/0004665533,2026-09-27T06:00:00+09:00,,8면,
서울경제,naver_paper,,"박홍근 “호남팹, 기업팔 비튼 것 아냐… 4기 이상 건설 검토”",,https://n.news.naver.com/mnews/article/011/0004665620,2026-09-27T14:57:00+09:00,,8면,
서울경제,naver_paper,,AI반도체 1200조 시장 열린다…“공급망 진입 서둘러야”,,https://n.news.naver.com/mnews/article/011/0004665627,2026-09-27T15:21:00+09:00,,8면,
서울경제,naver_paper,,韓銀 “도미노 가격 인상 확산되는 중”… 4분기 물가 최대 변수로,,https://n.news.naver.com/mnews/article/011/0004665630,2026-09-27T15:31:00+09:00,,8면,
서울경제,naver_paper,,5년간 산업기술 107건 해외 유출…10건 중 4건이 반도체,,https://n.news.naver.com/mnews/article/011/0004665662,2026-09-27T17:34:00+09:00,,8면,
서울경제,naver_paper,,회장 3인 ‘경영 DNA’ 물려받은 이재근…압도적 1위 굳힌다,2013년 7월 26일 이재근 부문장(차기 KB금융지주 회장 내정자)이 판교테크노밸리 지점장으로 발령받았다. 직전까지 어윤대 전 KB금융지주 회장 비서실장을 …,https://n.news.naver.com/mnews/article/011/0004665687,2026-09-27T17:49:00+09:00,,9면,
서울경제,naver_paper,,신한 ‘S급 부장’ 업무 노하우 AI에 담는다,,https://n.news.naver.com/mnews/article/011/0004665601,2026-09-27T12:46:00+09:00,,9면,
서울경제,naver_paper,,"자본잠식 비댁스, 신용등급 ‘CCC+’로 하락",,https://n.news.naver.com/mnews/article/011/0004665607,2026-09-27T13:18:00+09:00,,9면,
서울경제,naver_paper,,사채업자 역신고에…신복위 업무용 메신저 줄차단,,https://n.news.naver.com/mnews/article/011/0004665610,2026-09-27T13:32:00+09:00,,9면,
서울경제,naver_paper,,엔화코인 투자 2만명…환율보다 비싸게 사들여,,https://n.news.naver.com/mnews/article/011/0004665614,2026-09-27T13:53:00+09:00,,9면,
서울경제,naver_paper,,금리상승 직격탄…중기 연체율 악화,,https://n.news.naver.com/mnews/article/011/0004665623,2026-09-27T15:11:00+09:00,,9면,
서울경제,naver_paper,,트럼프 레드카펫 깔았지만…시진핑은 “대만 독립 반대하라” 압박,"11년 만에 이뤄진 시진핑 중국 국가주석의 국빈 방미가 관세 휴전 2개월 연장, 인공지능(AI) 연락 채널 신설 등 ‘쉬운 합의’만 남긴 채 막을 내렸다. 도 …",https://n.news.naver.com/mnews/article/011/0004665665,2026-09-27T17:36:00+09:00,,10면,
서울경제,naver_paper,,"미 정부까지 침입한 오픈AI…빌 게이츠 “AI, 10억명 목숨 앗아갈 만큼 강력”",,https://n.news.naver.com/mnews/article/011/0004665629,2026-09-27T15:30:00+09:00,,10면,
서울경제,naver_paper,,오라클 “DC 임차료 지급 연기”…블루아울캐피털에 일방 통보,,https://n.news.naver.com/mnews/article/011/0004665666,2026-09-27T17:36:00+09:00,,10면,
서울경제,naver_paper,,올해 초과세수 60조 이상 더 걷힌다,올해 국세수입이 3월 추가경정예산 때 내놓은 전망치보다 60조 원 이상 더 걷힐 것으로 전망된다. 반도체 초호황에 증권거래세와 농어촌특별세 등 증권 관련 세수 …,https://n.news.naver.com/mnews/article/011/0004665659,2026-09-27T17:31:00+09:00,,1면,
서울경제,naver_paper,,레고랜드 사태 4년 만에…중소 건설사 공급 30% ↓,,https://n.news.naver.com/mnews/article/011/0004665660,2026-09-27T17:32:00+09:00,,1면,
서울경제,naver_paper,,음원서 전력까지…막오른 토큰증권 킬러상품 전쟁,,https://n.news.naver.com/mnews/article/011/0004665661,2026-09-27T17:33:00+09:00,,1면,
서울경제,naver_paper,,사고 엿새 뒤에야…軍·유엔사 DMZ 조사,,https://n.news.naver.com/mnews/article/011/0004665720,2026-09-27T21:39:00+09:00,,1면,
서울경제,naver_paper,,“수천억 PF·우량채권도 쪼개서 판다”…기업금융 새 자금줄 부상,규제 샌드박스 시절 미술품이나 한우 등 일부 조각투자의 대체재 정도로 인식되던 토큰증권(STO)이 내년 제도화를 계기로 다양한 투자 길이 열리면서 수천억 원대 …,https://n.news.naver.com/mnews/article/011/0004665667,2026-09-27T17:36:00+09:00,,2면,
서울경제,naver_paper,,자체 구축이냐 공동 플랫폼이냐…토큰증권 인프라 ‘호환성’이 관건,,https://n.news.naver.com/mnews/article/011/0004665664,2026-09-27T17:35:00+09:00,,2면,
서울경제,naver_paper,,美 국채 토큰 규모 20조원…월가선 ‘실시간 담보’ 활용,,https://n.news.naver.com/mnews/article/011/0004665668,2026-09-27T17:37:00+09:00,,2면,
서울경제,naver_paper,,무작정 지출 늘리면 물가 자극…“경기 확장땐 속도조절 나서야”,올해 초과세수 규모가 60조 원을 넘길 것으로 전망되면서 우리 정부 경제팀에 ‘트릴레마(세 가지 정책과제가 서로 충돌하는 상황)’ 난제가 주어졌다. 초과세수를 …,https://n.news.naver.com/mnews/article/011/0004665680,2026-09-27T17:41:00+09:00,,3면,
서울경제,naver_paper,,뉴노멀 된 ‘美 국채금리 5%’…“30년물 연내 6% 넘어설 것”,,https://n.news.naver.com/mnews/article/011/0004665684,2026-09-27T17:44:00+09:00,,3면,
서울경제,naver_paper,,PF 61조 증발에 인허가도 반토막…“공급절벽 더 깊어진다”,2022년 강원도의 채무보증 불이행 선언으로 촉발된 ‘레고랜드 사태’는 지방자치단체의 지급보증마저 믿을 수 없다는 불신을 낳으며 부동산 프로젝트파이낸싱(PF) …,https://n.news.naver.com/mnews/article/011/0004665685,2026-09-27T17:47:00+09:00,,4면,
서울경제,naver_paper,,지방 건설사 폐업 1년새 37% 급증…부실 떠안은 신탁사도 ‘적자 늪’,,https://n.news.naver.com/mnews/article/011/0004665688,2026-09-27T17:49:00+09:00,,4면,
서울경제,naver_paper,,2차례 폭발 원인 규명 본격화… 늑장 조사에 증거 훼손 우려도,폭발 엿새 만에 현장조사에 나선 군이 비무장지대(DMZ) 지뢰 추정 폭발 사고의 원인을 규명하고 각종 의혹을 불식시킬 책임을 떠안게 됐다. 야권에서는 늑장조사 …,https://n.news.naver.com/mnews/article/011/0004665732,2026-09-27T23:36:00+09:00,,5면,
서울경제,naver_paper,,北포로 이달 중순 입국…靑 “비공개 바람직” vs “합의는 없었다”,,https://n.news.naver.com/mnews/article/011/0004665731,2026-09-27T23:36:00+09:00,,5면,
서울경제,naver_paper,,韓-멕시코 투자 보장 협상 타결…美와 안보협상도 다시 궤도로,이재명 대통령이 미국·멕시코 순방을 통해 한미 간 안보 협상을 다시 본궤도에 올리는 한편 중남미 핵심국인 멕시코와 공급망·방산·첨단산업 협력의 틀을 넓혔다. …,https://n.news.naver.com/mnews/article/011/0004665727,2026-09-27T23:01:00+09:00,,6면,
서울경제,naver_paper,,"李, 순방 중에도 “농지조사 꼭 필요”…오세훈 “실거주 이어 실경작 집착”",,https://n.news.naver.com/mnews/article/011/0004665651,2026-09-27T17:25:00+09:00,,6면,
서울경제,naver_paper,,"與 “민심, 당정청 하나 되라고 해”…유시민 등 겨냥 “쓴소리 과유불급”",,https://n.news.naver.com/mnews/article/011/0004665652,2026-09-27T17:25:00+09:00,,6면,
서울경제,naver_paper,,"[단독]이주노동자 산재 사망, 80%가 50인 미만 사업장",,https://n.news.naver.com/mnews/article/011/0004665674,2026-09-27T17:40:00+09:00,,6면,
서울경제,naver_paper,,‘안보·농지’ 고리로 투쟁 고삐 죄는 국힘…백령도 이어 농촌으로,,https://n.news.naver.com/mnews/article/011/0004665676,2026-09-27T17:41:00+09:00,,6면,
서울경제,naver_paper,,[단독] 내년 ‘농파라치’ 포상금 예산 157배 폭증,,https://n.news.naver.com/mnews/article/011/0004665681,2026-09-27T17:42:00+09:00,,6면,
서울경제,naver_paper,,국회 보고 닷새째인데…美만 쳐다보는 ‘대미투자 1호’,정부가 국회에 대미 투자 사업 추진 계획을 보고한 지 닷새가 지났지만 미국 측에서 공식 발표가 나오지 않고 있다. 그동안 미국이 한국에 빠른 투자를 독촉해왔던 …,https://n.news.naver.com/mnews/article/011/0004665626,2026-09-27T15:20:00+09:00,,8면,
서울경제,naver_paper,,韓 생산·소비 반등하나...美 물가·고용 지표 관심[한동훈의 위클리전망대],,https://n.news.naver.com/mnews/article/011/0004665533,2026-09-27T06:00:00+09:00,,8면,
서울경제,naver_paper,,"박홍근 “호남팹, 기업팔 비튼 것 아냐… 4기 이상 건설 검토”",,https://n.news.naver.com/mnews/article/011/0004665620,2026-09-27T14:57:00+09:00,,8면,
서울경제,naver_paper,,AI반도체 1200조 시장 열린다…“공급망 진입 서둘러야”,,https://n.news.naver.com/mnews/article/011/0004665627,2026-09-27T15:21:00+09:00,,8면,
서울경제,naver_paper,,韓銀 “도미노 가격 인상 확산되는 중”… 4분기 물가 최대 변수로,,https://n.news.naver.com/mnews/article/011/0004665630,2026-09-27T15:31:00+09:00,,8면,
서울경제,naver_paper,,5년간 산업기술 107건 해외 유출…10건 중 4건이 반도체,,https://n.news.naver.com/mnews/article/011/0004665662,2026-09-27T17:34:00+09:00,,8면,
서울경제,naver_paper,,회장 3인 ‘경영 DNA’ 물려받은 이재근…압도적 1위 굳힌다,2013년 7월 26일 이재근 부문장(차기 KB금융지주 회장 내정자)이 판교테크노밸리 지점장으로 발령받았다. 직전까지 어윤대 전 KB금융지주 회장 비서실장을 …,https://n.news.naver.com/mnews/article/011/0004665687,2026-09-27T17:49:00+09:00,,9면,
서울경제,naver_paper,,신한 ‘S급 부장’ 업무 노하우 AI에 담는다,,https://n.news.naver.com/mnews/article/011/0004665601,2026-09-27T12:46:00+09:00,,9면,
서울경제,naver_paper,,"자본잠식 비댁스, 신용등급 ‘CCC+’로 하락",,https://n.news.naver.com/mnews/article/011/0004665607,2026-09-27T13:18:00+09:00,,9면,
서울경제,naver_paper,,사채업자 역신고에…신복위 업무용 메신저 줄차단,,https://n.news.naver.com/mnews/article/011/0004665610,2026-09-27T13:32:00+09:00,,9면,
서울경제,naver_paper,,엔화코인 투자 2만명…환율보다 비싸게 사들여,,https://n.news.naver.com/mnews/article/011/0004665614,2026-09-27T13:53:00+09:00,,9면,
서울경제,naver_paper,,금리상승 직격탄…중기 연체율 악화,,https://n.news.naver.com/mnews/article/011/0004665623,2026-09-27T15:11:00+09:00,,9면,
서울경제,naver_paper,,트럼프 레드카펫 깔았지만…시진핑은 “대만 독립 반대하라” 압박,"11년 만에 이뤄진 시진핑 중국 국가주석의 국빈 방미가 관세 휴전 2개월 연장, 인공지능(AI) 연락 채널 신설 등 ‘쉬운 합의’만 남긴 채 막을 내렸다. 도 …",https://n.news.naver.com/mnews/article/011/0004665665,2026-09-27T17:36:00+09:00,,10면,
서울경제,naver_paper,,"미 정부까지 침입한 오픈AI…빌 게이츠 “AI, 10억명 목숨 앗아갈 만큼 강력”",,https://n.news.naver.com/mnews/article/011/0004665629,2026-09-27T15:30:00+09:00,,10면,
서울경제,naver_paper,,오라클 “DC 임차료 지급 연기”…블루아울캐피털에 일방 통보,,https://n.news.naver.com/mnews/article/011/0004665666,2026-09-27T17:36:00+09:00,,10면,
서울경제,naver_paper,,올해 초과세수 60조 이상 더 걷힌다,올해 국세수입이 3월 추가경정예산 때 내놓은 전망치보다 60조 원 이상 더 걷힐 것으로 전망된다. 반도체 초호황에 증권거래세와 농어촌특별세 등 증권 관련 세수 …,https://n.news.naver.com/mnews/article/011/0004665659,2026-09-27T17:31:00+09:00,,1면,
서울경제,naver_paper,,레고랜드 사태 4년 만에…중소 건설사 공급 30% ↓,,https://n.news.naver.com/mnews/article/011/0004665660,2026-09-27T17:32:00+09:00,,1면,
서울경제,naver_paper,,음원서 전력까지…막오른 토큰증권 킬러상품 전쟁,,https://n.news.naver.com/mnews/article/011/0004665661,2026-09-27T17:33:00+09:00,,1면,
서울경제,naver_paper,,사고 엿새 뒤에야…軍·유엔사 DMZ 조사,,https://n.news.naver.com/mnews/article/011/0004665720,2026-09-27T21:39:00+09:00,,1면,
서울경제,naver_paper,,“수천억 PF·우량채권도 쪼개서 판다”…기업금융 새 자금줄 부상,규제 샌드박스 시절 미술품이나 한우 등 일부 조각투자의 대체재 정도로 인식되던 토큰증권(STO)이 내년 제도화를 계기로 다양한 투자 길이 열리면서 수천억 원대 …,https://n.news.naver.com/mnews/article/011/0004665667,2026-09-27T17:36:00+09:00,,2면,
서울경제,naver_paper,,자체 구축이냐 공동 플랫폼이냐…토큰증권 인프라 ‘호환성’이 관건,,https://n.news.naver.com/mnews/article/011/0004665664,2026-09-27T17:35:00+09:00,,2면,
서울경제,naver_paper,,美 국채 토큰 규모 20조원…월가선 ‘실시간 담보’ 활용,,https://n.news.naver.com/mnews/article/011/0004665668,2026-09-27T17:37:00+09:00,,2면,
서울경제,naver_paper,,무작정 지출 늘리면 물가 자극…“경기 확장땐 속도조절 나서야”,올해 초과세수 규모가 60조 원을 넘길 것으로 전망되면서 우리 정부 경제팀에 ‘트릴레마(세 가지 정책과제가 서로 충돌하는 상황)’ 난제가 주어졌다. 초과세수를 …,https://n.news.naver.com/mnews/article/011/0004665680,2026-09-27T17:41:00+09:00,,3면,
서울경제,naver_paper,,뉴노멀 된 ‘美 국채금리 5%’…“30년물 연내 6% 넘어설 것”,,https://n.news.naver.com/mnews/article/011/0004665684,2026-09-27T17:44:00+09:00,,3면,
서울경제,naver_paper,,PF 61조 증발에 인허가도 반토막…“공급절벽 더 깊어진다”,2022년 강원도의 채무보증 불이행 선언으로 촉발된 ‘레고랜드 사태’는 지방자치단체의 지급보증마저 믿을 수 없다는 불신을 낳으며 부동산 프로젝트파이낸싱(PF) …,https://n.news.naver.com/mnews/article/011/0004665685,2026-09-27T17:47:00+09:00,,4면,
서울경제,naver_paper,,지방 건설사 폐업 1년새 37% 급증…부실 떠안은 신탁사도 ‘적자 늪’,,https://n.news.naver.com/mnews/article/011/0004665688,2026-09-27T17:49:00+09:00,,4면,
서울경제,naver_paper,,2차례 폭발 원인 규명 본격화… 늑장 조사에 증거 훼손 우려도,폭발 엿새 만에 현장조사에 나선 군이 비무장지대(DMZ) 지뢰 추정 폭발 사고의 원인을 규명하고 각종 의혹을 불식시킬 책임을 떠안게 됐다. 야권에서는 늑장조사 …,https://n.news.naver.com/mnews/article/011/0004665732,2026-09-27T23:36:00+09:00,,5면,
서울경제,naver_paper,,北포로 이달 중순 입국…靑 “비공개 바람직” vs “합의는 없었다”,,https://n.news.naver.com/mnews/article/011/0004665731,2026-09-27T23:36:00+09:00,,5면,
서울경제,naver_paper,,韓-멕시코 투자 보장 협상 타결…美와 안보협상도 다시 궤도로,이재명 대통령이 미국·멕시코 순방을 통해 한미 간 안보 협상을 다시 본궤도에 올리는 한편 중남미 핵심국인 멕시코와 공급망·방산·첨단산업 협력의 틀을 넓혔다. …,https://n.news.naver.com/mnews/article/011/0004665727,2026-09-27T23:01:00+09:00,,6면,
서울경제,naver_paper,,"李, 순방 중에도 “농지조사 꼭 필요”…오세훈 “실거주 이어 실경작 집착”",,https://n.news.naver.com/mnews/article/011/0004665651,2026-09-27T17:25:00+09:00,,6면,
서울경제,naver_paper,,"與 “민심, 당정청 하나 되라고 해”…유시민 등 겨냥 “쓴소리 과유불급”",,https://n.news.naver.com/mnews/article/011/0004665652,2026-09-27T17:25:00+09:00,,6면,
서울경제,naver_paper,,"[단독]이주노동자 산재 사망, 80%가 50인 미만 사업장",,https://n.news.naver.com/mnews/article/011/0004665674,2026-09-27T17:40:00+09:00,,6면,
서울경제,naver_paper,,‘안보·농지’ 고리로 투쟁 고삐 죄는 국힘…백령도 이어 농촌으로,,https://n.news.naver.com/mnews/article/011/0004665676,2026-09-27T17:41:00+09:00,,6면,
서울경제,naver_paper,,[단독] 내년 ‘농파라치’ 포상금 예산 157배 폭증,,https://n.news.naver.com/mnews/article/011/0004665681,2026-09-27T17:42:00+09:00,,6면,
서울경제,naver_paper,,국회 보고 닷새째인데…美만 쳐다보는 ‘대미투자 1호’,정부가 국회에 대미 투자 사업 추진 계획을 보고한 지 닷새가 지났지만 미국 측에서 공식 발표가 나오지 않고 있다. 그동안 미국이 한국에 빠른 투자를 독촉해왔던 …,https://n.news.naver.com/mnews/article/011/0004665626,2026-09-27T15:20:00+09:00,,8면,
서울경제,naver_paper,,韓 생산·소비 반등하나...美 물가·고용 지표 관심[한동훈의 위클리전망대],,https://n.news.naver.com/mnews/article/011/0004665533,2026-09-27T06:00:00+09:00,,8면,
서울경제,naver_paper,,"박홍근 “호남팹, 기업팔 비튼 것 아냐… 4기 이상 건설 검토”",,https://n.news.naver.com/mnews/article/011/0004665620,2026-09-27T14:57:00+09:00,,8면,
서울경제,naver_paper,,AI반도체 1200조 시장 열린다…“공급망 진입 서둘러야”,,https://n.news.naver.com/mnews/article/011/0004665627,2026-09-27T15:21:00+09:00,,8면,
서울경제,naver_paper,,韓銀 “도미노 가격 인상 확산되는 중”… 4분기 물가 최대 변수로,,https://n.news.naver.com/mnews/article/011/0004665630,2026-09-27T15:31:00+09:00,,8면,
서울경제,naver_paper,,5년간 산업기술 107건 해외 유출…10건 중 4건이 반도체,,https://n.news.naver.com/mnews/article/011/0004665662,2026-09-27T17:34:00+09:00,,8면,
서울경제,naver_paper,,회장 3인 ‘경영 DNA’ 물려받은 이재근…압도적 1위 굳힌다,2013년 7월 26일 이재근 부문장(차기 KB금융지주 회장 내정자)이 판교테크노밸리 지점장으로 발령받았다. 직전까지 어윤대 전 KB금융지주 회장 비서실장을 …,https://n.news.naver.com/mnews/article/011/0004665687,2026-09-27T17:49:00+09:00,,9면,
서울경제,naver_paper,,신한 ‘S급 부장’ 업무 노하우 AI에 담는다,,https://n.news.naver.com/mnews/article/011/0004665601,2026-09-27T12:46:00+09:00,,9면,
서울경제,naver_paper,,"자본잠식 비댁스, 신용등급 ‘CCC+’로 하락",,https://n.news.naver.com/mnews/article/011/0004665607,2026-09-27T13:18:00+09:00,,9면,
서울경제,naver_paper,,사채업자 역신고에…신복위 업무용 메신저 줄차단,,https://n.news.naver.com/mnews/article/011/0004665610,2026-09-27T13:32:00+09:00,,9면,
서울경제,naver_paper,,엔화코인 투자 2만명…환율보다 비싸게 사들여,,https://n.news.naver.com/mnews/article/011/0004665614,2026-09-27T13:53:00+09:00,,9면,
서울경제,naver_paper,,금리상승 직격탄…중기 연체율 악화,,https://n.news.naver.com/mnews/article/011/0004665623,2026-09-27T15:11:00+09:00,,9면,
서울경제,naver_paper,,트럼프 레드카펫 깔았지만…시진핑은 “대만 독립 반대하라” 압박,"11년 만에 이뤄진 시진핑 중국 국가주석의 국빈 방미가 관세 휴전 2개월 연장, 인공지능(AI) 연락 채널 신설 등 ‘쉬운 합의’만 남긴 채 막을 내렸다. 도 …",https://n.news.naver.com/mnews/article/011/0004665665,2026-09-27T17:36:00+09:00,,10면,
서울경제,naver_paper,,"미 정부까지 침입한 오픈AI…빌 게이츠 “AI, 10억명 목숨 앗아갈 만큼 강력”",,https://n.news.naver.com/mnews/article/011/0004665629,2026-09-27T15:30:00+09:00,,10면,
서울경제,naver_paper,,오라클 “DC 임차료 지급 연기”…블루아울캐피털에 일방 통보,,https://n.news.naver.com/mnews/article/011/0004665666,2026-09-27T17:36:00+09:00,,10면,
이데일리,naver_paper,,갓성비 찾아 '오픈런'…PB매대로 직행했다,“코스트코에 오면 고기나 견과류 같은 건 커클랜드 제품부터 봐요. 가성비(가격 대비 성능)가 좋아 믿고 사는 것도 있어요.” 추석 연휴 전날인 23일 오전 1 …,https://n.news.naver.com/mnews/article/018/0006376067,2026-09-28T05:54:00+09:00,,A1면,
이데일리,naver_paper,,"서울 집값 '사실상' 86주 상승, 文정부 기록 깼다…규제 풍선효과 '데자뷰'",,https://n.news.naver.com/mnews/article/018/0006375999,2026-09-27T18:08:00+09:00,,A1면,
이데일리,naver_paper,,반토막 났는데 손절도 못해…삼전·닉스 ETF 덫에 갇힌 개미들,,https://n.news.naver.com/mnews/article/018/0006375962,2026-09-27T15:38:00+09:00,,A1면,
이데일리,naver_paper,,"[사설] AI 에이전트 ‘뮤즈’ 돌풍, 산업 파급 효과 주목해야",,https://n.news.naver.com/mnews/article/018/0006376055,2026-09-28T05:02:00+09:00,,A1면,
이데일리,naver_paper,,"[사설] 비급여 진료비 눈덩이, 페이백 등 이대로 둬선 안 돼",,https://n.news.naver.com/mnews/article/018/0006376057,2026-09-28T05:02:00+09:00,,A1면,
이데일리,naver_paper,,트럼프 깜짝회담·멕시코 세일즈…그 뒤엔 위성락 역할론,,https://n.news.naver.com/mnews/article/018/0006376043,2026-09-27T23:17:00+09:00,,A1면,
이데일리,naver_paper,,AI 인재 77% 국내에 남았다…KAIST 글로벌 3위,한국에서 학부를 졸업한 최상위 AI 연구자 10명 중 7명 이상이 현재 국내에서 활동하는 것으로 나타났다. KAIST는 이번 AI 연구자 소속기관 순위에서 3 …,https://n.news.naver.com/mnews/article/018/0006375839,2026-09-27T10:43:00+09:00,,A2면,
이데일리,naver_paper,,"최태원 AI 승부수…SK 솔리다임, 최대 200조 미 상장 가시화",,https://n.news.naver.com/mnews/article/018/0006375989,2026-09-27T17:16:00+09:00,,A2면,
이데일리,naver_paper,,"""어떤 제품 잘 팔릴지 예측 가능""…데이터 품은 PB, 新성장동력으로",컬리가 지난 2일 첫선을 보인 화장품 자체브랜드(PB) ‘듀에라’는 상품 기획 과정에서 분석한 고객 후기만 300만건에 달한다. 단순히 가격을 낮춘 상품 대신 …,https://n.news.naver.com/mnews/article/018/0006376068,2026-09-28T05:54:00+09:00,,A3면,
이데일리,naver_paper,,"""중소 제조사엔 기회, R&D 차별화로 프리미엄에 집중을""",,https://n.news.naver.com/mnews/article/018/0006376066,2026-09-28T05:53:00+09:00,,A3면,
이데일리,naver_paper,,삼전·닉스 한자릿수 떨어질 때…레버리지 ETF는 반토막 났다,"삼성전자(005930)와 SK하이닉스(000660)의 단일종목 레버리지 ETF(상장지수펀드)가 27일 상장 4개월을 맞이한 가운데, 본주(기초자산)와의 수익률 …",https://n.news.naver.com/mnews/article/018/0006375963,2026-09-27T15:39:00+09:00,,A4면,
이데일리,naver_paper,,"文정부 '저금리', 現 '공급부족'…쏟아낸 규제까지 역대 최장 '불장'",,https://n.news.naver.com/mnews/article/018/0006376000,2026-09-27T18:08:00+09:00,,A4면,
이데일리,naver_paper,,‘DMZ 폭발 늑장 대응’ 與도 쓴소리…‘북한 지뢰’ 여부 최대 쟁점,,https://n.news.naver.com/mnews/article/018/0006375940,2026-09-27T14:59:00+09:00,,A4면,
이데일리,naver_paper,,갈아타면 싸진다더니…가계대출 조이자 대환 금리 역전(종합),,https://n.news.naver.com/mnews/article/018/0006375934,2026-09-27T14:51:00+09:00,,A4면,
이데일리,naver_paper,,핵잠부터 멕시코 FTA 가능성까지 판 넓힌 李…후속협상 관건,"이재명 대통령이 미국·멕시코 순방을 통해 한미 안보 현안과 한·멕시코 경제협력의 범위를 넓혔다. 핵추진잠수함과 사용후핵연료, 전시작전통제권 문제를 정상 테이블 …",https://n.news.naver.com/mnews/article/018/0006376041,2026-09-27T23:02:00+09:00,,A5면,
이데일리,naver_paper,,미중 회담서 빠진 반도체 합의…K메모리 '안도 반 긴장 반',,https://n.news.naver.com/mnews/article/018/0006375988,2026-09-27T17:13:00+09:00,,A5면,
이데일리,naver_paper,,“中이 더 강해졌다”…트럼프 환대 속 달라진 미·중 힘의 균형,,https://n.news.naver.com/mnews/article/018/0006375957,2026-09-27T15:28:00+09:00,,A5면,
이데일리,naver_paper,,“살림살이 팍팍” 한목소리…與 “민생입법” 野 “정책 대전환”,박성준(왼쪽) 더불어민주당 수석대변인과 권칠승 정책위의장이 27일 추석 민심 기자간담회에서 발언하고 있다. (사진=노진환 기자) 여야가 추석 밥상에서 확인한 …,https://n.news.naver.com/mnews/article/018/0006375970,2026-09-27T15:54:00+09:00,,A6면,
이데일리,naver_paper,,‘北포로 한국 송환 공개’ 놓고 진실 공방,,https://n.news.naver.com/mnews/article/018/0006375914,2026-09-27T14:22:00+09:00,,A6면,
이데일리,naver_paper,,"한동훈, 멈추지 않는 ‘독자전’…복잡해지는 복당 방정식",,https://n.news.naver.com/mnews/article/018/0006375980,2026-09-27T16:36:00+09:00,,A6면,
이데일리,naver_paper,,‘단단한’ 조국당의 자강론…민주당의 범여권 대통합 난항,,https://n.news.naver.com/mnews/article/018/0006375955,2026-09-27T15:25:00+09:00,,A6면,
이데일리,naver_paper,,“물가 2%대 후반으로 내려오겠지만…이른 추석·고유가가 복병”,지난달 3%대로 뛰었던 소비자물가 상승률이 9월에는 다시 2%대 후반으로 내려올 전망이다. 하지만 물가가 본격적인 안정 국면에 들어섰다고 보기는 어렵다는 게 …,https://n.news.naver.com/mnews/article/018/0006376051,2026-09-28T04:56:00+09:00,,A8면,
이데일리,naver_paper,,"26.8조 성인지예산, 성차별 해소 검증은 ‘깜깜’",,https://n.news.naver.com/mnews/article/018/0006376053,2026-09-28T05:02:00+09:00,,A8면,
이데일리,naver_paper,,"“유커는 큰 손” 옛말, 면세점 지출 5년새 ‘반토막’…한국인이 메웠다",,https://n.news.naver.com/mnews/article/018/0006376060,2026-09-28T05:03:00+09:00,,A8면,
이데일리,naver_paper,,정기예금 금리 3.7%까지…증시 떠난 돈 은행으로,시장금리 상승과 증시 부진이 맞물리면서 시중자금이 은행으로 이동하는 ‘역머니무브’가 빨라지고 있다. 은행들은 정기예금 금리를 연 3%대 중후반까지 잇달아 올리 …,https://n.news.naver.com/mnews/article/018/0006375807,2026-09-27T09:13:00+09:00,,A9면,
이데일리,naver_paper,,산업은행 장애인 10명 추가 채용…의무고용률 미달은 여전,,https://n.news.naver.com/mnews/article/018/0006375880,2026-09-27T12:45:00+09:00,,A9면,
이데일리,naver_paper,,"KB금융, 올해 AI 관련 혁신금융 21건 지정…이재근호 AX 가속",,https://n.news.naver.com/mnews/article/018/0006375976,2026-09-27T16:23:00+09:00,,A9면,
이데일리,naver_paper,,리스크 관리·노후수입 한번에…주목받는 보증형 실적 배당보험,,https://n.news.naver.com/mnews/article/018/0006375857,2026-09-27T11:24:00+09:00,,A9면,
이데일리,naver_paper,,"“미·중 안정, 한국엔 양날의 검”…AI·반도체 선택 압박은 여전",미국과 중국이 정상회담을 계기로 갈등의 수위를 낮춘 것은 양국 사이에 낀 한국에 당장의 부담을 덜어주는 요인이다. 하지만 미중의 전략경쟁 자체가 완화된 것은 …,https://n.news.naver.com/mnews/article/018/0006375958,2026-09-27T15:30:00+09:00,,A10면,
이데일리,naver_paper,,“트럼프는 변하지 않는다…韓 등 동맹 자체 역량 키워야”,,https://n.news.naver.com/mnews/article/018/0006375961,2026-09-27T15:37:00+09:00,,A10면,
이데일리,naver_paper,,"트럼프는 ‘중간선거’, 시진핑은 ‘대만’…미·중 회담의 정치적 셈법",,https://n.news.naver.com/mnews/article/018/0006375986,2026-09-27T17:06:00+09:00,,A10면,
이데일리,naver_paper,,미국도 홀딱 반한 투싼…신형으로 판매 질주 이어간다,현대자동차가 ‘디 올 뉴 투싼’을 앞세워 미국 SUV 시장 공략에 속도를 낸다. 미국은 현대차의 주요 시장 가운데 판매 규모가 가장 크다. 지난해 현대차 브랜 …,https://n.news.naver.com/mnews/article/018/0006375933,2026-09-27T14:50:00+09:00,,A12면,
이데일리,naver_paper,,"""육아하다 억대 성과급 놓칠라""…삼전닉스 엄빠들 계산기 돌리더니",,https://n.news.naver.com/mnews/article/018/0006375852,2026-09-27T11:02:00+09:00,,A12면,
이데일리,naver_paper,,"코트라, 멕시코서 韓우수상품 전시회..K컬처·소비재 확산 가속화",,https://n.news.naver.com/mnews/article/018/0006375899,2026-09-27T14:02:00+09:00,,A12면,
이데일리,naver_paper,,"삼성전자, 중남미 시장 공략…K컬처 팬덤에 ‘AI 연결 경험’ 선보여",,https://n.news.naver.com/mnews/article/018/0006375887,2026-09-27T13:02:00+09:00,,A12면,
이데일리,naver_paper,,"한화에어로, 경력직 채용 지침 사과…""불합리한 차별 개선할 것""",,https://n.news.naver.com/mnews/article/018/0006375935,2026-09-27T14:53:00+09:00,,A12면,
이데일리,naver_paper,,유가 담합·최고가격제 이중고…정유업계 “시장가 왜곡하는 강제 정책”,,https://n.news.naver.com/mnews/article/018/0006375919,2026-09-27T14:32:00+09:00,,A12면,
이데일리,naver_paper,,"조선·철강, 파업 장기화 경고등…추석 지나도 합의 난망",삼성중공업이 조선 ‘빅3사’ 중 가장 먼저 임금 및 단체협약 협상을 마무리한 가운데 노사간 갈등이 격화하고 있는 HD현대중공업과 한화오션의 임단협도 추석 이후 …,https://n.news.naver.com/mnews/article/018/0006375997,2026-09-27T18:02:00+09:00,,A13면,
이데일리,naver_paper,,"2세대 팰리세이드, 30만대 돌파 임박…하이브리드 통했다",,https://n.news.naver.com/mnews/article/018/0006375826,2026-09-27T09:56:00+09:00,,A13면,
이데일리,naver_paper,,"LG전자, 'AI데이터센터 냉각솔루션' 엔비디아 공식 파트너",,https://n.news.naver.com/mnews/article/018/0006375851,2026-09-27T11:02:00+09:00,,A13면,
이데일리,naver_paper,,4분기 경기 전망 반도체·화장품 '낙관'…내수·수출기업 기대감,,https://n.news.naver.com/mnews/article/018/0006375870,2026-09-27T12:02:00+09:00,,A13면,
이데일리,naver_paper,,"""AI시대, '사람 손길' 명품 된다…편의와 바꾼 '사고 외주화' 경고""",임일 연세대 AI미래혁신센터장(경영학과 교수)이 지난 21일 연세대 신촌캠퍼스에서 이데일리와 인터뷰를 하고 있다. (사진=한광범 기자) “AI 발전 속도가 많 …,https://n.news.naver.com/mnews/article/018/0006376079,2026-09-28T06:09:00+09:00,,A14면,
이데일리,naver_paper,,“해커는 비밀번호부터 안 훔친다”…당신 회사가 털리는 의외의 첫 단추,,https://n.news.naver.com/mnews/article/018/0006375770,2026-09-27T07:03:00+09:00,,A14면,
이데일리,naver_paper,,"KT 'AI 모델 자동 연결' 기술, 글로벌 벤치마크 2위",,https://n.news.naver.com/mnews/article/018/0006375812,2026-09-27T09:21:00+09:00,,A14면,
이데일리,naver_paper,,"허위조작정보법 시행 두 달…신고 1300건, 플랫폼 대응은 제각각",,https://n.news.naver.com/mnews/article/018/0006375787,2026-09-27T08:26:00+09:00,,A14면,
이데일리,naver_paper,,"[단독]""국내 첫 AI 공유오피스 만든다…일본 진출도 추진""",“인공지능(AI) 기업들이 원활하게 업무를 수행할 수 있도록 전력 시스템과 작업실을 갖춘 AI 특화 공유오피스 지점을 선보이겠습니다.” 김대일 패스트파이브 대 …,https://n.news.naver.com/mnews/article/018/0006375845,2026-09-27T10:58:00+09:00,,A16면,
이데일리,naver_paper,,"“Y존도 씻기만 하던 시대 끝”…여성청결제, ‘스킨케어’ 입는다",,https://n.news.naver.com/mnews/article/018/0006375879,2026-09-27T12:29:00+09:00,,A16면,
이데일리,naver_paper,,"""AI 시대 '디즈니'를 꿈꾼다""...레진코믹스 창립 멤버가 어린이 책에 뛰어든 이유",,https://n.news.naver.com/mnews/article/018/0006375877,2026-09-27T12:27:00+09:00,,A16면,
이데일리,naver_paper,,"코웨이, 울산 첫 백화점 매장 오픈...체험형 공간 확대",,https://n.news.naver.com/mnews/article/018/0006375889,2026-09-27T13:04:00+09:00,,A16면,
이데일리,naver_paper,,"“좋은 AI는 드러나지 않는다”…롯데百, MD는 숫자 넘어 ‘취향’ 본다",“최종 결정권은 언제나 현업 상품기획자(MD)에게 있습니다. 인공지능(AI)의 정체성은 대체자가 아닌 뛰어난 ‘코파일럿(Copilot)’이자 분석 도우미입니다 …,https://n.news.naver.com/mnews/article/018/0006376083,2026-09-28T06:52:00+09:00,,A18면,
이데일리,naver_paper,,"신라면, 멕시코 유통망 확 넓힌다…농심 ‘중남미 공략’ 속도",,https://n.news.naver.com/mnews/article/018/0006375835,2026-09-27T10:20:00+09:00,,A18면,
이데일리,naver_paper,,"""추석 할인 끝났습니다""…10월 '장바구니 폭탄' 온다",,https://n.news.naver.com/mnews/article/018/0006375973,2026-09-27T16:02:00+09:00,,A18면,
이데일리,naver_paper,,전세거래 급감하는 사이 월세 3배 는 중랑구…'서울 월세화' 축소판,최근 1년 사이 서울 중랑구에서 아파트 전세 거래건수가 급락하고 월세 거래는 급증해 눈길을 끈다. 대출 규제 등으로 전세가 줄어들면서 월세가 급증하는 형국인데 …,https://n.news.naver.com/mnews/article/018/0006376061,2026-09-28T05:10:00+09:00,,A19면,
이데일리,naver_paper,,"LH, 서리풀1지구 공급물량 더 늘린다…내년 3월 보상 추진",,https://n.news.naver.com/mnews/article/018/0006375798,2026-09-27T09:02:00+09:00,,A19면,
이데일리,naver_paper,,"기술 발굴 넘어 사업화까지…DL이앤씨, 전주기 기술협력 박차",,https://n.news.naver.com/mnews/article/018/0006375893,2026-09-27T13:32:00+09:00,,A19면,
이데일리,naver_paper,,추석 끝나자 3기 신도시 청약…계양·대장·왕숙 줄줄이 공급,,https://n.news.naver.com/mnews/article/018/0006375885,2026-09-27T13:02:00+09:00,,A19면,
이데일리,naver_paper,,"""삼전닉스 더 오를까?"" 주가 흔들 핵심 변수 3가지",인공지능(AI) 훈풍과 맞물려 증권가에서 이번 3분기 실적 추정치를 잇달아 상향 조정하면서 추석 연휴 이후 삼성전자(005930)와 SK하이닉스(000660) …,https://n.news.naver.com/mnews/article/018/0006375882,2026-09-27T12:50:00+09:00,,A20면,
이데일리,naver_paper,,“피스톤은 죽지 않는다…신사업 매출 1000억 키울 것”[코스닥人],,https://n.news.naver.com/mnews/article/018/0006375891,2026-09-27T13:27:00+09:00,,A20면,
이데일리,naver_paper,,정책 번복이 부른 ISA 촌극…결국 3년 타이머 다시 돌린다,,https://n.news.naver.com/mnews/article/018/0006375809,2026-09-27T09:16:00+09:00,,A20면,
이데일리,naver_paper,,美 국채금리·마이크론 실적 대기…연휴 뒤 코스피 향방 가를 변수는,,https://n.news.naver.com/mnews/article/018/0006376023,2026-09-27T21:02:00+09:00,,A20면,
이데일리,naver_paper,,"아재 게이머 3인방, 日 안방서 대역전극",[이데일리 스타in 이석무 기자] 마흔을 넘긴 아저씨들은 금메달을 위해 생활 습관부터 바꿨다. 새벽까지 게임을 하던 일상을 접고 아침 6시에 하루를 시작했다. …,https://n.news.naver.com/mnews/article/018/0006376047,2026-09-28T00:06:00+09:00,,A21면,
이데일리,naver_paper,,컨테이너 숙소에 버스 배차 실수까지…개막 7일 만에 고개 숙인 日 조직위,,https://n.news.naver.com/mnews/article/018/0006376048,2026-09-28T00:12:00+09:00,,A21면,
이데일리,naver_paper,,유해란·박성현·김효주 총출동…10월 여자골프 ‘별들의 축제’,,https://n.news.naver.com/mnews/article/018/0006376049,2026-09-28T00:14:00+09:00,,A21면,
이데일리,naver_paper,,"""경쟁보단 함께 골프하는 가족이자 동료죠""",,https://n.news.naver.com/mnews/article/018/0006376050,2026-09-28T00:26:00+09:00,,A21면,
이데일리,naver_paper,,"""무대는 미니멀하게 풀고…카르멘 감정에 집중했어요""",“카르멘은 누군가에게 소유되지 않는 자유로운 사랑을 했던 솔직한 인물이에요. 그러나 카르멘이 잘못한 것처럼 살해당하죠. ‘과연 카르멘은 죽었어야 했을까’가 이 …,https://n.news.naver.com/mnews/article/018/0006376062,2026-09-28T05:12:00+09:00,,A22면,
이데일리,naver_paper,,영혼없는 칭찬은 귀에 남지 않는다[리더의 소통법],칭찬은 왜 하는가? 듣는 사람의 기분을 좋게 하기 위해서만은 아니다. 칭찬은 동기를 만들고 좋은 행동을 반복하게 하며 결국 그 사람의 성장으로 이어져야 한다. …,https://n.news.naver.com/mnews/article/018/0006376052,2026-09-28T05:01:00+09:00,,A24면,
이데일리,naver_paper,,[목멱칼럼]첨단 소재산업 전환 시급한 석화,,https://n.news.naver.com/mnews/article/018/0006376054,2026-09-28T05:02:00+09:00,,A24면,
이데일리,naver_paper,,'내 사람 욕심'에 발목잡힌 사법·검찰개혁[생생확대경],,https://n.news.naver.com/mnews/article/018/0006376065,2026-09-28T05:41:00+09:00,,A24면,
이데일리,naver_paper,,[기자수첩]미·중 정상회담 후 더 늘어난 불확실성,,https://n.news.naver.com/mnews/article/018/0006375964,2026-09-27T15:40:00+09:00,,A25면,
이데일리,naver_paper,,"도시정비사업, 기후적응을 품어야 한다[최종수의 기후이야기]",올여름 서울 일부 지역의 낮 최고기온은 39도를 넘어섰다. 잠시만 걸어도 아스팔트의 열기가 느껴졌고 그늘 없는 보행로에서는 신호등을 기다리는 몇 분조차 힘들었 …,https://n.news.naver.com/mnews/article/018/0006376056,2026-09-28T05:02:00+09:00,,A26면,
이데일리,naver_paper,,"갤럭시 Z8, 유럽 5개국서 ‘최고 폴더블’ 평가",,https://n.news.naver.com/mnews/article/018/0006375791,2026-09-27T08:36:00+09:00,,A26면,
이데일리,naver_paper,,"""글로 경험 쓰는 일, AI는 못하는 인간만의 역할""","“인공지능(AI)에게 없는 건 결국 몸입니다. 몸을 통한 경험과 질문하는 능력, 그것들을 쓰는 건 인간의 역할이라고 생각해요.” 문지혁 작가(사진=문지혁 작가 …",https://n.news.naver.com/mnews/article/018/0006376058,2026-09-28T05:02:00+09:00,,A26면,
이데일리,naver_paper,,"""다른 의견도 괜찮아""…카이스트 연구팀, 조직 확신 효과 규명",,https://n.news.naver.com/mnews/article/018/0006375868,2026-09-27T12:02:00+09:00,,A26면,
이데일리,naver_paper,,"LG유플, 화담숲에 IoT 기술 결합한 '생물종다양성정원' 조성",,https://n.news.naver.com/mnews/article/018/0006375800,2026-09-27T09:03:00+09:00,,A26면,
이데일리,naver_paper,,"우리벤처파트너스, 서울역 쪽방촌에 소화기 100대 기증",,https://n.news.naver.com/mnews/article/018/0006375968,2026-09-27T15:46:00+09:00,,A26면,
이데일리,naver_paper,,서울 지하철 38개 역에 기업명 병기…누적 수입 280억원,,https://n.news.naver.com/mnews/article/018/0006375805,2026-09-27T09:10:00+09:00,,A27면,
이데일리,naver_paper,,'국힘 397억 반환' 달린 尹 항소심 변론 종결…오세훈 결심도,,https://n.news.naver.com/mnews/article/018/0006375844,2026-09-27T10:55:00+09:00,,A27면,
이데일리,naver_paper,,"‘공룡경찰’ 코앞인데…총경 이상 징계, 7개월 만에 작년의 3배",,https://n.news.naver.com/mnews/article/018/0006375883,2026-09-27T12:56:00+09:00,,A27면,
이데일리,naver_paper,,갓성비 찾아 '오픈런'…PB매대로 직행했다,“코스트코에 오면 고기나 견과류 같은 건 커클랜드 제품부터 봐요. 가성비(가격 대비 성능)가 좋아 믿고 사는 것도 있어요.” 추석 연휴 전날인 23일 오전 1 …,https://n.news.naver.com/mnews/article/018/0006376067,2026-09-28T05:54:00+09:00,,A1면,
이데일리,naver_paper,,"서울 집값 '사실상' 86주 상승, 文정부 기록 깼다…규제 풍선효과 '데자뷰'",,https://n.news.naver.com/mnews/article/018/0006375999,2026-09-27T18:08:00+09:00,,A1면,
이데일리,naver_paper,,반토막 났는데 손절도 못해…삼전·닉스 ETF 덫에 갇힌 개미들,,https://n.news.naver.com/mnews/article/018/0006375962,2026-09-27T15:38:00+09:00,,A1면,
이데일리,naver_paper,,"[사설] AI 에이전트 ‘뮤즈’ 돌풍, 산업 파급 효과 주목해야",,https://n.news.naver.com/mnews/article/018/0006376055,2026-09-28T05:02:00+09:00,,A1면,
이데일리,naver_paper,,"[사설] 비급여 진료비 눈덩이, 페이백 등 이대로 둬선 안 돼",,https://n.news.naver.com/mnews/article/018/0006376057,2026-09-28T05:02:00+09:00,,A1면,
이데일리,naver_paper,,트럼프 깜짝회담·멕시코 세일즈…그 뒤엔 위성락 역할론,,https://n.news.naver.com/mnews/article/018/0006376043,2026-09-27T23:17:00+09:00,,A1면,
이데일리,naver_paper,,AI 인재 77% 국내에 남았다…KAIST 글로벌 3위,한국에서 학부를 졸업한 최상위 AI 연구자 10명 중 7명 이상이 현재 국내에서 활동하는 것으로 나타났다. KAIST는 이번 AI 연구자 소속기관 순위에서 3 …,https://n.news.naver.com/mnews/article/018/0006375839,2026-09-27T10:43:00+09:00,,A2면,
이데일리,naver_paper,,"최태원 AI 승부수…SK 솔리다임, 최대 200조 미 상장 가시화",,https://n.news.naver.com/mnews/article/018/0006375989,2026-09-27T17:16:00+09:00,,A2면,
이데일리,naver_paper,,"""어떤 제품 잘 팔릴지 예측 가능""…데이터 품은 PB, 新성장동력으로",컬리가 지난 2일 첫선을 보인 화장품 자체브랜드(PB) ‘듀에라’는 상품 기획 과정에서 분석한 고객 후기만 300만건에 달한다. 단순히 가격을 낮춘 상품 대신 …,https://n.news.naver.com/mnews/article/018/0006376068,2026-09-28T05:54:00+09:00,,A3면,
이데일리,naver_paper,,"""중소 제조사엔 기회, R&D 차별화로 프리미엄에 집중을""",,https://n.news.naver.com/mnews/article/018/0006376066,2026-09-28T05:53:00+09:00,,A3면,
이데일리,naver_paper,,삼전·닉스 한자릿수 떨어질 때…레버리지 ETF는 반토막 났다,"삼성전자(005930)와 SK하이닉스(000660)의 단일종목 레버리지 ETF(상장지수펀드)가 27일 상장 4개월을 맞이한 가운데, 본주(기초자산)와의 수익률 …",https://n.news.naver.com/mnews/article/018/0006375963,2026-09-27T15:39:00+09:00,,A4면,
이데일리,naver_paper,,"文정부 '저금리', 現 '공급부족'…쏟아낸 규제까지 역대 최장 '불장'",,https://n.news.naver.com/mnews/article/018/0006376000,2026-09-27T18:08:00+09:00,,A4면,
이데일리,naver_paper,,‘DMZ 폭발 늑장 대응’ 與도 쓴소리…‘북한 지뢰’ 여부 최대 쟁점,,https://n.news.naver.com/mnews/article/018/0006375940,2026-09-27T14:59:00+09:00,,A4면,
이데일리,naver_paper,,갈아타면 싸진다더니…가계대출 조이자 대환 금리 역전(종합),,https://n.news.naver.com/mnews/article/018/0006375934,2026-09-27T14:51:00+09:00,,A4면,
이데일리,naver_paper,,핵잠부터 멕시코 FTA 가능성까지 판 넓힌 李…후속협상 관건,"이재명 대통령이 미국·멕시코 순방을 통해 한미 안보 현안과 한·멕시코 경제협력의 범위를 넓혔다. 핵추진잠수함과 사용후핵연료, 전시작전통제권 문제를 정상 테이블 …",https://n.news.naver.com/mnews/article/018/0006376041,2026-09-27T23:02:00+09:00,,A5면,
이데일리,naver_paper,,미중 회담서 빠진 반도체 합의…K메모리 '안도 반 긴장 반',,https://n.news.naver.com/mnews/article/018/0006375988,2026-09-27T17:13:00+09:00,,A5면,
이데일리,naver_paper,,“中이 더 강해졌다”…트럼프 환대 속 달라진 미·중 힘의 균형,,https://n.news.naver.com/mnews/article/018/0006375957,2026-09-27T15:28:00+09:00,,A5면,
이데일리,naver_paper,,“살림살이 팍팍” 한목소리…與 “민생입법” 野 “정책 대전환”,박성준(왼쪽) 더불어민주당 수석대변인과 권칠승 정책위의장이 27일 추석 민심 기자간담회에서 발언하고 있다. (사진=노진환 기자) 여야가 추석 밥상에서 확인한 …,https://n.news.naver.com/mnews/article/018/0006375970,2026-09-27T15:54:00+09:00,,A6면,
이데일리,naver_paper,,‘北포로 한국 송환 공개’ 놓고 진실 공방,,https://n.news.naver.com/mnews/article/018/0006375914,2026-09-27T14:22:00+09:00,,A6면,
이데일리,naver_paper,,"한동훈, 멈추지 않는 ‘독자전’…복잡해지는 복당 방정식",,https://n.news.naver.com/mnews/article/018/0006375980,2026-09-27T16:36:00+09:00,,A6면,
이데일리,naver_paper,,‘단단한’ 조국당의 자강론…민주당의 범여권 대통합 난항,,https://n.news.naver.com/mnews/article/018/0006375955,2026-09-27T15:25:00+09:00,,A6면,
이데일리,naver_paper,,“물가 2%대 후반으로 내려오겠지만…이른 추석·고유가가 복병”,지난달 3%대로 뛰었던 소비자물가 상승률이 9월에는 다시 2%대 후반으로 내려올 전망이다. 하지만 물가가 본격적인 안정 국면에 들어섰다고 보기는 어렵다는 게 …,https://n.news.naver.com/mnews/article/018/0006376051,2026-09-28T04:56:00+09:00,,A8면,
이데일리,naver_paper,,"26.8조 성인지예산, 성차별 해소 검증은 ‘깜깜’",,https://n.news.naver.com/mnews/article/018/0006376053,2026-09-28T05:02:00+09:00,,A8면,
이데일리,naver_paper,,"“유커는 큰 손” 옛말, 면세점 지출 5년새 ‘반토막’…한국인이 메웠다",,https://n.news.naver.com/mnews/article/018/0006376060,2026-09-28T05:03:00+09:00,,A8면,
이데일리,naver_paper,,정기예금 금리 3.7%까지…증시 떠난 돈 은행으로,시장금리 상승과 증시 부진이 맞물리면서 시중자금이 은행으로 이동하는 ‘역머니무브’가 빨라지고 있다. 은행들은 정기예금 금리를 연 3%대 중후반까지 잇달아 올리 …,https://n.news.naver.com/mnews/article/018/0006375807,2026-09-27T09:13:00+09:00,,A9면,
이데일리,naver_paper,,산업은행 장애인 10명 추가 채용…의무고용률 미달은 여전,,https://n.news.naver.com/mnews/article/018/0006375880,2026-09-27T12:45:00+09:00,,A9면,
이데일리,naver_paper,,"KB금융, 올해 AI 관련 혁신금융 21건 지정…이재근호 AX 가속",,https://n.news.naver.com/mnews/article/018/0006375976,2026-09-27T16:23:00+09:00,,A9면,
이데일리,naver_paper,,리스크 관리·노후수입 한번에…주목받는 보증형 실적 배당보험,,https://n.news.naver.com/mnews/article/018/0006375857,2026-09-27T11:24:00+09:00,,A9면,
이데일리,naver_paper,,"“미·중 안정, 한국엔 양날의 검”…AI·반도체 선택 압박은 여전",미국과 중국이 정상회담을 계기로 갈등의 수위를 낮춘 것은 양국 사이에 낀 한국에 당장의 부담을 덜어주는 요인이다. 하지만 미중의 전략경쟁 자체가 완화된 것은 …,https://n.news.naver.com/mnews/article/018/0006375958,2026-09-27T15:30:00+09:00,,A10면,
이데일리,naver_paper,,“트럼프는 변하지 않는다…韓 등 동맹 자체 역량 키워야”,,https://n.news.naver.com/mnews/article/018/0006375961,2026-09-27T15:37:00+09:00,,A10면,
이데일리,naver_paper,,"트럼프는 ‘중간선거’, 시진핑은 ‘대만’…미·중 회담의 정치적 셈법",,https://n.news.naver.com/mnews/article/018/0006375986,2026-09-27T17:06:00+09:00,,A10면,
이데일리,naver_paper,,갓성비 찾아 '오픈런'…PB매대로 직행했다,“코스트코에 오면 고기나 견과류 같은 건 커클랜드 제품부터 봐요. 가성비(가격 대비 성능)가 좋아 믿고 사는 것도 있어요.” 추석 연휴 전날인 23일 오전 1 …,https://n.news.naver.com/mnews/article/018/0006376067,2026-09-28T05:54:00+09:00,,A1면,
이데일리,naver_paper,,"서울 집값 '사실상' 86주 상승, 文정부 기록 깼다…규제 풍선효과 '데자뷰'",,https://n.news.naver.com/mnews/article/018/0006375999,2026-09-27T18:08:00+09:00,,A1면,
이데일리,naver_paper,,반토막 났는데 손절도 못해…삼전·닉스 ETF 덫에 갇힌 개미들,,https://n.news.naver.com/mnews/article/018/0006375962,2026-09-27T15:38:00+09:00,,A1면,
이데일리,naver_paper,,"[사설] AI 에이전트 ‘뮤즈’ 돌풍, 산업 파급 효과 주목해야",,https://n.news.naver.com/mnews/article/018/0006376055,2026-09-28T05:02:00+09:00,,A1면,
이데일리,naver_paper,,"[사설] 비급여 진료비 눈덩이, 페이백 등 이대로 둬선 안 돼",,https://n.news.naver.com/mnews/article/018/0006376057,2026-09-28T05:02:00+09:00,,A1면,
이데일리,naver_paper,,트럼프 깜짝회담·멕시코 세일즈…그 뒤엔 위성락 역할론,,https://n.news.naver.com/mnews/article/018/0006376043,2026-09-27T23:17:00+09:00,,A1면,
이데일리,naver_paper,,AI 인재 77% 국내에 남았다…KAIST 글로벌 3위,한국에서 학부를 졸업한 최상위 AI 연구자 10명 중 7명 이상이 현재 국내에서 활동하는 것으로 나타났다. KAIST는 이번 AI 연구자 소속기관 순위에서 3 …,https://n.news.naver.com/mnews/article/018/0006375839,2026-09-27T10:43:00+09:00,,A2면,
이데일리,naver_paper,,"최태원 AI 승부수…SK 솔리다임, 최대 200조 미 상장 가시화",,https://n.news.naver.com/mnews/article/018/0006375989,2026-09-27T17:16:00+09:00,,A2면,
이데일리,naver_paper,,"""어떤 제품 잘 팔릴지 예측 가능""…데이터 품은 PB, 新성장동력으로",컬리가 지난 2일 첫선을 보인 화장품 자체브랜드(PB) ‘듀에라’는 상품 기획 과정에서 분석한 고객 후기만 300만건에 달한다. 단순히 가격을 낮춘 상품 대신 …,https://n.news.naver.com/mnews/article/018/0006376068,2026-09-28T05:54:00+09:00,,A3면,
이데일리,naver_paper,,"""중소 제조사엔 기회, R&D 차별화로 프리미엄에 집중을""",,https://n.news.naver.com/mnews/article/018/0006376066,2026-09-28T05:53:00+09:00,,A3면,
이데일리,naver_paper,,삼전·닉스 한자릿수 떨어질 때…레버리지 ETF는 반토막 났다,"삼성전자(005930)와 SK하이닉스(000660)의 단일종목 레버리지 ETF(상장지수펀드)가 27일 상장 4개월을 맞이한 가운데, 본주(기초자산)와의 수익률 …",https://n.news.naver.com/mnews/article/018/0006375963,2026-09-27T15:39:00+09:00,,A4면,
이데일리,naver_paper,,"文정부 '저금리', 現 '공급부족'…쏟아낸 규제까지 역대 최장 '불장'",,https://n.news.naver.com/mnews/article/018/0006376000,2026-09-27T18:08:00+09:00,,A4면,
이데일리,naver_paper,,‘DMZ 폭발 늑장 대응’ 與도 쓴소리…‘북한 지뢰’ 여부 최대 쟁점,,https://n.news.naver.com/mnews/article/018/0006375940,2026-09-27T14:59:00+09:00,,A4면,
이데일리,naver_paper,,갈아타면 싸진다더니…가계대출 조이자 대환 금리 역전(종합),,https://n.news.naver.com/mnews/article/018/0006375934,2026-09-27T14:51:00+09:00,,A4면,
이데일리,naver_paper,,핵잠부터 멕시코 FTA 가능성까지 판 넓힌 李…후속협상 관건,"이재명 대통령이 미국·멕시코 순방을 통해 한미 안보 현안과 한·멕시코 경제협력의 범위를 넓혔다. 핵추진잠수함과 사용후핵연료, 전시작전통제권 문제를 정상 테이블 …",https://n.news.naver.com/mnews/article/018/0006376041,2026-09-27T23:02:00+09:00,,A5면,
이데일리,naver_paper,,미중 회담서 빠진 반도체 합의…K메모리 '안도 반 긴장 반',,https://n.news.naver.com/mnews/article/018/0006375988,2026-09-27T17:13:00+09:00,,A5면,
이데일리,naver_paper,,“中이 더 강해졌다”…트럼프 환대 속 달라진 미·중 힘의 균형,,https://n.news.naver.com/mnews/article/018/0006375957,2026-09-27T15:28:00+09:00,,A5면,
이데일리,naver_paper,,“살림살이 팍팍” 한목소리…與 “민생입법” 野 “정책 대전환”,박성준(왼쪽) 더불어민주당 수석대변인과 권칠승 정책위의장이 27일 추석 민심 기자간담회에서 발언하고 있다. (사진=노진환 기자) 여야가 추석 밥상에서 확인한 …,https://n.news.naver.com/mnews/article/018/0006375970,2026-09-27T15:54:00+09:00,,A6면,
이데일리,naver_paper,,‘北포로 한국 송환 공개’ 놓고 진실 공방,,https://n.news.naver.com/mnews/article/018/0006375914,2026-09-27T14:22:00+09:00,,A6면,
이데일리,naver_paper,,"한동훈, 멈추지 않는 ‘독자전’…복잡해지는 복당 방정식",,https://n.news.naver.com/mnews/article/018/0006375980,2026-09-27T16:36:00+09:00,,A6면,
이데일리,naver_paper,,‘단단한’ 조국당의 자강론…민주당의 범여권 대통합 난항,,https://n.news.naver.com/mnews/article/018/0006375955,2026-09-27T15:25:00+09:00,,A6면,
이데일리,naver_paper,,“물가 2%대 후반으로 내려오겠지만…이른 추석·고유가가 복병”,지난달 3%대로 뛰었던 소비자물가 상승률이 9월에는 다시 2%대 후반으로 내려올 전망이다. 하지만 물가가 본격적인 안정 국면에 들어섰다고 보기는 어렵다는 게 …,https://n.news.naver.com/mnews/article/018/0006376051,2026-09-28T04:56:00+09:00,,A8면,
이데일리,naver_paper,,"26.8조 성인지예산, 성차별 해소 검증은 ‘깜깜’",,https://n.news.naver.com/mnews/article/018/0006376053,2026-09-28T05:02:00+09:00,,A8면,
이데일리,naver_paper,,"“유커는 큰 손” 옛말, 면세점 지출 5년새 ‘반토막’…한국인이 메웠다",,https://n.news.naver.com/mnews/article/018/0006376060,2026-09-28T05:03:00+09:00,,A8면,
이데일리,naver_paper,,정기예금 금리 3.7%까지…증시 떠난 돈 은행으로,시장금리 상승과 증시 부진이 맞물리면서 시중자금이 은행으로 이동하는 ‘역머니무브’가 빨라지고 있다. 은행들은 정기예금 금리를 연 3%대 중후반까지 잇달아 올리 …,https://n.news.naver.com/mnews/article/018/0006375807,2026-09-27T09:13:00+09:00,,A9면,
이데일리,naver_paper,,산업은행 장애인 10명 추가 채용…의무고용률 미달은 여전,,https://n.news.naver.com/mnews/article/018/0006375880,2026-09-27T12:45:00+09:00,,A9면,
이데일리,naver_paper,,"KB금융, 올해 AI 관련 혁신금융 21건 지정…이재근호 AX 가속",,https://n.news.naver.com/mnews/article/018/0006375976,2026-09-27T16:23:00+09:00,,A9면,
이데일리,naver_paper,,리스크 관리·노후수입 한번에…주목받는 보증형 실적 배당보험,,https://n.news.naver.com/mnews/article/018/0006375857,2026-09-27T11:24:00+09:00,,A9면,
이데일리,naver_paper,,"“미·중 안정, 한국엔 양날의 검”…AI·반도체 선택 압박은 여전",미국과 중국이 정상회담을 계기로 갈등의 수위를 낮춘 것은 양국 사이에 낀 한국에 당장의 부담을 덜어주는 요인이다. 하지만 미중의 전략경쟁 자체가 완화된 것은 …,https://n.news.naver.com/mnews/article/018/0006375958,2026-09-27T15:30:00+09:00,,A10면,
이데일리,naver_paper,,“트럼프는 변하지 않는다…韓 등 동맹 자체 역량 키워야”,,https://n.news.naver.com/mnews/article/018/0006375961,2026-09-27T15:37:00+09:00,,A10면,
이데일리,naver_paper,,"트럼프는 ‘중간선거’, 시진핑은 ‘대만’…미·중 회담의 정치적 셈법",,https://n.news.naver.com/mnews/article/018/0006375986,2026-09-27T17:06:00+09:00,,A10면,
이데일리,naver_paper,,갓성비 찾아 '오픈런'…PB매대로 직행했다,“코스트코에 오면 고기나 견과류 같은 건 커클랜드 제품부터 봐요. 가성비(가격 대비 성능)가 좋아 믿고 사는 것도 있어요.” 추석 연휴 전날인 23일 오전 1 …,https://n.news.naver.com/mnews/article/018/0006376067,2026-09-28T05:54:00+09:00,,A1면,
이데일리,naver_paper,,"서울 집값 '사실상' 86주 상승, 文정부 기록 깼다…규제 풍선효과 '데자뷰'",,https://n.news.naver.com/mnews/article/018/0006375999,2026-09-27T18:08:00+09:00,,A1면,
이데일리,naver_paper,,반토막 났는데 손절도 못해…삼전·닉스 ETF 덫에 갇힌 개미들,,https://n.news.naver.com/mnews/article/018/0006375962,2026-09-27T15:38:00+09:00,,A1면,
이데일리,naver_paper,,"[사설] AI 에이전트 ‘뮤즈’ 돌풍, 산업 파급 효과 주목해야",,https://n.news.naver.com/mnews/article/018/0006376055,2026-09-28T05:02:00+09:00,,A1면,
이데일리,naver_paper,,"[사설] 비급여 진료비 눈덩이, 페이백 등 이대로 둬선 안 돼",,https://n.news.naver.com/mnews/article/018/0006376057,2026-09-28T05:02:00+09:00,,A1면,
이데일리,naver_paper,,트럼프 깜짝회담·멕시코 세일즈…그 뒤엔 위성락 역할론,,https://n.news.naver.com/mnews/article/018/0006376043,2026-09-27T23:17:00+09:00,,A1면,
이데일리,naver_paper,,AI 인재 77% 국내에 남았다…KAIST 글로벌 3위,한국에서 학부를 졸업한 최상위 AI 연구자 10명 중 7명 이상이 현재 국내에서 활동하는 것으로 나타났다. KAIST는 이번 AI 연구자 소속기관 순위에서 3 …,https://n.news.naver.com/mnews/article/018/0006375839,2026-09-27T10:43:00+09:00,,A2면,
이데일리,naver_paper,,"최태원 AI 승부수…SK 솔리다임, 최대 200조 미 상장 가시화",,https://n.news.naver.com/mnews/article/018/0006375989,2026-09-27T17:16:00+09:00,,A2면,
이데일리,naver_paper,,"""어떤 제품 잘 팔릴지 예측 가능""…데이터 품은 PB, 新성장동력으로",컬리가 지난 2일 첫선을 보인 화장품 자체브랜드(PB) ‘듀에라’는 상품 기획 과정에서 분석한 고객 후기만 300만건에 달한다. 단순히 가격을 낮춘 상품 대신 …,https://n.news.naver.com/mnews/article/018/0006376068,2026-09-28T05:54:00+09:00,,A3면,
이데일리,naver_paper,,"""중소 제조사엔 기회, R&D 차별화로 프리미엄에 집중을""",,https://n.news.naver.com/mnews/article/018/0006376066,2026-09-28T05:53:00+09:00,,A3면,
이데일리,naver_paper,,삼전·닉스 한자릿수 떨어질 때…레버리지 ETF는 반토막 났다,"삼성전자(005930)와 SK하이닉스(000660)의 단일종목 레버리지 ETF(상장지수펀드)가 27일 상장 4개월을 맞이한 가운데, 본주(기초자산)와의 수익률 …",https://n.news.naver.com/mnews/article/018/0006375963,2026-09-27T15:39:00+09:00,,A4면,
이데일리,naver_paper,,"文정부 '저금리', 現 '공급부족'…쏟아낸 규제까지 역대 최장 '불장'",,https://n.news.naver.com/mnews/article/018/0006376000,2026-09-27T18:08:00+09:00,,A4면,
이데일리,naver_paper,,‘DMZ 폭발 늑장 대응’ 與도 쓴소리…‘북한 지뢰’ 여부 최대 쟁점,,https://n.news.naver.com/mnews/article/018/0006375940,2026-09-27T14:59:00+09:00,,A4면,
이데일리,naver_paper,,갈아타면 싸진다더니…가계대출 조이자 대환 금리 역전(종합),,https://n.news.naver.com/mnews/article/018/0006375934,2026-09-27T14:51:00+09:00,,A4면,
이데일리,naver_paper,,핵잠부터 멕시코 FTA 가능성까지 판 넓힌 李…후속협상 관건,"이재명 대통령이 미국·멕시코 순방을 통해 한미 안보 현안과 한·멕시코 경제협력의 범위를 넓혔다. 핵추진잠수함과 사용후핵연료, 전시작전통제권 문제를 정상 테이블 …",https://n.news.naver.com/mnews/article/018/0006376041,2026-09-27T23:02:00+09:00,,A5면,
이데일리,naver_paper,,미중 회담서 빠진 반도체 합의…K메모리 '안도 반 긴장 반',,https://n.news.naver.com/mnews/article/018/0006375988,2026-09-27T17:13:00+09:00,,A5면,
이데일리,naver_paper,,“中이 더 강해졌다”…트럼프 환대 속 달라진 미·중 힘의 균형,,https://n.news.naver.com/mnews/article/018/0006375957,2026-09-27T15:28:00+09:00,,A5면,
이데일리,naver_paper,,“살림살이 팍팍” 한목소리…與 “민생입법” 野 “정책 대전환”,박성준(왼쪽) 더불어민주당 수석대변인과 권칠승 정책위의장이 27일 추석 민심 기자간담회에서 발언하고 있다. (사진=노진환 기자) 여야가 추석 밥상에서 확인한 …,https://n.news.naver.com/mnews/article/018/0006375970,2026-09-27T15:54:00+09:00,,A6면,
이데일리,naver_paper,,‘北포로 한국 송환 공개’ 놓고 진실 공방,,https://n.news.naver.com/mnews/article/018/0006375914,2026-09-27T14:22:00+09:00,,A6면,
이데일리,naver_paper,,"한동훈, 멈추지 않는 ‘독자전’…복잡해지는 복당 방정식",,https://n.news.naver.com/mnews/article/018/0006375980,2026-09-27T16:36:00+09:00,,A6면,
이데일리,naver_paper,,‘단단한’ 조국당의 자강론…민주당의 범여권 대통합 난항,,https://n.news.naver.com/mnews/article/018/0006375955,2026-09-27T15:25:00+09:00,,A6면,
이데일리,naver_paper,,“물가 2%대 후반으로 내려오겠지만…이른 추석·고유가가 복병”,지난달 3%대로 뛰었던 소비자물가 상승률이 9월에는 다시 2%대 후반으로 내려올 전망이다. 하지만 물가가 본격적인 안정 국면에 들어섰다고 보기는 어렵다는 게 …,https://n.news.naver.com/mnews/article/018/0006376051,2026-09-28T04:56:00+09:00,,A8면,
이데일리,naver_paper,,"26.8조 성인지예산, 성차별 해소 검증은 ‘깜깜’",,https://n.news.naver.com/mnews/article/018/0006376053,2026-09-28T05:02:00+09:00,,A8면,
이데일리,naver_paper,,"“유커는 큰 손” 옛말, 면세점 지출 5년새 ‘반토막’…한국인이 메웠다",,https://n.news.naver.com/mnews/article/018/0006376060,2026-09-28T05:03:00+09:00,,A8면,
이데일리,naver_paper,,정기예금 금리 3.7%까지…증시 떠난 돈 은행으로,시장금리 상승과 증시 부진이 맞물리면서 시중자금이 은행으로 이동하는 ‘역머니무브’가 빨라지고 있다. 은행들은 정기예금 금리를 연 3%대 중후반까지 잇달아 올리 …,https://n.news.naver.com/mnews/article/018/0006375807,2026-09-27T09:13:00+09:00,,A9면,
이데일리,naver_paper,,산업은행 장애인 10명 추가 채용…의무고용률 미달은 여전,,https://n.news.naver.com/mnews/article/018/0006375880,2026-09-27T12:45:00+09:00,,A9면,
이데일리,naver_paper,,"KB금융, 올해 AI 관련 혁신금융 21건 지정…이재근호 AX 가속",,https://n.news.naver.com/mnews/article/018/0006375976,2026-09-27T16:23:00+09:00,,A9면,
이데일리,naver_paper,,리스크 관리·노후수입 한번에…주목받는 보증형 실적 배당보험,,https://n.news.naver.com/mnews/article/018/0006375857,2026-09-27T11:24:00+09:00,,A9면,
이데일리,naver_paper,,"“미·중 안정, 한국엔 양날의 검”…AI·반도체 선택 압박은 여전",미국과 중국이 정상회담을 계기로 갈등의 수위를 낮춘 것은 양국 사이에 낀 한국에 당장의 부담을 덜어주는 요인이다. 하지만 미중의 전략경쟁 자체가 완화된 것은 …,https://n.news.naver.com/mnews/article/018/0006375958,2026-09-27T15:30:00+09:00,,A10면,
이데일리,naver_paper,,“트럼프는 변하지 않는다…韓 등 동맹 자체 역량 키워야”,,https://n.news.naver.com/mnews/article/018/0006375961,2026-09-27T15:37:00+09:00,,A10면,
이데일리,naver_paper,,"트럼프는 ‘중간선거’, 시진핑은 ‘대만’…미·중 회담의 정치적 셈법",,https://n.news.naver.com/mnews/article/018/0006375986,2026-09-27T17:06:00+09:00,,A10면,
이데일리,naver_paper,,갓성비 찾아 '오픈런'…PB매대로 직행했다,“코스트코에 오면 고기나 견과류 같은 건 커클랜드 제품부터 봐요. 가성비(가격 대비 성능)가 좋아 믿고 사는 것도 있어요.” 추석 연휴 전날인 23일 오전 1 …,https://n.news.naver.com/mnews/article/018/0006376067,2026-09-28T05:54:00+09:00,,A1면,
이데일리,naver_paper,,"서울 집값 '사실상' 86주 상승, 文정부 기록 깼다…규제 풍선효과 '데자뷰'",,https://n.news.naver.com/mnews/article/018/0006375999,2026-09-27T18:08:00+09:00,,A1면,
이데일리,naver_paper,,반토막 났는데 손절도 못해…삼전·닉스 ETF 덫에 갇힌 개미들,,https://n.news.naver.com/mnews/article/018/0006375962,2026-09-27T15:38:00+09:00,,A1면,
이데일리,naver_paper,,"[사설] AI 에이전트 ‘뮤즈’ 돌풍, 산업 파급 효과 주목해야",,https://n.news.naver.com/mnews/article/018/0006376055,2026-09-28T05:02:00+09:00,,A1면,
이데일리,naver_paper,,"[사설] 비급여 진료비 눈덩이, 페이백 등 이대로 둬선 안 돼",,https://n.news.naver.com/mnews/article/018/0006376057,2026-09-28T05:02:00+09:00,,A1면,
이데일리,naver_paper,,트럼프 깜짝회담·멕시코 세일즈…그 뒤엔 위성락 역할론,,https://n.news.naver.com/mnews/article/018/0006376043,2026-09-27T23:17:00+09:00,,A1면,
이데일리,naver_paper,,AI 인재 77% 국내에 남았다…KAIST 글로벌 3위,한국에서 학부를 졸업한 최상위 AI 연구자 10명 중 7명 이상이 현재 국내에서 활동하는 것으로 나타났다. KAIST는 이번 AI 연구자 소속기관 순위에서 3 …,https://n.news.naver.com/mnews/article/018/0006375839,2026-09-27T10:43:00+09:00,,A2면,
이데일리,naver_paper,,"최태원 AI 승부수…SK 솔리다임, 최대 200조 미 상장 가시화",,https://n.news.naver.com/mnews/article/018/0006375989,2026-09-27T17:16:00+09:00,,A2면,
이데일리,naver_paper,,"""어떤 제품 잘 팔릴지 예측 가능""…데이터 품은 PB, 新성장동력으로",컬리가 지난 2일 첫선을 보인 화장품 자체브랜드(PB) ‘듀에라’는 상품 기획 과정에서 분석한 고객 후기만 300만건에 달한다. 단순히 가격을 낮춘 상품 대신 …,https://n.news.naver.com/mnews/article/018/0006376068,2026-09-28T05:54:00+09:00,,A3면,
이데일리,naver_paper,,"""중소 제조사엔 기회, R&D 차별화로 프리미엄에 집중을""",,https://n.news.naver.com/mnews/article/018/0006376066,2026-09-28T05:53:00+09:00,,A3면,
이데일리,naver_paper,,삼전·닉스 한자릿수 떨어질 때…레버리지 ETF는 반토막 났다,"삼성전자(005930)와 SK하이닉스(000660)의 단일종목 레버리지 ETF(상장지수펀드)가 27일 상장 4개월을 맞이한 가운데, 본주(기초자산)와의 수익률 …",https://n.news.naver.com/mnews/article/018/0006375963,2026-09-27T15:39:00+09:00,,A4면,
이데일리,naver_paper,,"文정부 '저금리', 現 '공급부족'…쏟아낸 규제까지 역대 최장 '불장'",,https://n.news.naver.com/mnews/article/018/0006376000,2026-09-27T18:08:00+09:00,,A4면,
이데일리,naver_paper,,‘DMZ 폭발 늑장 대응’ 與도 쓴소리…‘북한 지뢰’ 여부 최대 쟁점,,https://n.news.naver.com/mnews/article/018/0006375940,2026-09-27T14:59:00+09:00,,A4면,
이데일리,naver_paper,,갈아타면 싸진다더니…가계대출 조이자 대환 금리 역전(종합),,https://n.news.naver.com/mnews/article/018/0006375934,2026-09-27T14:51:00+09:00,,A4면,
이데일리,naver_paper,,핵잠부터 멕시코 FTA 가능성까지 판 넓힌 李…후속협상 관건,"이재명 대통령이 미국·멕시코 순방을 통해 한미 안보 현안과 한·멕시코 경제협력의 범위를 넓혔다. 핵추진잠수함과 사용후핵연료, 전시작전통제권 문제를 정상 테이블 …",https://n.news.naver.com/mnews/article/018/0006376041,2026-09-27T23:02:00+09:00,,A5면,
이데일리,naver_paper,,미중 회담서 빠진 반도체 합의…K메모리 '안도 반 긴장 반',,https://n.news.naver.com/mnews/article/018/0006375988,2026-09-27T17:13:00+09:00,,A5면,
이데일리,naver_paper,,“中이 더 강해졌다”…트럼프 환대 속 달라진 미·중 힘의 균형,,https://n.news.naver.com/mnews/article/018/0006375957,2026-09-27T15:28:00+09:00,,A5면,
이데일리,naver_paper,,“살림살이 팍팍” 한목소리…與 “민생입법” 野 “정책 대전환”,박성준(왼쪽) 더불어민주당 수석대변인과 권칠승 정책위의장이 27일 추석 민심 기자간담회에서 발언하고 있다. (사진=노진환 기자) 여야가 추석 밥상에서 확인한 …,https://n.news.naver.com/mnews/article/018/0006375970,2026-09-27T15:54:00+09:00,,A6면,
이데일리,naver_paper,,‘北포로 한국 송환 공개’ 놓고 진실 공방,,https://n.news.naver.com/mnews/article/018/0006375914,2026-09-27T14:22:00+09:00,,A6면,
이데일리,naver_paper,,"한동훈, 멈추지 않는 ‘독자전’…복잡해지는 복당 방정식",,https://n.news.naver.com/mnews/article/018/0006375980,2026-09-27T16:36:00+09:00,,A6면,
이데일리,naver_paper,,‘단단한’ 조국당의 자강론…민주당의 범여권 대통합 난항,,https://n.news.naver.com/mnews/article/018/0006375955,2026-09-27T15:25:00+09:00,,A6면,
이데일리,naver_paper,,“물가 2%대 후반으로 내려오겠지만…이른 추석·고유가가 복병”,지난달 3%대로 뛰었던 소비자물가 상승률이 9월에는 다시 2%대 후반으로 내려올 전망이다. 하지만 물가가 본격적인 안정 국면에 들어섰다고 보기는 어렵다는 게 …,https://n.news.naver.com/mnews/article/018/0006376051,2026-09-28T04:56:00+09:00,,A8면,
이데일리,naver_paper,,"26.8조 성인지예산, 성차별 해소 검증은 ‘깜깜’",,https://n.news.naver.com/mnews/article/018/0006376053,2026-09-28T05:02:00+09:00,,A8면,
이데일리,naver_paper,,"“유커는 큰 손” 옛말, 면세점 지출 5년새 ‘반토막’…한국인이 메웠다",,https://n.news.naver.com/mnews/article/018/0006376060,2026-09-28T05:03:00+09:00,,A8면,
이데일리,naver_paper,,정기예금 금리 3.7%까지…증시 떠난 돈 은행으로,시장금리 상승과 증시 부진이 맞물리면서 시중자금이 은행으로 이동하는 ‘역머니무브’가 빨라지고 있다. 은행들은 정기예금 금리를 연 3%대 중후반까지 잇달아 올리 …,https://n.news.naver.com/mnews/article/018/0006375807,2026-09-27T09:13:00+09:00,,A9면,
이데일리,naver_paper,,산업은행 장애인 10명 추가 채용…의무고용률 미달은 여전,,https://n.news.naver.com/mnews/article/018/0006375880,2026-09-27T12:45:00+09:00,,A9면,
이데일리,naver_paper,,"KB금융, 올해 AI 관련 혁신금융 21건 지정…이재근호 AX 가속",,https://n.news.naver.com/mnews/article/018/0006375976,2026-09-27T16:23:00+09:00,,A9면,
이데일리,naver_paper,,리스크 관리·노후수입 한번에…주목받는 보증형 실적 배당보험,,https://n.news.naver.com/mnews/article/018/0006375857,2026-09-27T11:24:00+09:00,,A9면,
이데일리,naver_paper,,"“미·중 안정, 한국엔 양날의 검”…AI·반도체 선택 압박은 여전",미국과 중국이 정상회담을 계기로 갈등의 수위를 낮춘 것은 양국 사이에 낀 한국에 당장의 부담을 덜어주는 요인이다. 하지만 미중의 전략경쟁 자체가 완화된 것은 …,https://n.news.naver.com/mnews/article/018/0006375958,2026-09-27T15:30:00+09:00,,A10면,
이데일리,naver_paper,,“트럼프는 변하지 않는다…韓 등 동맹 자체 역량 키워야”,,https://n.news.naver.com/mnews/article/018/0006375961,2026-09-27T15:37:00+09:00,,A10면,
이데일리,naver_paper,,"트럼프는 ‘중간선거’, 시진핑은 ‘대만’…미·중 회담의 정치적 셈법",,https://n.news.naver.com/mnews/article/018/0006375986,2026-09-27T17:06:00+09:00,,A10면,
이데일리,naver_paper,,갓성비 찾아 '오픈런'…PB매대로 직행했다,“코스트코에 오면 고기나 견과류 같은 건 커클랜드 제품부터 봐요. 가성비(가격 대비 성능)가 좋아 믿고 사는 것도 있어요.” 추석 연휴 전날인 23일 오전 1 …,https://n.news.naver.com/mnews/article/018/0006376067,2026-09-28T05:54:00+09:00,,A1면,
이데일리,naver_paper,,"서울 집값 '사실상' 86주 상승, 文정부 기록 깼다…규제 풍선효과 '데자뷰'",,https://n.news.naver.com/mnews/article/018/0006375999,2026-09-27T18:08:00+09:00,,A1면,
이데일리,naver_paper,,반토막 났는데 손절도 못해…삼전·닉스 ETF 덫에 갇힌 개미들,,https://n.news.naver.com/mnews/article/018/0006375962,2026-09-27T15:38:00+09:00,,A1면,
이데일리,naver_paper,,"[사설] AI 에이전트 ‘뮤즈’ 돌풍, 산업 파급 효과 주목해야",,https://n.news.naver.com/mnews/article/018/0006376055,2026-09-28T05:02:00+09:00,,A1면,
이데일리,naver_paper,,"[사설] 비급여 진료비 눈덩이, 페이백 등 이대로 둬선 안 돼",,https://n.news.naver.com/mnews/article/018/0006376057,2026-09-28T05:02:00+09:00,,A1면,
이데일리,naver_paper,,트럼프 깜짝회담·멕시코 세일즈…그 뒤엔 위성락 역할론,,https://n.news.naver.com/mnews/article/018/0006376043,2026-09-27T23:17:00+09:00,,A1면,
이데일리,naver_paper,,AI 인재 77% 국내에 남았다…KAIST 글로벌 3위,한국에서 학부를 졸업한 최상위 AI 연구자 10명 중 7명 이상이 현재 국내에서 활동하는 것으로 나타났다. KAIST는 이번 AI 연구자 소속기관 순위에서 3 …,https://n.news.naver.com/mnews/article/018/0006375839,2026-09-27T10:43:00+09:00,,A2면,
이데일리,naver_paper,,"최태원 AI 승부수…SK 솔리다임, 최대 200조 미 상장 가시화",,https://n.news.naver.com/mnews/article/018/0006375989,2026-09-27T17:16:00+09:00,,A2면,
이데일리,naver_paper,,"""어떤 제품 잘 팔릴지 예측 가능""…데이터 품은 PB, 新성장동력으로",컬리가 지난 2일 첫선을 보인 화장품 자체브랜드(PB) ‘듀에라’는 상품 기획 과정에서 분석한 고객 후기만 300만건에 달한다. 단순히 가격을 낮춘 상품 대신 …,https://n.news.naver.com/mnews/article/018/0006376068,2026-09-28T05:54:00+09:00,,A3면,
이데일리,naver_paper,,"""중소 제조사엔 기회, R&D 차별화로 프리미엄에 집중을""",,https://n.news.naver.com/mnews/article/018/0006376066,2026-09-28T05:53:00+09:00,,A3면,
이데일리,naver_paper,,삼전·닉스 한자릿수 떨어질 때…레버리지 ETF는 반토막 났다,"삼성전자(005930)와 SK하이닉스(000660)의 단일종목 레버리지 ETF(상장지수펀드)가 27일 상장 4개월을 맞이한 가운데, 본주(기초자산)와의 수익률 …",https://n.news.naver.com/mnews/article/018/0006375963,2026-09-27T15:39:00+09:00,,A4면,
이데일리,naver_paper,,"文정부 '저금리', 現 '공급부족'…쏟아낸 규제까지 역대 최장 '불장'",,https://n.news.naver.com/mnews/article/018/0006376000,2026-09-27T18:08:00+09:00,,A4면,
이데일리,naver_paper,,‘DMZ 폭발 늑장 대응’ 與도 쓴소리…‘북한 지뢰’ 여부 최대 쟁점,,https://n.news.naver.com/mnews/article/018/0006375940,2026-09-27T14:59:00+09:00,,A4면,
이데일리,naver_paper,,갈아타면 싸진다더니…가계대출 조이자 대환 금리 역전(종합),,https://n.news.naver.com/mnews/article/018/0006375934,2026-09-27T14:51:00+09:00,,A4면,
이데일리,naver_paper,,핵잠부터 멕시코 FTA 가능성까지 판 넓힌 李…후속협상 관건,"이재명 대통령이 미국·멕시코 순방을 통해 한미 안보 현안과 한·멕시코 경제협력의 범위를 넓혔다. 핵추진잠수함과 사용후핵연료, 전시작전통제권 문제를 정상 테이블 …",https://n.news.naver.com/mnews/article/018/0006376041,2026-09-27T23:02:00+09:00,,A5면,
이데일리,naver_paper,,미중 회담서 빠진 반도체 합의…K메모리 '안도 반 긴장 반',,https://n.news.naver.com/mnews/article/018/0006375988,2026-09-27T17:13:00+09:00,,A5면,
이데일리,naver_paper,,“中이 더 강해졌다”…트럼프 환대 속 달라진 미·중 힘의 균형,,https://n.news.naver.com/mnews/article/018/0006375957,2026-09-27T15:28:00+09:00,,A5면,
이데일리,naver_paper,,“살림살이 팍팍” 한목소리…與 “민생입법” 野 “정책 대전환”,박성준(왼쪽) 더불어민주당 수석대변인과 권칠승 정책위의장이 27일 추석 민심 기자간담회에서 발언하고 있다. (사진=노진환 기자) 여야가 추석 밥상에서 확인한 …,https://n.news.naver.com/mnews/article/018/0006375970,2026-09-27T15:54:00+09:00,,A6면,
이데일리,naver_paper,,‘北포로 한국 송환 공개’ 놓고 진실 공방,,https://n.news.naver.com/mnews/article/018/0006375914,2026-09-27T14:22:00+09:00,,A6면,
이데일리,naver_paper,,"한동훈, 멈추지 않는 ‘독자전’…복잡해지는 복당 방정식",,https://n.news.naver.com/mnews/article/018/0006375980,2026-09-27T16:36:00+09:00,,A6면,
이데일리,naver_paper,,‘단단한’ 조국당의 자강론…민주당의 범여권 대통합 난항,,https://n.news.naver.com/mnews/article/018/0006375955,2026-09-27T15:25:00+09:00,,A6면,
이데일리,naver_paper,,“물가 2%대 후반으로 내려오겠지만…이른 추석·고유가가 복병”,지난달 3%대로 뛰었던 소비자물가 상승률이 9월에는 다시 2%대 후반으로 내려올 전망이다. 하지만 물가가 본격적인 안정 국면에 들어섰다고 보기는 어렵다는 게 …,https://n.news.naver.com/mnews/article/018/0006376051,2026-09-28T04:56:00+09:00,,A8면,
이데일리,naver_paper,,"26.8조 성인지예산, 성차별 해소 검증은 ‘깜깜’",,https://n.news.naver.com/mnews/article/018/0006376053,2026-09-28T05:02:00+09:00,,A8면,
이데일리,naver_paper,,"“유커는 큰 손” 옛말, 면세점 지출 5년새 ‘반토막’…한국인이 메웠다",,https://n.news.naver.com/mnews/article/018/0006376060,2026-09-28T05:03:00+09:00,,A8면,
이데일리,naver_paper,,정기예금 금리 3.7%까지…증시 떠난 돈 은행으로,시장금리 상승과 증시 부진이 맞물리면서 시중자금이 은행으로 이동하는 ‘역머니무브’가 빨라지고 있다. 은행들은 정기예금 금리를 연 3%대 중후반까지 잇달아 올리 …,https://n.news.naver.com/mnews/article/018/0006375807,2026-09-27T09:13:00+09:00,,A9면,
이데일리,naver_paper,,산업은행 장애인 10명 추가 채용…의무고용률 미달은 여전,,https://n.news.naver.com/mnews/article/018/0006375880,2026-09-27T12:45:00+09:00,,A9면,
이데일리,naver_paper,,"KB금융, 올해 AI 관련 혁신금융 21건 지정…이재근호 AX 가속",,https://n.news.naver.com/mnews/article/018/0006375976,2026-09-27T16:23:00+09:00,,A9면,
이데일리,naver_paper,,리스크 관리·노후수입 한번에…주목받는 보증형 실적 배당보험,,https://n.news.naver.com/mnews/article/018/0006375857,2026-09-27T11:24:00+09:00,,A9면,
이데일리,naver_paper,,"“미·중 안정, 한국엔 양날의 검”…AI·반도체 선택 압박은 여전",미국과 중국이 정상회담을 계기로 갈등의 수위를 낮춘 것은 양국 사이에 낀 한국에 당장의 부담을 덜어주는 요인이다. 하지만 미중의 전략경쟁 자체가 완화된 것은 …,https://n.news.naver.com/mnews/article/018/0006375958,2026-09-27T15:30:00+09:00,,A10면,
이데일리,naver_paper,,“트럼프는 변하지 않는다…韓 등 동맹 자체 역량 키워야”,,https://n.news.naver.com/mnews/article/018/0006375961,2026-09-27T15:37:00+09:00,,A10면,
이데일리,naver_paper,,"트럼프는 ‘중간선거’, 시진핑은 ‘대만’…미·중 회담의 정치적 셈법",,https://n.news.naver.com/mnews/article/018/0006375986,2026-09-27T17:06:00+09:00,,A10면,
파이낸셜뉴스,naver_paper,,"中 HBM의 추격… ""韓과 기술격차 2년뿐""[반도체 호황의 그림자]",,https://n.news.naver.com/mnews/article/014/0005581243,2026-09-27T18:13:00+09:00,,1면,
파이낸셜뉴스,naver_paper,,무역전쟁·희토류 '빅딜' 없이 끝난 美中정상회담... 각각 성과 발표했지만 온도차,,https://n.news.naver.com/mnews/article/014/0005581245,2026-09-27T18:13:00+09:00,,1면,
파이낸셜뉴스,naver_paper,,큰손들은 '일희일비' 않는다... 국내 주식 비중 70%대 유지,,https://n.news.naver.com/mnews/article/014/0005581244,2026-09-27T18:13:00+09:00,,1면,
파이낸셜뉴스,naver_paper,,"""당장 생활비도 빠듯""… 종신보험 가입액 쪼그라든다",,https://n.news.naver.com/mnews/article/014/0005581172,2026-09-27T17:39:00+09:00,,2면,
파이낸셜뉴스,naver_paper,,삼전닉스 덜어낸 큰손들…'배당·소각 호재' 삼전우 늘려,,https://n.news.naver.com/mnews/article/014/0005581173,2026-09-27T17:39:00+09:00,,2면,
파이낸셜뉴스,naver_paper,,美 압박 속 中 따라붙어… K반도체 정부·기업 '원팀' 대응을[반도체 호황의 그림자],,https://n.news.naver.com/mnews/article/014/0005581175,2026-09-27T17:41:00+09:00,,3면,
파이낸셜뉴스,naver_paper,,"""2~3년 뒤 韓·中 반도체 치킨게임 전망... 범용D램 수율 높이고 HBM 속도 유지""[반도체 호황의 그림자]",,https://n.news.naver.com/mnews/article/014/0005581176,2026-09-27T17:41:00+09:00,,3면,
파이낸셜뉴스,naver_paper,산업부,"미뤄지는 대미투자 1호… 산업부 ""美 내부절차에 시간 소요""",,https://n.news.naver.com/mnews/article/014/0005581178,2026-09-27T17:42:00+09:00,,4면,
파이낸셜뉴스,naver_paper,,"李대통령, 12월 '미주 방패' 페루와 정상회담 추진",,https://n.news.naver.com/mnews/article/014/0005581179,2026-09-27T17:43:00+09:00,,4면,
파이낸셜뉴스,naver_paper,,"李대통령, 멕시코와 CEPA 논의 물꼬… ""韓·멕시코 경협 지평 넓혔다""",,https://n.news.naver.com/mnews/article/014/0005581293,2026-09-27T23:51:00+09:00,,4면,
파이낸셜뉴스,naver_paper,,"美中, 무역휴전 2개월 그쳐… AI 규제도 11월 '대화 합의'만",,https://n.news.naver.com/mnews/article/014/0005581181,2026-09-27T17:43:00+09:00,,5면,
파이낸셜뉴스,naver_paper,,"우크라 北 포로 송환 공개 논란... 靑 ""비공개 합의 어겨 아쉬워""",,https://n.news.naver.com/mnews/article/014/0005581180,2026-09-27T17:43:00+09:00,,5면,
파이낸셜뉴스,naver_paper,,DMZ 지뢰 폭발·北포로 한국 송환… 李대통령 '한반도 평화' 구상에 부담,,https://n.news.naver.com/mnews/article/014/0005581182,2026-09-27T17:45:00+09:00,,6면,
파이낸셜뉴스,naver_paper,,"與 ""성장 과실 고루 퍼지도록 민생 올인""… 野 ""농지조사로 갈등 고조""",,https://n.news.naver.com/mnews/article/014/0005581183,2026-09-27T17:45:00+09:00,,6면,
파이낸셜뉴스,naver_paper,,"""먹고사는 문제 해결부터""… 물가·일자리·주거 불안 호소",,https://n.news.naver.com/mnews/article/014/0005581184,2026-09-27T17:45:00+09:00,,6면,
파이낸셜뉴스,naver_paper,,"트럼프 '7일 계획 평화안' 거절… 이란 ""확실한 입장 기다린다""",,https://n.news.naver.com/mnews/article/014/0005581185,2026-09-27T17:46:00+09:00,,8면,
파이낸셜뉴스,naver_paper,,메타 '뮤즈' 경고 알림 강화... 클라우드 VM 접근 취약점 노출,,https://n.news.naver.com/mnews/article/014/0005581186,2026-09-27T17:46:00+09:00,,8면,
파이낸셜뉴스,naver_paper,,美주식으로 몰리는 해외 투자자금... 1년간 1280조원 순매수 '사상최대',,https://n.news.naver.com/mnews/article/014/0005581187,2026-09-27T17:46:00+09:00,,8면,
파이낸셜뉴스,naver_paper,,'장원영 밀크티' 앓이 중인 베트남...제조업 이어 소비재까지 韓中전 판 커진다,,https://n.news.naver.com/mnews/article/014/0005581189,2026-09-27T17:46:00+09:00,,9면,
파이낸셜뉴스,naver_paper,,한국대사관 주최 '베트남 전국 한국어 말하기 대회',,https://n.news.naver.com/mnews/article/014/0005581188,2026-09-27T17:46:00+09:00,,9면,
파이낸셜뉴스,naver_paper,,기업대출 풀었더니 부실도 쑥… '연체 그림자' 짙어진다[다시 고금리 시대],,https://n.news.naver.com/mnews/article/014/0005581190,2026-09-27T17:48:00+09:00,,10면,
파이낸셜뉴스,naver_paper,,"작게, 또 크게… 종신보험 가입액 '세분화'",,https://n.news.naver.com/mnews/article/014/0005581191,2026-09-27T17:48:00+09:00,,10면,
파이낸셜뉴스,naver_paper,,"대출 갈아탔더니 이자 더 비싸네... 대환대출 금리, 신규보다 높아",,https://n.news.naver.com/mnews/article/014/0005581192,2026-09-27T17:48:00+09:00,,10면,
파이낸셜뉴스,naver_paper,,"금융당국, 서민금융·고정금리 대출 확대 고심",,https://n.news.naver.com/mnews/article/014/0005581193,2026-09-27T17:48:00+09:00,,10면,
파이낸셜뉴스,naver_paper,,"농협금융, 금연·걷기·건강검진과 금융 혜택 연계",,https://n.news.naver.com/mnews/article/014/0005581194,2026-09-27T17:49:00+09:00,,10면,
파이낸셜뉴스,naver_paper,,"'개점휴업' 코넥스,'상폐 이전상장'으로 거래 살아날까",,https://n.news.naver.com/mnews/article/014/0005581199,2026-09-27T17:51:00+09:00,,12면,
파이낸셜뉴스,naver_paper,,"저PBR 기업 공개 앞두고… ""유상증자·CB 줄어들 것""",,https://n.news.naver.com/mnews/article/014/0005581196,2026-09-27T17:50:00+09:00,,12면,
파이낸셜뉴스,naver_paper,,"NH투자증권, 청소년 대상 ‘1사 1교 금융교육’ 확대",,https://n.news.naver.com/mnews/article/014/0005581197,2026-09-27T17:50:00+09:00,,12면,
파이낸셜뉴스,naver_paper,,게임주 거래대금 반년새 ‘반토막’... NC 50.7%·크래프톤 41.7%↓,,https://n.news.naver.com/mnews/article/014/0005581198,2026-09-27T17:51:00+09:00,,12면,
파이낸셜뉴스,naver_paper,,"JPYC 상장에 몰린 2만명, 환율보다 비싸게 샀다",,https://n.news.naver.com/mnews/article/014/0005581200,2026-09-27T17:51:00+09:00,,12면,
파이낸셜뉴스,naver_paper,,옵션 매도비중 10%까지 낮춰... S&P지수 상승분 충분히 확보[이런 펀드 어때요?],,https://n.news.naver.com/mnews/article/014/0005581203,2026-09-27T17:53:00+09:00,,13면,
파이낸셜뉴스,naver_paper,,"공동명의 아파트 비거주하는 A씨부부 ""세제 개편되면 부담 얼마나 늘어날까""[재테크 Q&A]",,https://n.news.naver.com/mnews/article/014/0005581201,2026-09-27T17:53:00+09:00,,13면,
파이낸셜뉴스,naver_paper,,美 물가가 변수…마이크론 실적도 가늠자[주간 증시 전망],,https://n.news.naver.com/mnews/article/014/0005581202,2026-09-27T17:53:00+09:00,,13면,
파이낸셜뉴스,naver_paper,,반도체 설비투자 확대 훈풍… 장비주 담은 ETF 강세[ETF 스퀘어],,https://n.news.naver.com/mnews/article/014/0005581204,2026-09-27T17:53:00+09:00,,13면,
파이낸셜뉴스,naver_paper,,'e스포츠 정조준' LGD 초고주사율 OLED 공개,,https://n.news.naver.com/mnews/article/014/0005581205,2026-09-27T17:54:00+09:00,,14면,
파이낸셜뉴스,naver_paper,,"LG전자, 엔비디아와 AIDC 냉각 기술 동맹",,https://n.news.naver.com/mnews/article/014/0005581206,2026-09-27T17:54:00+09:00,,14면,
파이낸셜뉴스,naver_paper,,"KAI, 매출 증가에도 수익성 악화… 한화와 손잡고 시너지 날까",,https://n.news.naver.com/mnews/article/014/0005581207,2026-09-27T17:54:00+09:00,,14면,
파이낸셜뉴스,naver_paper,,유럽 홀린 갤Z 폴드… 5개국 소비자평가 1위,,https://n.news.naver.com/mnews/article/014/0005581208,2026-09-27T17:55:00+09:00,,16면,
파이낸셜뉴스,naver_paper,,고객센터에 멤버십 기능 입힌 LGU+… 앱 이용자 34% 증가,,https://n.news.naver.com/mnews/article/014/0005581209,2026-09-27T17:55:00+09:00,,16면,
파이낸셜뉴스,naver_paper,,"조강원 모레 대표 ""다른 종류의 반도체, 토큰팩토리로 통합""[인터뷰]",,https://n.news.naver.com/mnews/article/014/0005581210,2026-09-27T17:55:00+09:00,,16면,
파이낸셜뉴스,naver_paper,,대통령 순방 동행·M&A 박차… 'K바이오 외연' 넓히는 존 림,,https://n.news.naver.com/mnews/article/014/0005581211,2026-09-27T17:56:00+09:00,,17면,
파이낸셜뉴스,naver_paper,,국가적 '창업 실험장' 결실… AI 고치는 AI 등 투자 유치 잇달아,,https://n.news.naver.com/mnews/article/014/0005581212,2026-09-27T17:57:00+09:00,,17면,
파이낸셜뉴스,naver_paper,,"""이사 자주 다니는 신혼·1인가구 위해 '가구 구독' 만들었죠""[C리즈]",,https://n.news.naver.com/mnews/article/014/0005581213,2026-09-27T17:57:00+09:00,,17면,
파이낸셜뉴스,naver_paper,,공간에 딱 맞는 예술작품 설치... 현대리바트 '아트 컨설팅' 확대,,https://n.news.naver.com/mnews/article/014/0005581214,2026-09-27T17:57:00+09:00,,17면,
파이낸셜뉴스,naver_paper,,'로또 카드' 뽑으려다 과자도 집었다... 편의점주 웃게 만든 '포켓몬',,https://n.news.naver.com/mnews/article/014/0005581219,2026-09-27T17:58:00+09:00,,18면,
파이낸셜뉴스,naver_paper,,"농심, 멕시코 K박람회서 신라면 매운맛 알렸다",,https://n.news.naver.com/mnews/article/014/0005581216,2026-09-27T17:58:00+09:00,,18면,
파이낸셜뉴스,naver_paper,,美·中 넘어 유럽 입맛까지 잡은 K푸드… 수출 ‘역대 최대’,,https://n.news.naver.com/mnews/article/014/0005581217,2026-09-27T17:58:00+09:00,,18면,
파이낸셜뉴스,naver_paper,,영화관 실수로 상영 지연… 30분 넘으면 환급 가능[소비의 정석],,https://n.news.naver.com/mnews/article/014/0005581218,2026-09-27T17:58:00+09:00,,18면,
파이낸셜뉴스,naver_paper,,반도체·신사업 힘주는 건설사… 플랜트 줄이고 조직 합치고,,https://n.news.naver.com/mnews/article/014/0005581222,2026-09-27T18:00:00+09:00,,20면,
파이낸셜뉴스,naver_paper,,"LH, 서리풀1지구 패스트트랙 태운다",,https://n.news.naver.com/mnews/article/014/0005581220,2026-09-27T17:59:00+09:00,,20면,
파이낸셜뉴스,naver_paper,,개발부담금 감면 3년째 표류… 딜레마 빠진 지자체들,,https://n.news.naver.com/mnews/article/014/0005581221,2026-09-27T18:00:00+09:00,,20면,
파이낸셜뉴스,naver_paper,,30조 규모 목동 재건축 속도... 11개 단지 시공사 선정 목전,,https://n.news.naver.com/mnews/article/014/0005581223,2026-09-27T18:00:00+09:00,,20면,
파이낸셜뉴스,naver_paper,,코레일 '지역사랑 철도여행' 세계 철도상,,https://n.news.naver.com/mnews/article/014/0005581224,2026-09-27T18:00:00+09:00,,20면,
파이낸셜뉴스,naver_paper,,잠실운동장 SPC 이달 초 설립… 4조8000억 PF 본격 시동,,https://n.news.naver.com/mnews/article/014/0005581225,2026-09-27T18:00:00+09:00,,21면,
파이낸셜뉴스,naver_paper,,"""문해력, 이미지·영상까지 넓혀야""",,https://n.news.naver.com/mnews/article/014/0005581226,2026-09-27T18:00:00+09:00,,21면,
파이낸셜뉴스,naver_paper,,"""원도심·신도시 상생… 인천 균형발전에 의정 역량 쏟을 것""[로컬 포커스]",,https://n.news.naver.com/mnews/article/014/0005581227,2026-09-27T18:00:00+09:00,,22면,
파이낸셜뉴스,naver_paper,,'수사·기소 분리' 복잡해진 절차에… 로펌들은 新특수 예고,,https://n.news.naver.com/mnews/article/014/0005581228,2026-09-27T18:02:00+09:00,,23면,
파이낸셜뉴스,naver_paper,,"'민원 취소 강요' 경찰관… 대법 ""강등 적법""",,https://n.news.naver.com/mnews/article/014/0005581230,2026-09-27T18:02:00+09:00,,23면,
파이낸셜뉴스,naver_paper,,김건희 '3대 의혹' 대법 전원합의체 심리... '김승원 로비' 제넨셀 창업자 배임 항소심[이주의 재판 일정],,https://n.news.naver.com/mnews/article/014/0005581229,2026-09-27T18:02:00+09:00,,23면,
파이낸셜뉴스,naver_paper,,"女농구, 11명이 쓴 기적의 드라마... 결승서 日꺾고 12년만에 금메달[아이치·나고야 아시안게임]",,https://n.news.naver.com/mnews/article/014/0005581231,2026-09-27T18:04:00+09:00,,24면,
파이낸셜뉴스,naver_paper,,"항저우 ‘노메달’ 굴욕 씻었다… 남동헌, 마장마술 금메달[아이치·나고야 아시안게임]",,https://n.news.naver.com/mnews/article/014/0005581232,2026-09-27T18:04:00+09:00,,24면,
파이낸셜뉴스,naver_paper,,"'금빛 행진' 女핸드볼·스케이트보드, 日 제치고 아시아 평정[아이치·나고야 아시안게임]",,https://n.news.naver.com/mnews/article/014/0005581274,2026-09-27T20:41:00+09:00,,24면,
파이낸셜뉴스,naver_paper,,[인사] 고용노동부 外,,https://n.news.naver.com/mnews/article/014/0005581233,2026-09-27T18:06:00+09:00,,26면,
파이낸셜뉴스,naver_paper,,"[fn이사람] ""지방·서울 집값 양극화… 대통령실·국회 이전이 해결 열쇠""",,https://n.news.naver.com/mnews/article/014/0005581234,2026-09-27T18:06:00+09:00,,26면,
파이낸셜뉴스,naver_paper,,"구자하, 亞 최초 연극계 노벨상 '입센상' 수상",,https://n.news.naver.com/mnews/article/014/0005581235,2026-09-27T18:06:00+09:00,,26면,
파이낸셜뉴스,naver_paper,,"윤호중 행안부 장관, 유엔 사회연대경제 회의 참석",,https://n.news.naver.com/mnews/article/014/0005581236,2026-09-27T18:06:00+09:00,,26면,
파이낸셜뉴스,naver_paper,,[부고] 이종화씨,,https://n.news.naver.com/mnews/article/014/0005581237,2026-09-27T18:06:00+09:00,,26면,
파이낸셜뉴스,naver_paper,,비싸고 지루하다?… 외국인도 반한 '젊어진 日 가부키'[글로벌 리포트],,https://n.news.naver.com/mnews/article/014/0005581238,2026-09-27T18:08:00+09:00,,27면,
파이낸셜뉴스,naver_paper,,3㎏ 가발·1년 걸린 의상… 빛나는 무대 뒤엔 '장인 정신'[글로벌 리포트],,https://n.news.naver.com/mnews/article/014/0005581239,2026-09-27T18:09:00+09:00,,27면,
파이낸셜뉴스,naver_paper,,핵무력·가성비 드론 동시 위협…'하이브리드전' 치닫는 전장 [이종윤의 밀리터리 월드],,https://n.news.naver.com/mnews/article/014/0005581241,2026-09-27T18:11:00+09:00,,28면,
파이낸셜뉴스,naver_paper,,"첨단기술로 뭉치는 미·일, 로봇 지상군 시대 앞당긴다[이종윤의 밀리터리 월드]",,https://n.news.naver.com/mnews/article/014/0005581240,2026-09-27T18:10:00+09:00,,28면,
파이낸셜뉴스,naver_paper,,"""사관학교 합쳐도 전투력 안올라"" ""벽 허물어야 순혈주의 깨져""[fn인사이트]",,https://n.news.naver.com/mnews/article/014/0005581246,2026-09-27T18:17:00+09:00,,29면,
파이낸셜뉴스,naver_paper,,[fn광장] 시진핑의 경고,,https://n.news.naver.com/mnews/article/014/0005581247,2026-09-27T18:19:00+09:00,,30면,
파이낸셜뉴스,naver_paper,,[포럼] 전기 '요금' 대신 '가격'으로 접근해야,,https://n.news.naver.com/mnews/article/014/0005581248,2026-09-27T18:19:00+09:00,,30면,
파이낸셜뉴스,naver_paper,,"[사설] 200조 넘는 미래기금, 지출 원칙부터 분명히 세우길",,https://n.news.naver.com/mnews/article/014/0005581252,2026-09-27T18:21:00+09:00,,31면,
파이낸셜뉴스,naver_paper,,"[사설] 혼돈의 글로벌 경제, 정파보다 국가 이익 앞세워야",,https://n.news.naver.com/mnews/article/014/0005581251,2026-09-27T18:21:00+09:00,,31면,
파이낸셜뉴스,naver_paper,,[강남視角] 이제는 성장판 열 때,,https://n.news.naver.com/mnews/article/014/0005581249,2026-09-27T18:21:00+09:00,,31면,
파이낸셜뉴스,naver_paper,,"[기자수첩] K반도체, 中과 초격차 벌리려면",,https://n.news.naver.com/mnews/article/014/0005581250,2026-09-27T18:21:00+09:00,,31면,
파이낸셜뉴스,naver_paper,,"中 HBM의 추격… ""韓과 기술격차 2년뿐""[반도체 호황의 그림자]",,https://n.news.naver.com/mnews/article/014/0005581243,2026-09-27T18:13:00+09:00,,1면,
파이낸셜뉴스,naver_paper,,무역전쟁·희토류 '빅딜' 없이 끝난 美中정상회담... 각각 성과 발표했지만 온도차,,https://n.news.naver.com/mnews/article/014/0005581245,2026-09-27T18:13:00+09:00,,1면,
파이낸셜뉴스,naver_paper,,큰손들은 '일희일비' 않는다... 국내 주식 비중 70%대 유지,,https://n.news.naver.com/mnews/article/014/0005581244,2026-09-27T18:13:00+09:00,,1면,
파이낸셜뉴스,naver_paper,,"""당장 생활비도 빠듯""… 종신보험 가입액 쪼그라든다",,https://n.news.naver.com/mnews/article/014/0005581172,2026-09-27T17:39:00+09:00,,2면,
파이낸셜뉴스,naver_paper,,삼전닉스 덜어낸 큰손들…'배당·소각 호재' 삼전우 늘려,,https://n.news.naver.com/mnews/article/014/0005581173,2026-09-27T17:39:00+09:00,,2면,
파이낸셜뉴스,naver_paper,,美 압박 속 中 따라붙어… K반도체 정부·기업 '원팀' 대응을[반도체 호황의 그림자],,https://n.news.naver.com/mnews/article/014/0005581175,2026-09-27T17:41:00+09:00,,3면,
파이낸셜뉴스,naver_paper,,"""2~3년 뒤 韓·中 반도체 치킨게임 전망... 범용D램 수율 높이고 HBM 속도 유지""[반도체 호황의 그림자]",,https://n.news.naver.com/mnews/article/014/0005581176,2026-09-27T17:41:00+09:00,,3면,
파이낸셜뉴스,naver_paper,,"미뤄지는 대미투자 1호… 산업부 ""美 내부절차에 시간 소요""",,https://n.news.naver.com/mnews/article/014/0005581178,2026-09-27T17:42:00+09:00,,4면,
파이낸셜뉴스,naver_paper,,"李대통령, 12월 '미주 방패' 페루와 정상회담 추진",,https://n.news.naver.com/mnews/article/014/0005581179,2026-09-27T17:43:00+09:00,,4면,
파이낸셜뉴스,naver_paper,,"李대통령, 멕시코와 CEPA 논의 물꼬… ""韓·멕시코 경협 지평 넓혔다""",,https://n.news.naver.com/mnews/article/014/0005581293,2026-09-27T23:51:00+09:00,,4면,
파이낸셜뉴스,naver_paper,,"美中, 무역휴전 2개월 그쳐… AI 규제도 11월 '대화 합의'만",,https://n.news.naver.com/mnews/article/014/0005581181,2026-09-27T17:43:00+09:00,,5면,
파이낸셜뉴스,naver_paper,,"우크라 北 포로 송환 공개 논란... 靑 ""비공개 합의 어겨 아쉬워""",,https://n.news.naver.com/mnews/article/014/0005581180,2026-09-27T17:43:00+09:00,,5면,
파이낸셜뉴스,naver_paper,,DMZ 지뢰 폭발·北포로 한국 송환… 李대통령 '한반도 평화' 구상에 부담,,https://n.news.naver.com/mnews/article/014/0005581182,2026-09-27T17:45:00+09:00,,6면,
파이낸셜뉴스,naver_paper,,"與 ""성장 과실 고루 퍼지도록 민생 올인""… 野 ""농지조사로 갈등 고조""",,https://n.news.naver.com/mnews/article/014/0005581183,2026-09-27T17:45:00+09:00,,6면,
파이낸셜뉴스,naver_paper,,"""먹고사는 문제 해결부터""… 물가·일자리·주거 불안 호소",,https://n.news.naver.com/mnews/article/014/0005581184,2026-09-27T17:45:00+09:00,,6면,
파이낸셜뉴스,naver_paper,,"트럼프 '7일 계획 평화안' 거절… 이란 ""확실한 입장 기다린다""",,https://n.news.naver.com/mnews/article/014/0005581185,2026-09-27T17:46:00+09:00,,8면,
파이낸셜뉴스,naver_paper,,메타 '뮤즈' 경고 알림 강화... 클라우드 VM 접근 취약점 노출,,https://n.news.naver.com/mnews/article/014/0005581186,2026-09-27T17:46:00+09:00,,8면,
파이낸셜뉴스,naver_paper,,美주식으로 몰리는 해외 투자자금... 1년간 1280조원 순매수 '사상최대',,https://n.news.naver.com/mnews/article/014/0005581187,2026-09-27T17:46:00+09:00,,8면,
파이낸셜뉴스,naver_paper,,'장원영 밀크티' 앓이 중인 베트남...제조업 이어 소비재까지 韓中전 판 커진다,,https://n.news.naver.com/mnews/article/014/0005581189,2026-09-27T17:46:00+09:00,,9면,
파이낸셜뉴스,naver_paper,,한국대사관 주최 '베트남 전국 한국어 말하기 대회',,https://n.news.naver.com/mnews/article/014/0005581188,2026-09-27T17:46:00+09:00,,9면,
파이낸셜뉴스,naver_paper,,기업대출 풀었더니 부실도 쑥… '연체 그림자' 짙어진다[다시 고금리 시대],,https://n.news.naver.com/mnews/article/014/0005581190,2026-09-27T17:48:00+09:00,,10면,
파이낸셜뉴스,naver_paper,,"작게, 또 크게… 종신보험 가입액 '세분화'",,https://n.news.naver.com/mnews/article/014/0005581191,2026-09-27T17:48:00+09:00,,10면,
파이낸셜뉴스,naver_paper,,"대출 갈아탔더니 이자 더 비싸네... 대환대출 금리, 신규보다 높아",,https://n.news.naver.com/mnews/article/014/0005581192,2026-09-27T17:48:00+09:00,,10면,
파이낸셜뉴스,naver_paper,,"금융당국, 서민금융·고정금리 대출 확대 고심",,https://n.news.naver.com/mnews/article/014/0005581193,2026-09-27T17:48:00+09:00,,10면,
파이낸셜뉴스,naver_paper,,"농협금융, 금연·걷기·건강검진과 금융 혜택 연계",,https://n.news.naver.com/mnews/article/014/0005581194,2026-09-27T17:49:00+09:00,,10면,
파이낸셜뉴스,naver_paper,,"中 HBM의 추격… ""韓과 기술격차 2년뿐""[반도체 호황의 그림자]",,https://n.news.naver.com/mnews/article/014/0005581243,2026-09-27T18:13:00+09:00,,1면,
파이낸셜뉴스,naver_paper,,무역전쟁·희토류 '빅딜' 없이 끝난 美中정상회담... 각각 성과 발표했지만 온도차,,https://n.news.naver.com/mnews/article/014/0005581245,2026-09-27T18:13:00+09:00,,1면,
파이낸셜뉴스,naver_paper,,큰손들은 '일희일비' 않는다... 국내 주식 비중 70%대 유지,,https://n.news.naver.com/mnews/article/014/0005581244,2026-09-27T18:13:00+09:00,,1면,
파이낸셜뉴스,naver_paper,,"""당장 생활비도 빠듯""… 종신보험 가입액 쪼그라든다",,https://n.news.naver.com/mnews/article/014/0005581172,2026-09-27T17:39:00+09:00,,2면,
파이낸셜뉴스,naver_paper,,삼전닉스 덜어낸 큰손들…'배당·소각 호재' 삼전우 늘려,,https://n.news.naver.com/mnews/article/014/0005581173,2026-09-27T17:39:00+09:00,,2면,
파이낸셜뉴스,naver_paper,,美 압박 속 中 따라붙어… K반도체 정부·기업 '원팀' 대응을[반도체 호황의 그림자],,https://n.news.naver.com/mnews/article/014/0005581175,2026-09-27T17:41:00+09:00,,3면,
파이낸셜뉴스,naver_paper,,"""2~3년 뒤 韓·中 반도체 치킨게임 전망... 범용D램 수율 높이고 HBM 속도 유지""[반도체 호황의 그림자]",,https://n.news.naver.com/mnews/article/014/0005581176,2026-09-27T17:41:00+09:00,,3면,
파이낸셜뉴스,naver_paper,,"미뤄지는 대미투자 1호… 산업부 ""美 내부절차에 시간 소요""",,https://n.news.naver.com/mnews/article/014/0005581178,2026-09-27T17:42:00+09:00,,4면,
파이낸셜뉴스,naver_paper,,"李대통령, 12월 '미주 방패' 페루와 정상회담 추진",,https://n.news.naver.com/mnews/article/014/0005581179,2026-09-27T17:43:00+09:00,,4면,
파이낸셜뉴스,naver_paper,,"李대통령, 멕시코와 CEPA 논의 물꼬… ""韓·멕시코 경협 지평 넓혔다""",,https://n.news.naver.com/mnews/article/014/0005581293,2026-09-27T23:51:00+09:00,,4면,
파이낸셜뉴스,naver_paper,,"美中, 무역휴전 2개월 그쳐… AI 규제도 11월 '대화 합의'만",,https://n.news.naver.com/mnews/article/014/0005581181,2026-09-27T17:43:00+09:00,,5면,
파이낸셜뉴스,naver_paper,,"우크라 北 포로 송환 공개 논란... 靑 ""비공개 합의 어겨 아쉬워""",,https://n.news.naver.com/mnews/article/014/0005581180,2026-09-27T17:43:00+09:00,,5면,
파이낸셜뉴스,naver_paper,,DMZ 지뢰 폭발·北포로 한국 송환… 李대통령 '한반도 평화' 구상에 부담,,https://n.news.naver.com/mnews/article/014/0005581182,2026-09-27T17:45:00+09:00,,6면,
파이낸셜뉴스,naver_paper,,"與 ""성장 과실 고루 퍼지도록 민생 올인""… 野 ""농지조사로 갈등 고조""",,https://n.news.naver.com/mnews/article/014/0005581183,2026-09-27T17:45:00+09:00,,6면,
파이낸셜뉴스,naver_paper,,"""먹고사는 문제 해결부터""… 물가·일자리·주거 불안 호소",,https://n.news.naver.com/mnews/article/014/0005581184,2026-09-27T17:45:00+09:00,,6면,
파이낸셜뉴스,naver_paper,,"트럼프 '7일 계획 평화안' 거절… 이란 ""확실한 입장 기다린다""",,https://n.news.naver.com/mnews/article/014/0005581185,2026-09-27T17:46:00+09:00,,8면,
파이낸셜뉴스,naver_paper,,메타 '뮤즈' 경고 알림 강화... 클라우드 VM 접근 취약점 노출,,https://n.news.naver.com/mnews/article/014/0005581186,2026-09-27T17:46:00+09:00,,8면,
파이낸셜뉴스,naver_paper,,美주식으로 몰리는 해외 투자자금... 1년간 1280조원 순매수 '사상최대',,https://n.news.naver.com/mnews/article/014/0005581187,2026-09-27T17:46:00+09:00,,8면,
파이낸셜뉴스,naver_paper,,'장원영 밀크티' 앓이 중인 베트남...제조업 이어 소비재까지 韓中전 판 커진다,,https://n.news.naver.com/mnews/article/014/0005581189,2026-09-27T17:46:00+09:00,,9면,
파이낸셜뉴스,naver_paper,,한국대사관 주최 '베트남 전국 한국어 말하기 대회',,https://n.news.naver.com/mnews/article/014/0005581188,2026-09-27T17:46:00+09:00,,9면,
파이낸셜뉴스,naver_paper,,기업대출 풀었더니 부실도 쑥… '연체 그림자' 짙어진다[다시 고금리 시대],,https://n.news.naver.com/mnews/article/014/0005581190,2026-09-27T17:48:00+09:00,,10면,
파이낸셜뉴스,naver_paper,,"작게, 또 크게… 종신보험 가입액 '세분화'",,https://n.news.naver.com/mnews/article/014/0005581191,2026-09-27T17:48:00+09:00,,10면,
파이낸셜뉴스,naver_paper,,"대출 갈아탔더니 이자 더 비싸네... 대환대출 금리, 신규보다 높아",,https://n.news.naver.com/mnews/article/014/0005581192,2026-09-27T17:48:00+09:00,,10면,
파이낸셜뉴스,naver_paper,,"금융당국, 서민금융·고정금리 대출 확대 고심",,https://n.news.naver.com/mnews/article/014/0005581193,2026-09-27T17:48:00+09:00,,10면,
파이낸셜뉴스,naver_paper,,"농협금융, 금연·걷기·건강검진과 금융 혜택 연계",,https://n.news.naver.com/mnews/article/014/0005581194,2026-09-27T17:49:00+09:00,,10면,
파이낸셜뉴스,naver_paper,,"中 HBM의 추격… ""韓과 기술격차 2년뿐""[반도체 호황의 그림자]",,https://n.news.naver.com/mnews/article/014/0005581243,2026-09-27T18:13:00+09:00,,1면,
파이낸셜뉴스,naver_paper,,무역전쟁·희토류 '빅딜' 없이 끝난 美中정상회담... 각각 성과 발표했지만 온도차,,https://n.news.naver.com/mnews/article/014/0005581245,2026-09-27T18:13:00+09:00,,1면,
파이낸셜뉴스,naver_paper,,큰손들은 '일희일비' 않는다... 국내 주식 비중 70%대 유지,,https://n.news.naver.com/mnews/article/014/0005581244,2026-09-27T18:13:00+09:00,,1면,
파이낸셜뉴스,naver_paper,,"""당장 생활비도 빠듯""… 종신보험 가입액 쪼그라든다",,https://n.news.naver.com/mnews/article/014/0005581172,2026-09-27T17:39:00+09:00,,2면,
파이낸셜뉴스,naver_paper,,삼전닉스 덜어낸 큰손들…'배당·소각 호재' 삼전우 늘려,,https://n.news.naver.com/mnews/article/014/0005581173,2026-09-27T17:39:00+09:00,,2면,
파이낸셜뉴스,naver_paper,,美 압박 속 中 따라붙어… K반도체 정부·기업 '원팀' 대응을[반도체 호황의 그림자],,https://n.news.naver.com/mnews/article/014/0005581175,2026-09-27T17:41:00+09:00,,3면,
파이낸셜뉴스,naver_paper,,"""2~3년 뒤 韓·中 반도체 치킨게임 전망... 범용D램 수율 높이고 HBM 속도 유지""[반도체 호황의 그림자]",,https://n.news.naver.com/mnews/article/014/0005581176,2026-09-27T17:41:00+09:00,,3면,
파이낸셜뉴스,naver_paper,,"미뤄지는 대미투자 1호… 산업부 ""美 내부절차에 시간 소요""",,https://n.news.naver.com/mnews/article/014/0005581178,2026-09-27T17:42:00+09:00,,4면,
파이낸셜뉴스,naver_paper,,"李대통령, 12월 '미주 방패' 페루와 정상회담 추진",,https://n.news.naver.com/mnews/article/014/0005581179,2026-09-27T17:43:00+09:00,,4면,
파이낸셜뉴스,naver_paper,,"李대통령, 멕시코와 CEPA 논의 물꼬… ""韓·멕시코 경협 지평 넓혔다""",,https://n.news.naver.com/mnews/article/014/0005581293,2026-09-27T23:51:00+09:00,,4면,
파이낸셜뉴스,naver_paper,,"美中, 무역휴전 2개월 그쳐… AI 규제도 11월 '대화 합의'만",,https://n.news.naver.com/mnews/article/014/0005581181,2026-09-27T17:43:00+09:00,,5면,
파이낸셜뉴스,naver_paper,,"우크라 北 포로 송환 공개 논란... 靑 ""비공개 합의 어겨 아쉬워""",,https://n.news.naver.com/mnews/article/014/0005581180,2026-09-27T17:43:00+09:00,,5면,
파이낸셜뉴스,naver_paper,,DMZ 지뢰 폭발·北포로 한국 송환… 李대통령 '한반도 평화' 구상에 부담,,https://n.news.naver.com/mnews/article/014/0005581182,2026-09-27T17:45:00+09:00,,6면,
파이낸셜뉴스,naver_paper,,"與 ""성장 과실 고루 퍼지도록 민생 올인""… 野 ""농지조사로 갈등 고조""",,https://n.news.naver.com/mnews/article/014/0005581183,2026-09-27T17:45:00+09:00,,6면,
파이낸셜뉴스,naver_paper,,"""먹고사는 문제 해결부터""… 물가·일자리·주거 불안 호소",,https://n.news.naver.com/mnews/article/014/0005581184,2026-09-27T17:45:00+09:00,,6면,
파이낸셜뉴스,naver_paper,,"트럼프 '7일 계획 평화안' 거절… 이란 ""확실한 입장 기다린다""",,https://n.news.naver.com/mnews/article/014/0005581185,2026-09-27T17:46:00+09:00,,8면,
파이낸셜뉴스,naver_paper,,메타 '뮤즈' 경고 알림 강화... 클라우드 VM 접근 취약점 노출,,https://n.news.naver.com/mnews/article/014/0005581186,2026-09-27T17:46:00+09:00,,8면,
파이낸셜뉴스,naver_paper,,美주식으로 몰리는 해외 투자자금... 1년간 1280조원 순매수 '사상최대',,https://n.news.naver.com/mnews/article/014/0005581187,2026-09-27T17:46:00+09:00,,8면,
파이낸셜뉴스,naver_paper,,'장원영 밀크티' 앓이 중인 베트남...제조업 이어 소비재까지 韓中전 판 커진다,,https://n.news.naver.com/mnews/article/014/0005581189,2026-09-27T17:46:00+09:00,,9면,
파이낸셜뉴스,naver_paper,,한국대사관 주최 '베트남 전국 한국어 말하기 대회',,https://n.news.naver.com/mnews/article/014/0005581188,2026-09-27T17:46:00+09:00,,9면,
파이낸셜뉴스,naver_paper,,기업대출 풀었더니 부실도 쑥… '연체 그림자' 짙어진다[다시 고금리 시대],,https://n.news.naver.com/mnews/article/014/0005581190,2026-09-27T17:48:00+09:00,,10면,
파이낸셜뉴스,naver_paper,,"작게, 또 크게… 종신보험 가입액 '세분화'",,https://n.news.naver.com/mnews/article/014/0005581191,2026-09-27T17:48:00+09:00,,10면,
파이낸셜뉴스,naver_paper,,"대출 갈아탔더니 이자 더 비싸네... 대환대출 금리, 신규보다 높아",,https://n.news.naver.com/mnews/article/014/0005581192,2026-09-27T17:48:00+09:00,,10면,
파이낸셜뉴스,naver_paper,,"금융당국, 서민금융·고정금리 대출 확대 고심",,https://n.news.naver.com/mnews/article/014/0005581193,2026-09-27T17:48:00+09:00,,10면,
파이낸셜뉴스,naver_paper,,"농협금융, 금연·걷기·건강검진과 금융 혜택 연계",,https://n.news.naver.com/mnews/article/014/0005581194,2026-09-27T17:49:00+09:00,,10면,
파이낸셜뉴스,naver_paper,,"中 HBM의 추격… ""韓과 기술격차 2년뿐""[반도체 호황의 그림자]",,https://n.news.naver.com/mnews/article/014/0005581243,2026-09-27T18:13:00+09:00,,1면,
파이낸셜뉴스,naver_paper,,무역전쟁·희토류 '빅딜' 없이 끝난 美中정상회담... 각각 성과 발표했지만 온도차,,https://n.news.naver.com/mnews/article/014/0005581245,2026-09-27T18:13:00+09:00,,1면,
파이낸셜뉴스,naver_paper,,큰손들은 '일희일비' 않는다... 국내 주식 비중 70%대 유지,,https://n.news.naver.com/mnews/article/014/0005581244,2026-09-27T18:13:00+09:00,,1면,
파이낸셜뉴스,naver_paper,,"""당장 생활비도 빠듯""… 종신보험 가입액 쪼그라든다",,https://n.news.naver.com/mnews/article/014/0005581172,2026-09-27T17:39:00+09:00,,2면,
파이낸셜뉴스,naver_paper,,삼전닉스 덜어낸 큰손들…'배당·소각 호재' 삼전우 늘려,,https://n.news.naver.com/mnews/article/014/0005581173,2026-09-27T17:39:00+09:00,,2면,
파이낸셜뉴스,naver_paper,,美 압박 속 中 따라붙어… K반도체 정부·기업 '원팀' 대응을[반도체 호황의 그림자],,https://n.news.naver.com/mnews/article/014/0005581175,2026-09-27T17:41:00+09:00,,3면,
파이낸셜뉴스,naver_paper,,"""2~3년 뒤 韓·中 반도체 치킨게임 전망... 범용D램 수율 높이고 HBM 속도 유지""[반도체 호황의 그림자]",,https://n.news.naver.com/mnews/article/014/0005581176,2026-09-27T17:41:00+09:00,,3면,
파이낸셜뉴스,naver_paper,,"미뤄지는 대미투자 1호… 산업부 ""美 내부절차에 시간 소요""",,https://n.news.naver.com/mnews/article/014/0005581178,2026-09-27T17:42:00+09:00,,4면,
파이낸셜뉴스,naver_paper,,"李대통령, 12월 '미주 방패' 페루와 정상회담 추진",,https://n.news.naver.com/mnews/article/014/0005581179,2026-09-27T17:43:00+09:00,,4면,
파이낸셜뉴스,naver_paper,,"李대통령, 멕시코와 CEPA 논의 물꼬… ""韓·멕시코 경협 지평 넓혔다""",,https://n.news.naver.com/mnews/article/014/0005581293,2026-09-27T23:51:00+09:00,,4면,
파이낸셜뉴스,naver_paper,,"美中, 무역휴전 2개월 그쳐… AI 규제도 11월 '대화 합의'만",,https://n.news.naver.com/mnews/article/014/0005581181,2026-09-27T17:43:00+09:00,,5면,
파이낸셜뉴스,naver_paper,,"우크라 北 포로 송환 공개 논란... 靑 ""비공개 합의 어겨 아쉬워""",,https://n.news.naver.com/mnews/article/014/0005581180,2026-09-27T17:43:00+09:00,,5면,
파이낸셜뉴스,naver_paper,,DMZ 지뢰 폭발·北포로 한국 송환… 李대통령 '한반도 평화' 구상에 부담,,https://n.news.naver.com/mnews/article/014/0005581182,2026-09-27T17:45:00+09:00,,6면,
파이낸셜뉴스,naver_paper,,"與 ""성장 과실 고루 퍼지도록 민생 올인""… 野 ""농지조사로 갈등 고조""",,https://n.news.naver.com/mnews/article/014/0005581183,2026-09-27T17:45:00+09:00,,6면,
파이낸셜뉴스,naver_paper,,"""먹고사는 문제 해결부터""… 물가·일자리·주거 불안 호소",,https://n.news.naver.com/mnews/article/014/0005581184,2026-09-27T17:45:00+09:00,,6면,
파이낸셜뉴스,naver_paper,,"트럼프 '7일 계획 평화안' 거절… 이란 ""확실한 입장 기다린다""",,https://n.news.naver.com/mnews/article/014/0005581185,2026-09-27T17:46:00+09:00,,8면,
파이낸셜뉴스,naver_paper,,메타 '뮤즈' 경고 알림 강화... 클라우드 VM 접근 취약점 노출,,https://n.news.naver.com/mnews/article/014/0005581186,2026-09-27T17:46:00+09:00,,8면,
파이낸셜뉴스,naver_paper,,美주식으로 몰리는 해외 투자자금... 1년간 1280조원 순매수 '사상최대',,https://n.news.naver.com/mnews/article/014/0005581187,2026-09-27T17:46:00+09:00,,8면,
파이낸셜뉴스,naver_paper,,'장원영 밀크티' 앓이 중인 베트남...제조업 이어 소비재까지 韓中전 판 커진다,,https://n.news.naver.com/mnews/article/014/0005581189,2026-09-27T17:46:00+09:00,,9면,
파이낸셜뉴스,naver_paper,,한국대사관 주최 '베트남 전국 한국어 말하기 대회',,https://n.news.naver.com/mnews/article/014/0005581188,2026-09-27T17:46:00+09:00,,9면,
파이낸셜뉴스,naver_paper,,기업대출 풀었더니 부실도 쑥… '연체 그림자' 짙어진다[다시 고금리 시대],,https://n.news.naver.com/mnews/article/014/0005581190,2026-09-27T17:48:00+09:00,,10면,
파이낸셜뉴스,naver_paper,,"작게, 또 크게… 종신보험 가입액 '세분화'",,https://n.news.naver.com/mnews/article/014/0005581191,2026-09-27T17:48:00+09:00,,10면,
파이낸셜뉴스,naver_paper,,"대출 갈아탔더니 이자 더 비싸네... 대환대출 금리, 신규보다 높아",,https://n.news.naver.com/mnews/article/014/0005581192,2026-09-27T17:48:00+09:00,,10면,
파이낸셜뉴스,naver_paper,,"금융당국, 서민금융·고정금리 대출 확대 고심",,https://n.news.naver.com/mnews/article/014/0005581193,2026-09-27T17:48:00+09:00,,10면,
파이낸셜뉴스,naver_paper,,"농협금융, 금연·걷기·건강검진과 금융 혜택 연계",,https://n.news.naver.com/mnews/article/014/0005581194,2026-09-27T17:49:00+09:00,,10면,
한국경제,naver_paper,,[단독] 30년째 그대로…집 한채 중산층 덮친 '낡은 상속세',,https://n.news.naver.com/mnews/article/015/0005336299,2026-09-27T16:57:00+09:00,,A1면,
한국경제,naver_paper,,"""코스피 4분기 7700 예상…국내보다 미국 주식 유망""",,https://n.news.naver.com/mnews/article/015/0005336309,2026-09-27T17:07:00+09:00,,A1면,
한국경제,naver_paper,,"""수도권 집값 내년까지 오를 것""",,https://n.news.naver.com/mnews/article/015/0005336303,2026-09-27T17:01:00+09:00,,A1면,
한국경제,naver_paper,,빅딜 없이 '소문난 잔치'로 끝난 美·中 정상회담,,https://n.news.naver.com/mnews/article/015/0005336301,2026-09-27T17:00:00+09:00,,A1면,
한국경제,naver_paper,,‘무료 AI 비서’ 메타 뮤즈 써보니 [한경 프리미엄9 TODAY],,https://n.news.naver.com/mnews/article/015/0005336377,2026-09-27T18:00:00+09:00,,A2면,
한국경제,naver_paper,,"""한국에서 전기차 사면 6000만원 싸다""…역대급 상황",,https://n.news.naver.com/mnews/article/015/0005336305,2026-09-27T17:02:00+09:00,,A2면,
한국경제,naver_paper,,車업계 휴머노이드 대전…中 샤오펑·둥펑 연내 공장 투입,,https://n.news.naver.com/mnews/article/015/0005336375,2026-09-27T17:58:00+09:00,,A2면,
한국경제,naver_paper,,운전보조금·자녀교육비…'의미 없어진' 공제 항목들,,https://n.news.naver.com/mnews/article/015/0005336372,2026-09-27T17:57:00+09:00,,A3면,
한국경제,naver_paper,,증여세 공제액도 10여년째 5000만원 고정,,https://n.news.naver.com/mnews/article/015/0005336376,2026-09-27T17:58:00+09:00,,A3면,
한국경제,naver_paper,,"0.7%에만 부과되던 상속세, 서울은 10명 중 2명에 청구서",,https://n.news.naver.com/mnews/article/015/0005336300,2026-09-27T16:58:00+09:00,,A3면,
한국경제,naver_paper,,"겉으론 ""성공적 회담""…AI·반도체·대만 문제엔 '딴 생각'",,https://n.news.naver.com/mnews/article/015/0005336302,2026-09-27T17:00:00+09:00,,A4면,
한국경제,naver_paper,,美 장기채 급등에도 경제지표·증시 '호조',,https://n.news.naver.com/mnews/article/015/0005336374,2026-09-27T17:57:00+09:00,,A4면,
한국경제,naver_paper,,이란 '호르무즈 카드' 힘 빠졌나…'7일내 재개방' 제안 트럼프가 거부,,https://n.news.naver.com/mnews/article/015/0005336373,2026-09-27T17:57:00+09:00,,A4면,
한국경제,naver_paper,,"10명 중 8명 ""비거주 1주택 稅 강화 안돼""",,https://n.news.naver.com/mnews/article/015/0005336368,2026-09-27T17:55:00+09:00,,A5면,
한국경제,naver_paper,,유망 부동산은 '공공·민간 분양'이 1순위,,https://n.news.naver.com/mnews/article/015/0005336371,2026-09-27T17:57:00+09:00,,A5면,
한국경제,naver_paper,,"""수도권 전세, 연말까지 3% 이상 강세…집값도 밀어올릴 것""",,https://n.news.naver.com/mnews/article/015/0005336306,2026-09-27T17:03:00+09:00,,A5면,
한국경제,naver_paper,,"대법관·DMZ 폭발…돌아온 이재명 대통령, 산적한 과제",,https://n.news.naver.com/mnews/article/015/0005336398,2026-09-27T23:01:00+09:00,,A6면,
한국경제,naver_paper,,신재생에너지 넘치자 원전 끈 한수원…5년간 1032억 손실,,https://n.news.naver.com/mnews/article/015/0005336370,2026-09-27T17:55:00+09:00,,A6면,
한국경제,naver_paper,,"北 포로 송환 공개 '진실공방'…李 ""우크라, 비공개 합의 어겨""",,https://n.news.naver.com/mnews/article/015/0005336352,2026-09-27T17:38:00+09:00,,A6면,
한국경제,naver_paper,,"與 ""민생 입법 속도""…野 ""국민 폭발 직전""",,https://n.news.naver.com/mnews/article/015/0005336367,2026-09-27T17:54:00+09:00,,A6면,
한국경제,naver_paper,,"與, 버스 면허 유효기간 10년 제한 추진",,https://n.news.naver.com/mnews/article/015/0005336366,2026-09-27T17:54:00+09:00,,A6면,
한국경제,naver_paper,,"""KOICA, 임직원 상품권으로 1.3억 펑펑…청렴도 수직낙하""",,https://n.news.naver.com/mnews/article/015/0005336369,2026-09-27T17:55:00+09:00,,A6면,
한국경제,naver_paper,,배송·주차·청소까지…'로봇 아파트' 뜬다,,https://n.news.naver.com/mnews/article/015/0005336304,2026-09-27T17:02:00+09:00,,A8면,
한국경제,naver_paper,공정위,"공정위 퇴직 공무원 86명, 대형 로펌行",,https://n.news.naver.com/mnews/article/015/0005336363,2026-09-27T17:53:00+09:00,,A8면,
한국경제,naver_paper,,미래기금 사업 131건…감액은 6건에 그쳤다,,https://n.news.naver.com/mnews/article/015/0005336351,2026-09-27T17:34:00+09:00,,A8면,
한국경제,naver_paper,,외환시장 24시간 개방에도…오전 2~9시 거래는 1%뿐,,https://n.news.naver.com/mnews/article/015/0005336365,2026-09-27T17:54:00+09:00,,A8면,
한국경제,naver_paper,,"""가정용 휴머노이드 개발 20년 걸리지만, 산업용은 2년 내 가능""",,https://n.news.naver.com/mnews/article/015/0005336364,2026-09-27T17:53:00+09:00,,A10면,
한국경제,naver_paper,,"""韓 부동산에 2.8조원 이상 추가 투자…운용사 M&A도 검토""",,https://n.news.naver.com/mnews/article/015/0005336362,2026-09-27T17:51:00+09:00,,A10면,
한국경제,naver_paper,,"""왕궁 같이 뛸래요?""…연애 고픈 日 청년층, 러닝크루 열풍",,https://n.news.naver.com/mnews/article/015/0005336360,2026-09-27T17:50:00+09:00,,A12면,
한국경제,naver_paper,,시총 3000% 폭등' 반전…돈 몰리는 '뜻밖의 기업',,https://n.news.naver.com/mnews/article/015/0005336322,2026-09-27T17:18:00+09:00,,A12면,
한국경제,naver_paper,,"인도 북부·네팔, 홍수·산사태로 최소 80명 사망·실종",,https://n.news.naver.com/mnews/article/015/0005336396,2026-09-27T22:03:00+09:00,,A12면,
한국경제,naver_paper,,"""인공지능이 아니라 슈퍼지능""…용어 바꾸려는 트럼프 속내는",,https://n.news.naver.com/mnews/article/015/0005336361,2026-09-27T17:50:00+09:00,,A12면,
한국경제,naver_paper,,"외국인 美 주식 순매수, 9420억달러 '역대 최대'",,https://n.news.naver.com/mnews/article/015/0005336359,2026-09-27T17:50:00+09:00,,A12면,
한국경제,naver_paper,,삼성전자 영업이익 3분기 100조 넘을듯,,https://n.news.naver.com/mnews/article/015/0005336344,2026-09-27T17:28:00+09:00,,A14면,
한국경제,naver_paper,,'아이폰 특수'는 옛말…웃지 못하는 K부품사,,https://n.news.naver.com/mnews/article/015/0005336307,2026-09-27T17:04:00+09:00,,A14면,
한국경제,naver_paper,,"솔리다임, 내년 美 상장 추진",,https://n.news.naver.com/mnews/article/015/0005336355,2026-09-27T17:44:00+09:00,,A14면,
한국경제,naver_paper,,KFC·공차·맘스터치…PEF가 외식업체에 입맛들인 까닭,,https://n.news.naver.com/mnews/article/015/0005336356,2026-09-27T17:45:00+09:00,,A14면,
한국경제,naver_paper,,"LG전자, 엔비디아 냉각 분야 파트너로 선정",,https://n.news.naver.com/mnews/article/015/0005336353,2026-09-27T17:42:00+09:00,,A14면,
한국경제,naver_paper,,"신형 팰리세이드, 20개월 만에 30만대 판매",,https://n.news.naver.com/mnews/article/015/0005336354,2026-09-27T17:43:00+09:00,,A14면,
한국경제,naver_paper,,K콘텐츠 날아올라도…실속은 해외 OTT 몫,,https://n.news.naver.com/mnews/article/015/0005336348,2026-09-27T17:30:00+09:00,,A23면,
한국경제,naver_paper,,"""국민성장펀드 일부 떼어내 코스닥 활성화에 투입해야""",,https://n.news.naver.com/mnews/article/015/0005336345,2026-09-27T17:28:00+09:00,,A23면,
한국경제,naver_paper,,"""제조업 데이터 디지털화가 AX 출발점""",,https://n.news.naver.com/mnews/article/015/0005336308,2026-09-27T17:06:00+09:00,,A23면,
한국경제,naver_paper,,"오픈AI, 첨단 AI 모델 개발 중단",,https://n.news.naver.com/mnews/article/015/0005336347,2026-09-27T17:28:00+09:00,,A23면,
한국경제,naver_paper,,기업 업무지원 플랫폼 KT '에이전틱 온' 공개,,https://n.news.naver.com/mnews/article/015/0005336346,2026-09-27T17:28:00+09:00,,A23면,
한국경제,naver_paper,,"""신제품 대박나도 세금 폭탄""…75세 사장 한숨 쉰 까닭",,https://n.news.naver.com/mnews/article/015/0005336311,2026-09-27T17:09:00+09:00,,A24면,
한국경제,naver_paper,,"김한신 프리시젼바이오 대표 ""진단키트 美판매 늘려 올해 흑자전환할 것""",,https://n.news.naver.com/mnews/article/015/0005336342,2026-09-27T17:27:00+09:00,,A24면,
한국경제,naver_paper,,"TYM ""내년 자율주행 트랙터 상용화…스마트 농기계로 도약""",,https://n.news.naver.com/mnews/article/015/0005336343,2026-09-27T17:28:00+09:00,,A24면,
한국경제,naver_paper,,한 알에 2만원짜리 복숭아 '불티',,https://n.news.naver.com/mnews/article/015/0005336336,2026-09-27T17:25:00+09:00,,A25면,
한국경제,naver_paper,,1년 새 10% 오른 골프회원권 '주춤',,https://n.news.naver.com/mnews/article/015/0005336341,2026-09-27T17:26:00+09:00,,A25면,
한국경제,naver_paper,,서울서 '정장 1벌' 세탁 맡겼다가…깜짝 놀란 이유가,,https://n.news.naver.com/mnews/article/015/0005336340,2026-09-27T17:26:00+09:00,,A25면,
한국경제,naver_paper,,인쇄용지 13% 인상 추진…제지·인쇄업계 갈등 고조,,https://n.news.naver.com/mnews/article/015/0005336339,2026-09-27T17:26:00+09:00,,A25면,
한국경제,naver_paper,,원유보다 더 뛴 LNG…겨울까지 고공행진,,https://n.news.naver.com/mnews/article/015/0005336338,2026-09-27T17:26:00+09:00,,A25면,
한국경제,naver_paper,,"서울회생법원, 양재로 청사 이전",,https://n.news.naver.com/mnews/article/015/0005336329,2026-09-27T17:20:00+09:00,,A28면,
한국경제,naver_paper,,中 투자자와 2600억대 ISDS…韓 정부 승소로 이끈 비결은,,https://n.news.naver.com/mnews/article/015/0005336334,2026-09-27T17:22:00+09:00,,A28면,
한국경제,naver_paper,,"린, 엔터 전담팀 출범…K콘텐츠 수출 이끈다",,https://n.news.naver.com/mnews/article/015/0005336333,2026-09-27T17:22:00+09:00,,A28면,
한국경제,naver_paper,,"무안공항 참사 유가족, 왜 韓 대신 美 법정 택했나",,https://n.news.naver.com/mnews/article/015/0005336313,2026-09-27T17:12:00+09:00,,A28면,
한국경제,naver_paper,,"""몸집 불려야 산다""…로펌 잇따라 빅딜",,https://n.news.naver.com/mnews/article/015/0005336331,2026-09-27T17:21:00+09:00,,A28면,
한국경제,naver_paper,,"광장, 중수청·공소청 대응 세미나",,https://n.news.naver.com/mnews/article/015/0005336332,2026-09-27T17:21:00+09:00,,A28면,
한국경제,naver_paper,,"서울지하철, 역이름 팔아 280억 벌었다",,https://n.news.naver.com/mnews/article/015/0005336325,2026-09-27T17:18:00+09:00,,A29면,
한국경제,naver_paper,,"'호남 반도체' 용수원 동복댐, 증축으로 용수 확보",,https://n.news.naver.com/mnews/article/015/0005336323,2026-09-27T17:18:00+09:00,,A29면,
한국경제,naver_paper,,"""부캉이 볼래요""…연휴 나흘간 47만명이 부산 북항 찾았다",,https://n.news.naver.com/mnews/article/015/0005336328,2026-09-27T17:19:00+09:00,,A29면,
한국경제,naver_paper,,학교 재정 수조원 늘린다는 서울대 총장 예비 후보들,,https://n.news.naver.com/mnews/article/015/0005336326,2026-09-27T17:18:00+09:00,,A29면,
한국경제,naver_paper,,병가 내고 日 여행 간 선관위 간부 집유,,https://n.news.naver.com/mnews/article/015/0005336324,2026-09-27T17:18:00+09:00,,A29면,
한국경제,naver_paper,,"[단독] ""의대 말고 공대 갈래요""…반도체 호황에 '반전'",,https://n.news.naver.com/mnews/article/015/0005336330,2026-09-27T17:20:00+09:00,,A29면,
한국경제,naver_paper,,[포토] 추석 연휴 마지막 날 북적이는 경복궁,,https://n.news.naver.com/mnews/article/015/0005336327,2026-09-27T17:19:00+09:00,,A29면,
한국경제,naver_paper,,"'뿌리' 찾으려 모은 RM의 컬렉션, 미국서 전시",,https://n.news.naver.com/mnews/article/015/0005336321,2026-09-27T17:17:00+09:00,,A30면,
한국경제,naver_paper,,올해 노벨문학상 수상자는? 애트우드·찬쉐 등 물망,,https://n.news.naver.com/mnews/article/015/0005336317,2026-09-27T17:14:00+09:00,,A30면,
한국경제,naver_paper,,"클래식부산 예술감독 정명훈, 다음달 '3색 공연' 선보인다",,https://n.news.naver.com/mnews/article/015/0005336319,2026-09-27T17:14:00+09:00,,A30면,
한국경제,naver_paper,,"세계적 성악가 백석종, 오페라계 오스카 후보로",,https://n.news.naver.com/mnews/article/015/0005336320,2026-09-27T17:16:00+09:00,,A30면,
한국경제,naver_paper,,"""연극은 무엇이어야 할까요""",,https://n.news.naver.com/mnews/article/015/0005336318,2026-09-27T17:14:00+09:00,,A30면,
한국경제,naver_paper,,"12년 만에 남녀 동반 우승…韓농구, 침체 딛고 부활 알렸다",,https://n.news.naver.com/mnews/article/015/0005336316,2026-09-27T17:13:00+09:00,,A31면,
한국경제,naver_paper,,"0.14점 차로 中 제친 남동헌, 마장마술 정상 탈환",,https://n.news.naver.com/mnews/article/015/0005336315,2026-09-27T17:12:00+09:00,,A31면,
한국경제,naver_paper,,"한국 야구, 일본 꺾고 '금빛 홈런'…5연속 아시아 정상",,https://n.news.naver.com/mnews/article/015/0005336399,2026-09-27T23:01:00+09:00,,A31면,
한국경제,naver_paper,,女핸드볼 8년 만에 우승…日 안방서 3년전 패배 설욕,,https://n.news.naver.com/mnews/article/015/0005336394,2026-09-27T22:01:00+09:00,,A31면,
한국경제,naver_paper,,女사브르 단체전 '金 찌르기'…AG 펜싱 마지막 퍼즐 완성,,https://n.news.naver.com/mnews/article/015/0005336395,2026-09-27T22:02:00+09:00,,A31면,
한국경제,naver_paper,,"'17세' 강준이, 스케이트보드 사상 첫 金",,https://n.news.naver.com/mnews/article/015/0005336314,2026-09-27T17:12:00+09:00,,A31면,
한국경제,naver_paper,,"LG유플러스, 화담숲에 우리 고유식물 120종 심어",,https://n.news.naver.com/mnews/article/015/0005336296,2026-09-27T16:54:00+09:00,,A33면,
한국경제,naver_paper,,[한경에세이] 멀지만 가까운 나라 호주,,https://n.news.naver.com/mnews/article/015/0005336404,2026-09-28T00:10:00+09:00,,A33면,
한국경제,naver_paper,,[이서연의 돌봄과 실버사회] 늘어난 돌봄이 말해주지 않는 것,,https://n.news.naver.com/mnews/article/015/0005336405,2026-09-28T00:14:00+09:00,,A33면,
한국경제,naver_paper,,"[MZ 톡톡] AI 시대, 일의 재설계",,https://n.news.naver.com/mnews/article/015/0005336406,2026-09-28T00:14:00+09:00,,A33면,
한국경제,naver_paper,,"[비즈니스 인사이트] 호르무즈 사태, CEO는 기업 안보의 상황실장 돼야",,https://n.news.naver.com/mnews/article/015/0005336407,2026-09-28T00:21:00+09:00,,A33면,
한국경제,naver_paper,,[데스크 칼럼] 고금리 겨울이 온다,,https://n.news.naver.com/mnews/article/015/0005336412,2026-09-28T00:23:00+09:00,,A34면,
한국경제,naver_paper,,[취재수첩] 중국 기자단의 나비 넥타이 뒤에 숨은 의도,,https://n.news.naver.com/mnews/article/015/0005336413,2026-09-28T00:24:00+09:00,,A34면,
한국경제,naver_paper,,"[백광엽 칼럼] 경자유전·주자유택, 철 지난 부동산 해법",,https://n.news.naver.com/mnews/article/015/0005336415,2026-09-28T00:25:00+09:00,,A34면,
한국경제,naver_paper,,"[시론] 의무공개매수제, 이미 실험해봤다",,https://n.news.naver.com/mnews/article/015/0005336411,2026-09-28T00:22:00+09:00,,A35면,
한국경제,naver_paper,공정위,[사설] 로펌 이직하니 월 3000만원…'무소불위 공정위' 단면 아닌지,,https://n.news.naver.com/mnews/article/015/0005336408,2026-09-28T00:22:00+09:00,,A35면,
한국경제,naver_paper,,"[사설] 우크라 北 포로 한국행, 국민에 상세히 설명해 논란 없애야",,https://n.news.naver.com/mnews/article/015/0005336409,2026-09-28T00:22:00+09:00,,A35면,
한국경제,naver_paper,,"[사설] ""서울 전셋값, 내년 하반기까지 상승""…시장안정 해법 찾아야",,https://n.news.naver.com/mnews/article/015/0005336410,2026-09-28T00:22:00+09:00,,A35면,
한국경제,naver_paper,,[천자칼럼] AI 핫라인,,https://n.news.naver.com/mnews/article/015/0005336414,2026-09-28T00:24:00+09:00,,A35면,
한국경제,naver_paper,,[단독] 30년째 그대로…집 한채 중산층 덮친 '낡은 상속세',,https://n.news.naver.com/mnews/article/015/0005336299,2026-09-27T16:57:00+09:00,,A1면,
한국경제,naver_paper,,"""코스피 4분기 7700 예상…국내보다 미국 주식 유망""",,https://n.news.naver.com/mnews/article/015/0005336309,2026-09-27T17:07:00+09:00,,A1면,
한국경제,naver_paper,,"""수도권 집값 내년까지 오를 것""",,https://n.news.naver.com/mnews/article/015/0005336303,2026-09-27T17:01:00+09:00,,A1면,
한국경제,naver_paper,,빅딜 없이 '소문난 잔치'로 끝난 美·中 정상회담,,https://n.news.naver.com/mnews/article/015/0005336301,2026-09-27T17:00:00+09:00,,A1면,
한국경제,naver_paper,,‘무료 AI 비서’ 메타 뮤즈 써보니 [한경 프리미엄9 TODAY],,https://n.news.naver.com/mnews/article/015/0005336377,2026-09-27T18:00:00+09:00,,A2면,
한국경제,naver_paper,,"""한국에서 전기차 사면 6000만원 싸다""…역대급 상황",,https://n.news.naver.com/mnews/article/015/0005336305,2026-09-27T17:02:00+09:00,,A2면,
한국경제,naver_paper,,車업계 휴머노이드 대전…中 샤오펑·둥펑 연내 공장 투입,,https://n.news.naver.com/mnews/article/015/0005336375,2026-09-27T17:58:00+09:00,,A2면,
한국경제,naver_paper,,운전보조금·자녀교육비…'의미 없어진' 공제 항목들,,https://n.news.naver.com/mnews/article/015/0005336372,2026-09-27T17:57:00+09:00,,A3면,
한국경제,naver_paper,,증여세 공제액도 10여년째 5000만원 고정,,https://n.news.naver.com/mnews/article/015/0005336376,2026-09-27T17:58:00+09:00,,A3면,
한국경제,naver_paper,,"0.7%에만 부과되던 상속세, 서울은 10명 중 2명에 청구서",,https://n.news.naver.com/mnews/article/015/0005336300,2026-09-27T16:58:00+09:00,,A3면,
한국경제,naver_paper,,"겉으론 ""성공적 회담""…AI·반도체·대만 문제엔 '딴 생각'",,https://n.news.naver.com/mnews/article/015/0005336302,2026-09-27T17:00:00+09:00,,A4면,
한국경제,naver_paper,,美 장기채 급등에도 경제지표·증시 '호조',,https://n.news.naver.com/mnews/article/015/0005336374,2026-09-27T17:57:00+09:00,,A4면,
한국경제,naver_paper,,이란 '호르무즈 카드' 힘 빠졌나…'7일내 재개방' 제안 트럼프가 거부,,https://n.news.naver.com/mnews/article/015/0005336373,2026-09-27T17:57:00+09:00,,A4면,
한국경제,naver_paper,,"10명 중 8명 ""비거주 1주택 稅 강화 안돼""",,https://n.news.naver.com/mnews/article/015/0005336368,2026-09-27T17:55:00+09:00,,A5면,
한국경제,naver_paper,,유망 부동산은 '공공·민간 분양'이 1순위,,https://n.news.naver.com/mnews/article/015/0005336371,2026-09-27T17:57:00+09:00,,A5면,
한국경제,naver_paper,,"""수도권 전세, 연말까지 3% 이상 강세…집값도 밀어올릴 것""",,https://n.news.naver.com/mnews/article/015/0005336306,2026-09-27T17:03:00+09:00,,A5면,
한국경제,naver_paper,,"대법관·DMZ 폭발…돌아온 이재명 대통령, 산적한 과제",,https://n.news.naver.com/mnews/article/015/0005336398,2026-09-27T23:01:00+09:00,,A6면,
한국경제,naver_paper,,신재생에너지 넘치자 원전 끈 한수원…5년간 1032억 손실,,https://n.news.naver.com/mnews/article/015/0005336370,2026-09-27T17:55:00+09:00,,A6면,
한국경제,naver_paper,,"北 포로 송환 공개 '진실공방'…李 ""우크라, 비공개 합의 어겨""",,https://n.news.naver.com/mnews/article/015/0005336352,2026-09-27T17:38:00+09:00,,A6면,
한국경제,naver_paper,,"與 ""민생 입법 속도""…野 ""국민 폭발 직전""",,https://n.news.naver.com/mnews/article/015/0005336367,2026-09-27T17:54:00+09:00,,A6면,
한국경제,naver_paper,,"與, 버스 면허 유효기간 10년 제한 추진",,https://n.news.naver.com/mnews/article/015/0005336366,2026-09-27T17:54:00+09:00,,A6면,
한국경제,naver_paper,,"""KOICA, 임직원 상품권으로 1.3억 펑펑…청렴도 수직낙하""",,https://n.news.naver.com/mnews/article/015/0005336369,2026-09-27T17:55:00+09:00,,A6면,
한국경제,naver_paper,,배송·주차·청소까지…'로봇 아파트' 뜬다,,https://n.news.naver.com/mnews/article/015/0005336304,2026-09-27T17:02:00+09:00,,A8면,
한국경제,naver_paper,,"공정위 퇴직 공무원 86명, 대형 로펌行",,https://n.news.naver.com/mnews/article/015/0005336363,2026-09-27T17:53:00+09:00,,A8면,
한국경제,naver_paper,,미래기금 사업 131건…감액은 6건에 그쳤다,,https://n.news.naver.com/mnews/article/015/0005336351,2026-09-27T17:34:00+09:00,,A8면,
한국경제,naver_paper,,외환시장 24시간 개방에도…오전 2~9시 거래는 1%뿐,,https://n.news.naver.com/mnews/article/015/0005336365,2026-09-27T17:54:00+09:00,,A8면,
한국경제,naver_paper,,"""가정용 휴머노이드 개발 20년 걸리지만, 산업용은 2년 내 가능""",,https://n.news.naver.com/mnews/article/015/0005336364,2026-09-27T17:53:00+09:00,,A10면,
한국경제,naver_paper,,"""韓 부동산에 2.8조원 이상 추가 투자…운용사 M&A도 검토""",,https://n.news.naver.com/mnews/article/015/0005336362,2026-09-27T17:51:00+09:00,,A10면,
한국경제,naver_paper,,[단독] 30년째 그대로…집 한채 중산층 덮친 '낡은 상속세',,https://n.news.naver.com/mnews/article/015/0005336299,2026-09-27T16:57:00+09:00,,A1면,
한국경제,naver_paper,,"""코스피 4분기 7700 예상…국내보다 미국 주식 유망""",,https://n.news.naver.com/mnews/article/015/0005336309,2026-09-27T17:07:00+09:00,,A1면,
한국경제,naver_paper,,"""수도권 집값 내년까지 오를 것""",,https://n.news.naver.com/mnews/article/015/0005336303,2026-09-27T17:01:00+09:00,,A1면,
한국경제,naver_paper,,빅딜 없이 '소문난 잔치'로 끝난 美·中 정상회담,,https://n.news.naver.com/mnews/article/015/0005336301,2026-09-27T17:00:00+09:00,,A1면,
한국경제,naver_paper,,‘무료 AI 비서’ 메타 뮤즈 써보니 [한경 프리미엄9 TODAY],,https://n.news.naver.com/mnews/article/015/0005336377,2026-09-27T18:00:00+09:00,,A2면,
한국경제,naver_paper,,"""한국에서 전기차 사면 6000만원 싸다""…역대급 상황",,https://n.news.naver.com/mnews/article/015/0005336305,2026-09-27T17:02:00+09:00,,A2면,
한국경제,naver_paper,,車업계 휴머노이드 대전…中 샤오펑·둥펑 연내 공장 투입,,https://n.news.naver.com/mnews/article/015/0005336375,2026-09-27T17:58:00+09:00,,A2면,
한국경제,naver_paper,,운전보조금·자녀교육비…'의미 없어진' 공제 항목들,,https://n.news.naver.com/mnews/article/015/0005336372,2026-09-27T17:57:00+09:00,,A3면,
한국경제,naver_paper,,증여세 공제액도 10여년째 5000만원 고정,,https://n.news.naver.com/mnews/article/015/0005336376,2026-09-27T17:58:00+09:00,,A3면,
한국경제,naver_paper,,"0.7%에만 부과되던 상속세, 서울은 10명 중 2명에 청구서",,https://n.news.naver.com/mnews/article/015/0005336300,2026-09-27T16:58:00+09:00,,A3면,
한국경제,naver_paper,,"겉으론 ""성공적 회담""…AI·반도체·대만 문제엔 '딴 생각'",,https://n.news.naver.com/mnews/article/015/0005336302,2026-09-27T17:00:00+09:00,,A4면,
한국경제,naver_paper,,美 장기채 급등에도 경제지표·증시 '호조',,https://n.news.naver.com/mnews/article/015/0005336374,2026-09-27T17:57:00+09:00,,A4면,
한국경제,naver_paper,,이란 '호르무즈 카드' 힘 빠졌나…'7일내 재개방' 제안 트럼프가 거부,,https://n.news.naver.com/mnews/article/015/0005336373,2026-09-27T17:57:00+09:00,,A4면,
한국경제,naver_paper,,"10명 중 8명 ""비거주 1주택 稅 강화 안돼""",,https://n.news.naver.com/mnews/article/015/0005336368,2026-09-27T17:55:00+09:00,,A5면,
한국경제,naver_paper,,유망 부동산은 '공공·민간 분양'이 1순위,,https://n.news.naver.com/mnews/article/015/0005336371,2026-09-27T17:57:00+09:00,,A5면,
한국경제,naver_paper,,"""수도권 전세, 연말까지 3% 이상 강세…집값도 밀어올릴 것""",,https://n.news.naver.com/mnews/article/015/0005336306,2026-09-27T17:03:00+09:00,,A5면,
한국경제,naver_paper,,"대법관·DMZ 폭발…돌아온 이재명 대통령, 산적한 과제",,https://n.news.naver.com/mnews/article/015/0005336398,2026-09-27T23:01:00+09:00,,A6면,
한국경제,naver_paper,,신재생에너지 넘치자 원전 끈 한수원…5년간 1032억 손실,,https://n.news.naver.com/mnews/article/015/0005336370,2026-09-27T17:55:00+09:00,,A6면,
한국경제,naver_paper,,"北 포로 송환 공개 '진실공방'…李 ""우크라, 비공개 합의 어겨""",,https://n.news.naver.com/mnews/article/015/0005336352,2026-09-27T17:38:00+09:00,,A6면,
한국경제,naver_paper,,"與 ""민생 입법 속도""…野 ""국민 폭발 직전""",,https://n.news.naver.com/mnews/article/015/0005336367,2026-09-27T17:54:00+09:00,,A6면,
한국경제,naver_paper,,"與, 버스 면허 유효기간 10년 제한 추진",,https://n.news.naver.com/mnews/article/015/0005336366,2026-09-27T17:54:00+09:00,,A6면,
한국경제,naver_paper,,"""KOICA, 임직원 상품권으로 1.3억 펑펑…청렴도 수직낙하""",,https://n.news.naver.com/mnews/article/015/0005336369,2026-09-27T17:55:00+09:00,,A6면,
한국경제,naver_paper,,배송·주차·청소까지…'로봇 아파트' 뜬다,,https://n.news.naver.com/mnews/article/015/0005336304,2026-09-27T17:02:00+09:00,,A8면,
한국경제,naver_paper,,"공정위 퇴직 공무원 86명, 대형 로펌行",,https://n.news.naver.com/mnews/article/015/0005336363,2026-09-27T17:53:00+09:00,,A8면,
한국경제,naver_paper,,미래기금 사업 131건…감액은 6건에 그쳤다,,https://n.news.naver.com/mnews/article/015/0005336351,2026-09-27T17:34:00+09:00,,A8면,
한국경제,naver_paper,,외환시장 24시간 개방에도…오전 2~9시 거래는 1%뿐,,https://n.news.naver.com/mnews/article/015/0005336365,2026-09-27T17:54:00+09:00,,A8면,
한국경제,naver_paper,,"""가정용 휴머노이드 개발 20년 걸리지만, 산업용은 2년 내 가능""",,https://n.news.naver.com/mnews/article/015/0005336364,2026-09-27T17:53:00+09:00,,A10면,
한국경제,naver_paper,,"""韓 부동산에 2.8조원 이상 추가 투자…운용사 M&A도 검토""",,https://n.news.naver.com/mnews/article/015/0005336362,2026-09-27T17:51:00+09:00,,A10면,
한국경제,naver_paper,,거품 걷힌 여성 골프시장…진짜 실력파가 주도한다,,https://n.news.naver.com/mnews/article/015/0005336289,2026-09-27T16:15:00+09:00,,B1면,
한국경제,naver_paper,,AI로 수요 예측해 그린피 변동…지방 골프장 예약 부쩍 늘었다,,https://n.news.naver.com/mnews/article/015/0005336286,2026-09-27T16:12:00+09:00,,B2면,
한국경제,naver_paper,,KLPGA 투어 휩쓴 타이틀리스트…서교림 4승·김민솔 3승 합작,,https://n.news.naver.com/mnews/article/015/0005336288,2026-09-27T16:13:00+09:00,,B2면,
한국경제,naver_paper,,"볼빅, 무지갯빛 '엑시아 프리즘'…360도 라인 눈길",,https://n.news.naver.com/mnews/article/015/0005336283,2026-09-27T16:06:00+09:00,,B3면,
한국경제,naver_paper,,"쇼골프, 온천도 직접 운영…잘나가는 日 골프리조트",,https://n.news.naver.com/mnews/article/015/0005336284,2026-09-27T16:10:00+09:00,,B3면,
한국경제,naver_paper,,AI 센서 장착한 스크린골프…필드 뛰는 듯 더 정교하게 스핀샷,,https://n.news.naver.com/mnews/article/015/0005336285,2026-09-27T16:11:00+09:00,,B3면,
한국경제,naver_paper,,그린 주변이 진짜 승부처…'쇼트게임 해결사' 웨지를 잡아라,,https://n.news.naver.com/mnews/article/015/0005336282,2026-09-27T16:05:00+09:00,,B5면,
한국경제,naver_paper,,모바일 앱으로 1200개 골프장 이용…멤버십 구독 땐 그린피 할인,,https://n.news.naver.com/mnews/article/015/0005336310,2026-09-27T17:08:00+09:00,,B5면,
한국경제,naver_paper,,"던롭스포츠코리아, 신소재 입힌 'RTZ2 웨지'…더 깔끔한 타격감",,https://n.news.naver.com/mnews/article/015/0005336278,2026-09-27T16:02:00+09:00,,B7면,
한국경제,naver_paper,,"이길(E.ㄱIL), 특수 소재 파크골프 클럽으로 첫 공인 인증",,https://n.news.naver.com/mnews/article/015/0005336279,2026-09-27T16:03:00+09:00,,B7면,
한국경제,naver_paper,,"포천힐스CC, 명승부 펼쳐진 그 무대…메이저코스 된 18번홀 밟아볼까",,https://n.news.naver.com/mnews/article/015/0005336280,2026-09-27T16:03:00+09:00,,B7면,
한국경제,naver_paper,,[단독] 30년째 그대로…집 한채 중산층 덮친 '낡은 상속세',,https://n.news.naver.com/mnews/article/015/0005336299,2026-09-27T16:57:00+09:00,,A1면,
한국경제,naver_paper,,"""코스피 4분기 7700 예상…국내보다 미국 주식 유망""",,https://n.news.naver.com/mnews/article/015/0005336309,2026-09-27T17:07:00+09:00,,A1면,
한국경제,naver_paper,,"""수도권 집값 내년까지 오를 것""",,https://n.news.naver.com/mnews/article/015/0005336303,2026-09-27T17:01:00+09:00,,A1면,
한국경제,naver_paper,,빅딜 없이 '소문난 잔치'로 끝난 美·中 정상회담,,https://n.news.naver.com/mnews/article/015/0005336301,2026-09-27T17:00:00+09:00,,A1면,
한국경제,naver_paper,,‘무료 AI 비서’ 메타 뮤즈 써보니 [한경 프리미엄9 TODAY],,https://n.news.naver.com/mnews/article/015/0005336377,2026-09-27T18:00:00+09:00,,A2면,
한국경제,naver_paper,,"""한국에서 전기차 사면 6000만원 싸다""…역대급 상황",,https://n.news.naver.com/mnews/article/015/0005336305,2026-09-27T17:02:00+09:00,,A2면,
한국경제,naver_paper,,車업계 휴머노이드 대전…中 샤오펑·둥펑 연내 공장 투입,,https://n.news.naver.com/mnews/article/015/0005336375,2026-09-27T17:58:00+09:00,,A2면,
한국경제,naver_paper,,운전보조금·자녀교육비…'의미 없어진' 공제 항목들,,https://n.news.naver.com/mnews/article/015/0005336372,2026-09-27T17:57:00+09:00,,A3면,
한국경제,naver_paper,,증여세 공제액도 10여년째 5000만원 고정,,https://n.news.naver.com/mnews/article/015/0005336376,2026-09-27T17:58:00+09:00,,A3면,
한국경제,naver_paper,,"0.7%에만 부과되던 상속세, 서울은 10명 중 2명에 청구서",,https://n.news.naver.com/mnews/article/015/0005336300,2026-09-27T16:58:00+09:00,,A3면,
한국경제,naver_paper,,"겉으론 ""성공적 회담""…AI·반도체·대만 문제엔 '딴 생각'",,https://n.news.naver.com/mnews/article/015/0005336302,2026-09-27T17:00:00+09:00,,A4면,
한국경제,naver_paper,,美 장기채 급등에도 경제지표·증시 '호조',,https://n.news.naver.com/mnews/article/015/0005336374,2026-09-27T17:57:00+09:00,,A4면,
한국경제,naver_paper,,이란 '호르무즈 카드' 힘 빠졌나…'7일내 재개방' 제안 트럼프가 거부,,https://n.news.naver.com/mnews/article/015/0005336373,2026-09-27T17:57:00+09:00,,A4면,
한국경제,naver_paper,,"10명 중 8명 ""비거주 1주택 稅 강화 안돼""",,https://n.news.naver.com/mnews/article/015/0005336368,2026-09-27T17:55:00+09:00,,A5면,
한국경제,naver_paper,,유망 부동산은 '공공·민간 분양'이 1순위,,https://n.news.naver.com/mnews/article/015/0005336371,2026-09-27T17:57:00+09:00,,A5면,
한국경제,naver_paper,,"""수도권 전세, 연말까지 3% 이상 강세…집값도 밀어올릴 것""",,https://n.news.naver.com/mnews/article/015/0005336306,2026-09-27T17:03:00+09:00,,A5면,
한국경제,naver_paper,,"대법관·DMZ 폭발…돌아온 이재명 대통령, 산적한 과제",,https://n.news.naver.com/mnews/article/015/0005336398,2026-09-27T23:01:00+09:00,,A6면,
한국경제,naver_paper,,신재생에너지 넘치자 원전 끈 한수원…5년간 1032억 손실,,https://n.news.naver.com/mnews/article/015/0005336370,2026-09-27T17:55:00+09:00,,A6면,
한국경제,naver_paper,,"北 포로 송환 공개 '진실공방'…李 ""우크라, 비공개 합의 어겨""",,https://n.news.naver.com/mnews/article/015/0005336352,2026-09-27T17:38:00+09:00,,A6면,
한국경제,naver_paper,,"與 ""민생 입법 속도""…野 ""국민 폭발 직전""",,https://n.news.naver.com/mnews/article/015/0005336367,2026-09-27T17:54:00+09:00,,A6면,
한국경제,naver_paper,,"與, 버스 면허 유효기간 10년 제한 추진",,https://n.news.naver.com/mnews/article/015/0005336366,2026-09-27T17:54:00+09:00,,A6면,
한국경제,naver_paper,,"""KOICA, 임직원 상품권으로 1.3억 펑펑…청렴도 수직낙하""",,https://n.news.naver.com/mnews/article/015/0005336369,2026-09-27T17:55:00+09:00,,A6면,
한국경제,naver_paper,,배송·주차·청소까지…'로봇 아파트' 뜬다,,https://n.news.naver.com/mnews/article/015/0005336304,2026-09-27T17:02:00+09:00,,A8면,
한국경제,naver_paper,,"공정위 퇴직 공무원 86명, 대형 로펌行",,https://n.news.naver.com/mnews/article/015/0005336363,2026-09-27T17:53:00+09:00,,A8면,
한국경제,naver_paper,,미래기금 사업 131건…감액은 6건에 그쳤다,,https://n.news.naver.com/mnews/article/015/0005336351,2026-09-27T17:34:00+09:00,,A8면,
한국경제,naver_paper,,외환시장 24시간 개방에도…오전 2~9시 거래는 1%뿐,,https://n.news.naver.com/mnews/article/015/0005336365,2026-09-27T17:54:00+09:00,,A8면,
한국경제,naver_paper,,"""가정용 휴머노이드 개발 20년 걸리지만, 산업용은 2년 내 가능""",,https://n.news.naver.com/mnews/article/015/0005336364,2026-09-27T17:53:00+09:00,,A10면,
한국경제,naver_paper,,"""韓 부동산에 2.8조원 이상 추가 투자…운용사 M&A도 검토""",,https://n.news.naver.com/mnews/article/015/0005336362,2026-09-27T17:51:00+09:00,,A10면,
뉴스1,news1_api,"공정거래위원회, 공정위",공정위 정원 62% 증원에 36억…'세 집 살림'에 교육예산은 제자리,"공정거래위원회가 두 차례 조직개편으로 정원을 60% 넘게 늘리면서 청사 이전과 사무공간 확충, 집기·전산장비 구입 등에 36억 원에 가까운 비용을 투입한 것으로 나타났다. 급격한 증원으로 본부 직원 10명 중 4명가량은 정부세종청사 밖에서 근무하게 됐고, 근무지도 세 곳으로 분산됐다.반면 늘어난 인력의 업무 적응과 전문성 강화를 위한 교육훈련 예산은 3년째 1억 1550만원에 머물렀다. 정원이 648명에서 1052명으로 62.3% 늘어나는 동안",https://www.news1.kr/economy/trend/6302015,2026-09-28T06:05:00+09:00,"심서현 기자, 이강 기자",,공정거래위원회
뉴스1,news1_api,,"애플, 포항서 4회째 '스마트 제조 포럼'…역대 최다 참가",애플이 올해 4회째 포항에서 개최한 '스마트 제조 포럼'이 역대 최다인 540명 이상의 참가자를 기록하며 성료됐다.애플은 지난 16일부터 17일까지 포항공과대학교(포스텍)에서 포스텍·경상북도·포항시와 '2026 스마트 제조 포럼'을 공동 개최했다고 27일 밝혔다.2023년 처음 열린 스마트 제조 포럼은 글로벌 스마트 제조 기술 트렌드를 공유하고 중소 제조기업을 위한 실질적인 제조 혁신 전략을 모색하기 위해 마련됐다. 올해 포럼은 '피지컬 AI와,https://www.news1.kr/it-science/general-it/6302270,2026-09-27T12:59:58+09:00,이기범 기자,,공정거래위원회
뉴스1,news1_api,"공정거래위원회, 공정위","송언석 ""공정위 CP 신청 4년간 7.8배 늘었지만 대기업 78%는 '무관심'""","공정거래위원회가 운영하는 '공정거래 자율준수제도(CP)'의 평가 신청기업이 인센티브 법제화 이후 크게 늘었지만, 대기업집단별 참여 편차가 크고 제도의 법 위반 예방 효과도 충분히 검증되지 않은 것으로 나타났다.25일 국회 정무위원회 소속 송언석 국민의힘 의원(경북 김천)이 공정거래위원회로부터 제출받은 자료를 분석한 결과, CP등급 평가 신청기업은 2021년 10개사에서 2022년 16개사, 2023년 28개사, 2024년 58개사, 2025년",https://www.news1.kr/politics/assembly/6300940,2026-09-25T08:00:00+09:00,김정률 기자,,공정거래위원회
뉴스1,news1_api,,"대미투자 3호 알래스카 LNG, 경제성 확보 '3가지' 과제 풀어야","대미 투자 3호 사업으로 알래스카 액화천연가스(LNG) 개발 사업이 거론되면서 우리 정부가 원칙으로 내세운 '상업적 합리성'을 어떻게 확보할 수 있을지에 관심이 쏠린다. 미국과 중국 기업들이 알래스카 LNG 개발을 추진했다 경제성이 떨어져 철수한 이력이 있기 때문이다.전문가들은 알래스카 LNG 사업이 성공하기 위해서는 연관 산업 동반 진출로 부가가치를 극대화하고 미국 정부의 보조금, 알래스카주 정부의 세액공제를 통해 경제성을 높여야 한다고 지적",https://www.news1.kr/industry/general-industry/6300900,2026-09-28T07:00:00+09:00,박기호 기자,,산업통상부
뉴스1,news1_api,"기후부, 산업통상부","이형일, 첫 경제현안간담회 가동…전기차·퇴직연금 논의","이형일 부총리 겸 재정경제부 장관이 27일 취임 후 첫 경제현안간담회를 열고 전기차 산업 정책 방향과 퇴직연금 제도 개선 방안을 논의했다. 후보자 시절 예고했던 관계부처·청와대 간 경제정책 조율 회의를 본격 가동한 것이다.재정경제부에 따르면 이 부총리는 이날 오후 관계부처 장관, 청와대 경제성장수석 등과 간담회를 개최했다.회의에는 기후부·고용노동부·기획예산처 장관과 금융위원장, 산업통상부 차관 등이 참석했다.정부는 이날 논의를 토대로 부처 간",https://www.news1.kr/economy/trend/6302505,2026-09-27T19:33:32+09:00,김혜지 기자,,산업통상부
뉴스1,news1_api,,대미 투자·안보협의 돌파구 찾은 한미…대북 대화 난도는 높아져,"이재명 대통령의 유엔총회 외교를 계기로 한미가 대미 투자 협상에서 기대했던 진전을 이루고 핵추진잠수함 도입과 원자력 협정 개정 등 주요 안보 현안의 협상 재개를 위한 발판을 마련했다.반면 우크라이나에 붙잡혔던 러시아 파병 북한군 포로의 한국행을 두고 한·우크라이나 간 '엇박자'가 노출되고, 미중 정상의 담판에서 북한 문제가 깊이 있게 논의되진 않은 듯하면서, 북한과의 대화 여건 마련은 더욱 어려워졌다는 평가가 27일 나온다.큰 부담 안고 뉴욕행",https://www.news1.kr/diplomacy/defense-diplomacy/6302265,2026-09-27T13:58:13+09:00,김예슬 기자,,산업통상부
뉴스1,news1_api,"산업부, 산업통상부","한-아세안 FTA 개선 2차 공식 협상 개최…""디지털·공급망 협력 강화""",한국과 동남아시아국가연합(ASEAN·아세안) 간 자유무역협정(FTA) 개선을 위한 제2차 공식협상이 28일부터 10월 1일까지 싱가포르에서 개최된다.산업통상부는 한국 측에서는 박근오 산업부 통상협정정책관과 아세안 측에서는 알파나 로이 싱가포르 무역산업부 국장을 각각 수석대표로 양측 대표단이 협상을 진행한다고 27일 밝혔다.한-아세안 FTA는 한국이 체결한 네 번째 FTA로 상품·서비스·투자 분야의 시장 개방이 폭넓게 담겼다.이번 개선 협상은 2,https://www.news1.kr/economy/idustry-trade/6302052,2026-09-27T11:00:00+09:00,김승준 기자,,산업통상부
뉴스1,news1_api,,"기업 20만곳 늘 때 직원 7천명 늘었다…""'1인 기업 78%' 투트랙 전략 필요""","국내 중소기업 수가 사상 처음으로 850만 개에 육박한 849만 9552개를 기록했지만, 1년간 늘어난 종사자는 7000여 명에 그쳤다. 중소기업 수가 늘어난 데 비해 종사자 수는 유지된 배경에는 1인 기업이 크게 늘어난 영향으로 분석된다.인공지능(AI)·로보틱스·반도체 등 딥테크 분야를 중심으로 소수 인력과 고도화된 컴퓨팅 인프라만으로 사업 모델을 검증하는 창업이 늘면서, 창업기업 수 증가가 자연스럽게 일자리 창출로 이어진다는 기존 공식이 약",https://www.news1.kr/industry/sb-founded/6300587,2026-09-27T06:00:00+09:00,김민석 기자,,산업통상부
뉴스1,news1_api,,'방산 4대 강국' 내걸었지만…중동엔 방사청 상주 인력 '0',"이재명 정부가 '방산 4대 강국'을 국정과제로 내걸고 재외공관을 방산 수출 지원 거점으로 활용하겠다고 밝혔지만, 정작 주요 수출 시장인 중동에는 방위사업청 상주 인력이 한 명도 없는 것으로 나타났다.27일 국회 외교통일위원회 소속 이재강 더불어민주당 의원실이 외교부·방사청·국방부에서 제출받은 자료에 따르면, 올해 8월 말 기준 재외공관 주재관은 365명 가운데 방사청 출신은 1명이다.주재관은 각 부처 공무원이 재외공관에 나가 소관 분야 업무를",https://www.news1.kr/diplomacy/defense-diplomacy/6301888,2026-09-27T06:00:00+09:00,한상희 기자,,산업통상부
뉴스1,news1_api,,공정위 정원 62% 증원에 36억…'세 집 살림'에 교육예산은 제자리,"공정거래위원회가 두 차례 조직개편으로 정원을 60% 넘게 늘리면서 청사 이전과 사무공간 확충, 집기·전산장비 구입 등에 36억 원에 가까운 비용을 투입한 것으로 나타났다. 급격한 증원으로 본부 직원 10명 중 4명가량은 정부세종청사 밖에서 근무하게 됐고, 근무지도 세 곳으로 분산됐다.반면 늘어난 인력의 업무 적응과 전문성 강화를 위한 교육훈련 예산은 3년째 1억 1550만원에 머물렀다. 정원이 648명에서 1052명으로 62.3% 늘어나는 동안",https://www.news1.kr/economy/trend/6302015,2026-09-28T06:05:00+09:00,"심서현 기자, 이강 기자",,공정위
뉴스1,news1_api,,"애플, 포항서 4회째 '스마트 제조 포럼'…역대 최다 참가",애플이 올해 4회째 포항에서 개최한 '스마트 제조 포럼'이 역대 최다인 540명 이상의 참가자를 기록하며 성료됐다.애플은 지난 16일부터 17일까지 포항공과대학교(포스텍)에서 포스텍·경상북도·포항시와 '2026 스마트 제조 포럼'을 공동 개최했다고 27일 밝혔다.2023년 처음 열린 스마트 제조 포럼은 글로벌 스마트 제조 기술 트렌드를 공유하고 중소 제조기업을 위한 실질적인 제조 혁신 전략을 모색하기 위해 마련됐다. 올해 포럼은 '피지컬 AI와,https://www.news1.kr/it-science/general-it/6302270,2026-09-27T12:59:58+09:00,이기범 기자,,공정위
뉴스1,news1_api,,"송언석 ""공정위 CP 신청 4년간 7.8배 늘었지만 대기업 78%는 '무관심'""","공정거래위원회가 운영하는 '공정거래 자율준수제도(CP)'의 평가 신청기업이 인센티브 법제화 이후 크게 늘었지만, 대기업집단별 참여 편차가 크고 제도의 법 위반 예방 효과도 충분히 검증되지 않은 것으로 나타났다.25일 국회 정무위원회 소속 송언석 국민의힘 의원(경북 김천)이 공정거래위원회로부터 제출받은 자료를 분석한 결과, CP등급 평가 신청기업은 2021년 10개사에서 2022년 16개사, 2023년 28개사, 2024년 58개사, 2025년",https://www.news1.kr/politics/assembly/6300940,2026-09-25T08:00:00+09:00,김정률 기자,,공정위
뉴스1,news1_api,,"한-아세안 FTA 개선 2차 공식 협상 개최…""디지털·공급망 협력 강화""",한국과 동남아시아국가연합(ASEAN·아세안) 간 자유무역협정(FTA) 개선을 위한 제2차 공식협상이 28일부터 10월 1일까지 싱가포르에서 개최된다.산업통상부는 한국 측에서는 박근오 산업부 통상협정정책관과 아세안 측에서는 알파나 로이 싱가포르 무역산업부 국장을 각각 수석대표로 양측 대표단이 협상을 진행한다고 27일 밝혔다.한-아세안 FTA는 한국이 체결한 네 번째 FTA로 상품·서비스·투자 분야의 시장 개방이 폭넓게 담겼다.이번 개선 협상은 2,https://www.news1.kr/economy/idustry-trade/6302052,2026-09-27T11:00:00+09:00,김승준 기자,,산업부
뉴스1,news1_api,,"[오늘의 주요일정] 충북·세종(28일, 월)",◇충북도-신용한 충북지사09:00 단양 타운홀미팅(단양)-이동옥 행정부지사10:00 충북대학교병원 조혈모세포이식센터 개소식(충북대학교병원)15:00 제51주년 민방위대 창설 기념행사(문화홀)-이복원 경제부지사10:00 현안업무 보고(경제부지사실)14:00 현안업무 보고(경제부지사실)16:30 도정현안 협의 관련 혁신도시발전추진단 방문(세종)◇충북도교육청-윤건영 교육감09:00 주간정책회의(204호 회의실)09:40 지방공무원 임용장 수여식(화합,https://www.news1.kr/local/sejong-chungbuk/6302465,2026-09-28T05:00:00+09:00,임양규 기자,,기후부
뉴스1,news1_api,,"이형일, 첫 경제현안간담회 가동…전기차·퇴직연금 논의","이형일 부총리 겸 재정경제부 장관이 27일 취임 후 첫 경제현안간담회를 열고 전기차 산업 정책 방향과 퇴직연금 제도 개선 방안을 논의했다. 후보자 시절 예고했던 관계부처·청와대 간 경제정책 조율 회의를 본격 가동한 것이다.재정경제부에 따르면 이 부총리는 이날 오후 관계부처 장관, 청와대 경제성장수석 등과 간담회를 개최했다.회의에는 기후부·고용노동부·기획예산처 장관과 금융위원장, 산업통상부 차관 등이 참석했다.정부는 이날 논의를 토대로 부처 간",https://www.news1.kr/economy/trend/6302505,2026-09-27T19:33:32+09:00,김혜지 기자,,기후부
뉴스1,news1_api,,미래기금 131개 사업 중 감액 6개뿐…90%는 부처 요구대로,"내년도 미래대응기금 지출 사업 131개 중 부처 요구액보다 예산이 줄어든 사업은 6개에 그친 것으로 나타났다. 나머지 125개는 부처 요구가 그대로 반영되거나 예산 편성 과정에서 추가·증액됐다.27일 박수영 국민의힘 의원이 기획예산처에서 제출받은 '2027년도 미래대응기금 예산사업설명자료'를 분석한 결과, 기금 간 전출 등을 제외한 순수 지출 사업 131개 중 119개(90.8%)는 부처 요구 원안대로 편성됐다.추가된 4개와 증액된 2개까지 합",https://www.news1.kr/economy/trend/6302381,2026-09-27T16:26:46+09:00,김혜지 기자,,기후부
뉴스1,news1_api,기후부,1196억 예산 편성 호남 반도체 용수사업…수몰 범위·주민 협의 아직,"정부가 호남권 반도체 산업단지 용수공급 사업에 내년 예산 1196억 원을 편성했지만, 핵심 사업인 동복댐 공사에 따른 수몰 예상 범위는 아직 정해지지 않은 것으로 나타났다.지방자치단체와의 관련 협의 공문·회의록은 없다고도 밝혔다. 주민 의견 수렴도 향후 추진할 계획이다.27일 박수영 국민의힘 의원이 기후부 등에서 제출받은 자료에 따르면 '호남권 반도체산단 용수공급 사업'의 내년도 미래대응기금 편성액은 1196억 4000만 원으로, 당초 부처 요",https://www.news1.kr/economy/trend/6302386,2026-09-27T16:23:16+09:00,김혜지 기자,,기후부
뉴스1,news1_api,"기후부, 기후에너지환경부","기후부, 500개 사업장 전기안전관리 조사 실시…""전기 재해 예방""",기후에너지환경부는 전국 500여 곳의 사업장을 대상으로 전기안전관리업무 실태조사를 실시한다고 27일 밝혔다.이번 실태조사는 '전기안전관리법'에 따라 28일부터 11월 13일까지 약 7주간 진행된다.전기안전관리업무 실태조사는 매년 1회 이상 시행되는 조사로 안전 관리가 미흡한 사항에 대해서는 개선 권고나 시정명령이 나올 수 있다.이번 조사 대상은 △전기안전관리자 미선임 사업장 △여러 사람이 이용하는 시설 △발전설비 및 전기차 충전시설 등 인명·재,https://www.news1.kr/economy/trend/6302049,2026-09-27T12:00:00+09:00,김승준 기자,,기후부
뉴스1,news1_api,,"기후부, 500개 사업장 전기안전관리 조사 실시…""전기 재해 예방""",기후에너지환경부는 전국 500여 곳의 사업장을 대상으로 전기안전관리업무 실태조사를 실시한다고 27일 밝혔다.이번 실태조사는 '전기안전관리법'에 따라 28일부터 11월 13일까지 약 7주간 진행된다.전기안전관리업무 실태조사는 매년 1회 이상 시행되는 조사로 안전 관리가 미흡한 사항에 대해서는 개선 권고나 시정명령이 나올 수 있다.이번 조사 대상은 △전기안전관리자 미선임 사업장 △여러 사람이 이용하는 시설 △발전설비 및 전기차 충전시설 등 인명·재,https://www.news1.kr/economy/trend/6302049,2026-09-27T12:00:00+09:00,김승준 기자,,기후에너지환경부
뉴스1,news1_api,,"""기후도 안보 변수""…軍, 'K-기후변화' 평가 도구 수립 검토","기후변화가 우리 군의 작전 환경과 전투 대비태세를 흔드는 변수 중 하나로 다가오면서, 군도 해외 사례를 참고해 'K-기후변화' 평가 및 대응 체계 수립을 검토 중이다. 개별 재난에 대한 대응을 넘어 기후변화에 따른 안보 변수를 정확히 식별하고 정책과 작전 전반을 아우르는 대응력을 높이기 위해서다.안보 전략 수립에 '기후' 반영하는 외국 軍…전담 평가 도구·조직 신설27일 뉴스1 취재에 따르면 미국 등 세계 주요국은 기후 위기에 따른 환경 변화를",https://www.news1.kr/diplomacy/defense-diplomacy/6302025,2026-09-27T06:00:00+09:00,김예원 기자,,기후에너지환경부
뉴스1,news1_api,,수소 생산설비도 안전기준 차등…소형 설비 상용화 '물꼬' [옴부즈만 규제망치],수소 생산설비도 위험도와 특성을 고려한 차등 안전기준이 마련되면서 소형 수소 생산설비 보급에 본격적인 물꼬가 터질 전망이다.그동안 국내 소형 수소 추출기 제조 중소기업들은 대용량 수소충전소 수준의 안전기준을 적용받아 현장 설치와 사업화가 어렵다는 애로를 호소해 왔다.실제로 많은 업체가 건물용·연구용·소규모 수급용으로 활용하는 친환경 소형 수소 생산설비를 개발했다. 그러나 대형 설비 기준에 맞춘 이격거리·비상정지제어·과도한 안전장치 성능 기준 등,https://www.news1.kr/industry/sb-founded/6300873,2026-09-26T09:00:00+09:00,정지윤 기자,,기후에너지환경부
뉴스1,news1_api,,RE100 PPA 중개 4차례 '0건'…평가자료·분석 문서도 없어,"정부가 재생에너지 발전사업자와 기업을 연결하기 위해 도입한 전력구매계약(PPA) 중개시장이 4차례 시범운영 동안 단 한 건의 계약도 성사시키지 못한 것으로 나타났다. 운영기관인 한국에너지공단은 4차례 운영을 종합한 별도의 결과보고서나 평가자료, 미성사 원인분석 문서는 없었다26일 뉴스1이 국회 기후에너지환경노동위원회 소속 박수민 국민의힘 의원실을 통해 확보한 한국에너지공단 자료에 따르면 '고정가격 경쟁입찰 연계형 PPA 중개 시장'은 2024년",https://www.news1.kr/economy/env-policy/6300272,2026-09-26T07:30:00+09:00,황덕현 기후환경전문기자,,기후에너지환경부
뉴스1,news1_api,,"[경남혁신도시 사수] ①""LH 분리 지역경제에 악영향…재검토해야""","정부는 지난 4일 ‘공공기관 기능개혁 추진 방안’을 발표하면서 LH를 두 개 기관으로 분리하기로 했다.정부의 발표가 나오자, 진주시와 지역 정치권, 상공계 등 지역사회 전체가 분리되는 2개 기관의 다른 지역 이전 가능성을 제기하며 크게 동요했다.다행히 LH가 분리되더라도 두 개 기관 본사는 진주에 존치한다는 정부의 방침이 나오면서 지역사회는 우선은 안도하는 분위기다.하지만 LH 분리에 따른 역할 축소 등 역작용에 대한 가능성도 제기되면서 시와",https://www.news1.kr/local/busan-gyeongnam/6300324,2026-09-25T10:00:00+09:00,한송학 기자,,기후에너지환경부
뉴스1,news1_api,,"대미투자 3호 알래스카 LNG, 경제성 확보 '3가지' 과제 풀어야","대미 투자 3호 사업으로 알래스카 액화천연가스(LNG) 개발 사업이 거론되면서 우리 정부가 원칙으로 내세운 '상업적 합리성'을 어떻게 확보할 수 있을지에 관심이 쏠린다. 미국과 중국 기업들이 알래스카 LNG 개발을 추진했다 경제성이 떨어져 철수한 이력이 있기 때문이다.전문가들은 알래스카 LNG 사업이 성공하기 위해서는 연관 산업 동반 진출로 부가가치를 극대화하고 미국 정부의 보조금, 알래스카주 정부의 세액공제를 통해 경제성을 높여야 한다고 지적",https://www.news1.kr/industry/general-industry/6300900,2026-09-28T07:00:00+09:00,박기호 기자,,김정관
뉴스1,news1_api,,대미 투자·안보협의 돌파구 찾은 한미…대북 대화 난도는 높아져,"이재명 대통령의 유엔총회 외교를 계기로 한미가 대미 투자 협상에서 기대했던 진전을 이루고 핵추진잠수함 도입과 원자력 협정 개정 등 주요 안보 현안의 협상 재개를 위한 발판을 마련했다.반면 우크라이나에 붙잡혔던 러시아 파병 북한군 포로의 한국행을 두고 한·우크라이나 간 '엇박자'가 노출되고, 미중 정상의 담판에서 북한 문제가 깊이 있게 논의되진 않은 듯하면서, 북한과의 대화 여건 마련은 더욱 어려워졌다는 평가가 27일 나온다.큰 부담 안고 뉴욕행",https://www.news1.kr/diplomacy/defense-diplomacy/6302265,2026-09-27T13:58:13+09:00,김예슬 기자,,김정관
뉴스1,news1_api,,"기업 20만곳 늘 때 직원 7천명 늘었다…""'1인 기업 78%' 투트랙 전략 필요""","국내 중소기업 수가 사상 처음으로 850만 개에 육박한 849만 9552개를 기록했지만, 1년간 늘어난 종사자는 7000여 명에 그쳤다. 중소기업 수가 늘어난 데 비해 종사자 수는 유지된 배경에는 1인 기업이 크게 늘어난 영향으로 분석된다.인공지능(AI)·로보틱스·반도체 등 딥테크 분야를 중심으로 소수 인력과 고도화된 컴퓨팅 인프라만으로 사업 모델을 검증하는 창업이 늘면서, 창업기업 수 증가가 자연스럽게 일자리 창출로 이어진다는 기존 공식이 약",https://www.news1.kr/industry/sb-founded/6300587,2026-09-27T06:00:00+09:00,김민석 기자,,김정관
뉴스1,news1_api,김성환,음주측정 거부 실형 출소 후 신고자 보복 협박한 60대 다시 철창행,"경찰관의 음주 측정을 거부해 실형을 선고받은 60대 남성이 출소한 뒤 자신을 음주운전 혐의로 신고한 지인을 협박했다가 또다시 철창신세를 지게 됐다.창원지법 형사2부(김성환 부장판사)는 특정범죄 가중처벌 등에 관한 법률 위반(보복 협박 등) 혐의로 기소된 60대 A 씨에게 징역 10개월을 선고했다고 27일 밝혔다.A 씨는 지난 3월 과거 자신을 음주운전 혐의로 112에 신고한 30대 지인에게 5차례에 걸쳐 휴대전화 통화나 문자메시지로 ""죽여버리겠",https://www.news1.kr/local/busan-gyeongnam/6300599,2026-09-27T08:03:00+09:00,강정태 기자,,김성환
뉴스1,news1_api,,76년 만에 찾은 '초대 금통위' 사진…윤보선 손자 제보로 발견,"""저희 할아버지께서 활동하셨던 초대 금융통화위원들의 단체 사진을 가지고 있습니다.""한국은행이 오랜 기간 행방을 알 수 없던 초대 금융통화위원회 위원들의 단체 사진을 76년 만에 찾아냈다.대한민국 제4대 대통령을 지낸 해위(海葦) 윤보선 전 대통령의 손자가 사진의 존재를 한은에 알리면서다. 윤 전 대통령은 1950년 한국은행 설립 당시 농림부 장관 추천을 받아 초대 금통위 정위원으로 활동했다.27일 한국은행에 따르면 한은 아카이브반은 최근 윤 전",https://www.news1.kr/economy/trend/6301949,2026-09-27T07:30:00+09:00,김혜지 기자,,김성환
뉴스1,news1_api,김성환,'불륜 증거 수집하려고'…아내 차에 녹음기 설치 30대 징역형 집유,외도를 의심해 아내 차량에 몰래 녹음기를 설치한 30대 남성이 징역형을 선고받았다.창원지법 형사2부(부장판사 김성환)는 통신비밀보호법 위반 혐의로 기소된 A 씨(30대)에게 징역 8개월에 집행유예 2년과 자격정지 1년을 선고했다고 26일 밝혔다.A 씨는 지난해 1월 아내 B 씨 차량에 녹음기를 설치해 B 씨의 전화 통화를 녹음한 혐의로 기소됐다.그는 B 씨의 외도를 의심해 이 같은 범행을 저질렀다. 이후 B 씨가 내연남으로 의심되는 사람과의 대,https://www.news1.kr/local/busan-gyeongnam/6300738,2026-09-26T08:03:00+09:00,강정태 기자,,김성환
뉴스1,news1_api,,RE100 PPA 중개 4차례 '0건'…평가자료·분석 문서도 없어,"정부가 재생에너지 발전사업자와 기업을 연결하기 위해 도입한 전력구매계약(PPA) 중개시장이 4차례 시범운영 동안 단 한 건의 계약도 성사시키지 못한 것으로 나타났다. 운영기관인 한국에너지공단은 4차례 운영을 종합한 별도의 결과보고서나 평가자료, 미성사 원인분석 문서는 없었다26일 뉴스1이 국회 기후에너지환경노동위원회 소속 박수민 국민의힘 의원실을 통해 확보한 한국에너지공단 자료에 따르면 '고정가격 경쟁입찰 연계형 PPA 중개 시장'은 2024년",https://www.news1.kr/economy/env-policy/6300272,2026-09-26T07:30:00+09:00,황덕현 기후환경전문기자,,김성환
뉴스1,news1_api,,'금융위기급' 5% 금리에도 증시 탄탄…AI 투자 시대 금리는 '조연',글로벌 증시의 풍향계로 꼽히는 미국 국채 10년물 금리가 19년 만에 최고치를 기록했지만 국내외 증시의 충격은 우려했던 것보다 크지 않은 모습이다. 시장에선 금리가 글로벌 경제 및 금융시장에 작용하는 방식과 영향이 과거와 달라졌다고 본다. 금리보단 시장 주도주의 경기와 이익 규모가 증시를 좌우할 것이란 관측이다.26일 금융투자업계에 따르면 지난 24일(현지시간) 뉴욕 채권시장에서 미국 10년 만기 국채 금리는 5.205%까지 오르며 2007년,https://www.news1.kr/finance/general-stock/6301736,2026-09-26T06:00:00+09:00,문창석 기자,,김성환
뉴스1,news1_api,"한국전력, 한전","전기요금 복지할인 4년간 3098가구 부적정…한전 ""AI로 검증 강화""","한국전력이 취약계층 등의 전기요금 부담을 덜어주기 위해 운영하는 복지할인에서 최근 4년간 3000가구가 넘는 부적정 할인 사례가 발생한 것으로 나타났다. 이사나 사망 등으로 할인 자격이 바뀐 뒤에도 혜택이 계속 적용된 사례가 상당수였으며, 부적정 할인금 회수율은 절반에도 못 미쳤다. 한전은 부적정 할인을 줄이기 위해 인공지능(AI)을 활용한 검증 시스템을 운영하는 등 관리 강화에 나설 방침이다.28일 국회 기후에너지환경노동위원회 소속 어기구 의",https://www.news1.kr/economy/trend/6302044,2026-09-28T06:10:00+09:00,김승준 기자,,한국전력
뉴스1,news1_api,,유엔사 군정위 韓 수석대표 공석 이례적 장기화…美의 DMZ 권한 사수하기?,"정전협정 체제를 관리하는 군사정전위원회(군정위)에서 한국군 장성이 맡는 유엔군사령부 측 수석대표가 이례적으로 장기 공석인 것으로 확인됐다. 정부가 유엔사의 관할 지역인 비무장지대(DMZ)에서 권한 확대를 모색하자, 유엔사가 한국군의 영향력을 통제하기 위해 수석대표 임명을 미루고 있다는 해석이 나온다.28일 군에 따르면 제이비어 브런슨 유엔군사령관 겸 한미연합군사령관 겸 주한미군사령관(육군 대장)은 한국군 인사 명령에 따라 지난 1월 부임한 문병",https://www.news1.kr/diplomacy/defense-diplomacy/6302476,2026-09-28T05:00:00+09:00,김기성 기자,,한국전력
뉴스1,news1_api,,"실격됐던 육상 400m 계주, 상소 끝 '기사회생'…결선서 金 도전[AG]","남자 육상 4 x 100m 계주팀이 우여곡절 끝에 기사회생했다. 실격처리 후 상소 끝에 결선 무대에 올라 사상 첫 금메달에 도전한다.김시온(국군체육부대), 나마디 조엘진(예천군청), 이재성(광주시청), 비웨사 다니엘 가사마(안산시청)가 이어 달린 한국은 27일 일본 나고야의 미즈호 공원 육상경기장에서 열린 2026 아이치·나고야 아시안게임 육상 4 x 100m 예선 2조에서 39초33으로 6팀 중 4위를 기록했다.그러나 경기가 끝난 뒤 심판이",https://www.news1.kr/sports/general-sport/6302577,2026-09-28T00:39:59+09:00,권혁준 기자,,한국전력
뉴스1,news1_api,,금메달은 땄지만 마냥 웃을 수 없었다…한국 야구가 남긴 숙제[AG],"한국 야구대표팀이 아시안게임 5연패의 금자탑을 세웠다. 한국 야구 역사의 한 페이지를 장식하는 의미 있는 기록인 건 분명하지만, 부끄러운 민낯에 냉철하게 박수만 보낼 수는 없다. 많은 숙제를 남긴 무대였다.아마추어 선수를 제외하고 전원 프로 선수로 팀을 꾸린 한국은 '사회인 야구선수'로 구성된 일본에 무기력한 모습을 보였다. 실업 선수가 절반 이상인 대만을 상대로도 고전했다. '공은 둥글다'는 격언이 있지만, 객관적인 전력을 고려하며 실망스러운",https://www.news1.kr/sports/baseball/6302483,2026-09-27T21:59:52+09:00,이상철 기자,,한국전력
뉴스1,news1_api,,"한국, 최근 20년간 전 세계 전력망용 ESS 특허출원 1위","전력망용 에너지저장장치(ESS) 분야 특허출원에서 한국이 최근 20년간 6030건으로 1위를 차지한 것으로 나타났다.지식재산처는 최근 20년간 선진 5개 지식재산기관(IP5)에 신청된 전력망용 에너지저장장치(ESS) 관련 특허출원을 분석한 결과, 이 분야 특허출원이 2004년 32건에서 2023년 4010건으로 약 125배 성장했다고 27일 밝혔다.ESS(Energy Storage System)는 생산된 전력을 저장했다가 필요한 때 사용하는 에",https://www.news1.kr/local/daejeon-chungnam/6299964,2026-09-27T12:00:00+09:00,박찬수 기자,,한국전력
뉴스1,news1_api,,"한국 탁구, AG 68년 역사상 첫 결승 진출 실패…銅만 3개 '굴욕' [AG]",한국 탁구가 2026 아이치·나고야 아시안게임에서 68년 역사상 처음으로 결승 무대조차 밟지 못한 채 대회를 마감했다. 동메달 3개에 그치는 굴욕적인 성적표를 받아들었다.한국 탁구는 지난 26일 일본 아이치현 스카이홀 도요타에서 열린 대회 탁구 남녀 단식과 복식에서 남아 있던 선수들이 모두 결승에 오르지 못하고 탈락했다.앞서 남녀 단체전과 혼합복식에서 결승 진출에 실패해 동메달을 땄던 한국은 남녀 단식과 복식에서도 추가 결승 진출자를 배출하지,https://www.news1.kr/sports/general-sport/6302112,2026-09-27T09:01:50+09:00,안영준 기자,,한국전력
뉴스1,news1_api,,7000선 사수한 코스피…'美 물가지수·마이크론 실적' 분수령,코스피가 7000선을 회복한 뒤 상승 흐름을 이어가고 있지만 미국 국채금리가 5%를 넘어서면서 증시의 긴장감도 높아지고 있다. 다음 주 발표되는 미국 물가·고용지표가 채권금리와 증시의 향방을 가를 핵심 변수로 보인다.27일 한국거래소에 따르면 코스피는 지난 21일 종가 기준 7000선을 회복한 뒤 3거래일 연속 상승해 추석 연휴 직전인 23일 7080.92로 거래를 마쳤다.국내 증시가 24~25일 추석 연휴로 휴장한 사이 미국 증시에서도 인공지,https://www.news1.kr/finance/general-stock/6302024,2026-09-27T06:00:00+09:00,손엄지 기자,,한국전력
뉴스1,news1_api,,"차·포 떼고 金 박수호 감독 ""선수들 덕분…평생 간직하고 싶은 날""[AG]","'쌍두마차' 박지수와 박지현 없이 12년 만에 여자 농구 아시안게임 금메달을 이끈 박수호 감독이 어려운 환경 속에서 최고의 성과를 낸 선수들에게 공을 돌렸다.박 감독이 이끄는 한국 여자 농구대표팀은 26일 일본 나고야의 아이치 인터내셔널 아레나에서 열린 2026 아이치·나고야 아시안게임 여자 농구 결승전에서 일본을 75-70으로 제압하고 우승했다.경기 후 박 감독은 ""금메달을 따서 정말 기쁘다. 이런 날이 또 올지 모르겠지만, 평생 간직하고 싶",https://www.news1.kr/sports/basketball/6302114,2026-09-27T01:22:41+09:00,이상철 기자,,한국전력
뉴스1,news1_api,,"41-44 뒤집은 오상욱의 비결 ""나를 믿었다…확신 갖고 찔러""[AG]","짜릿한 역전극으로 금메달을 목에 건 남자 펜싱 사브르 대표팀 오상욱(대전시청)이 스스로를 믿고 확신을 갖고 찌른 것이 승리의 원동력이 됐다고 밝혔다.오상욱, 박상원(대전시청), 도경동(대구시청), 후보 황희근(국군체육부대)으로 팀을 꾸린 한국은 26일 일본 아이치현 도코나메 아이치 스카이 엑스포에서 열린 2026 아이치·나고야 아시안게임 남자 사브르 단체전 결승에서 일본을 45-44로 꺾었다.이로써 한국은 2014 인천 대회를 시작으로 2018",https://www.news1.kr/sports/general-sport/6302069,2026-09-26T21:25:56+09:00,안영준 기자,,한국전력
뉴스1,news1_api,,"'4연패 도전' 이민성호, 준결승 상대는 중국…태국 3-0 완파[AG]",4회 연속 아시안게임 우승에 도전하는 이민성호가 4강에서 중국과 맞붙는다.중국은 26일 일본 아이치현 도요타의 도요타 스타디움에서 열린 태국과의 2026 아이치·나고야 아시안게임 남자 축구 8강전에서 3-0으로 승리했다.이로써 전날 베트남을 4-0으로 완파하며 준결승에 선착한 이민성호는 중국과 결승전 진출권을 놓고 격돌하게 됐다.한국과 중국의 준결승전은 30일 오후 3시 오사카의 나가이 스타디움에서 펼쳐진다.2014 인천 대회부터 3연속 금메달,https://www.news1.kr/sports/soccer/6302011,2026-09-26T17:42:29+09:00,김도용 기자,,한국전력
뉴스1,news1_api,,"日 사회인에 완패한 야구, 김태균 ""디테일·전력분석에서 졌다""[AG]","일본 사회인 야구 대표팀에 0-5로 완패한 한국 야구대표팀을 두고 김태균 KBS 해설위원은 ""일본 야구의 세밀함과 디테일, 전력 분석에 졌다""고 분석했다.류지현 감독이 이끄는 한국은 25일 일본 아이치현 도요하시 시민구장에서 열린 2026 아이치·나고야 아시안게임 야구 슈퍼라운드 1차전에서 일본에 0-5로 완패했다.조별리그를 3연승으로 통과한 한국은 슈퍼라운드 전적 1승 1패가 됐다. 아시안게임 5연패에 도전하는 한국의 이번 대회 첫 패배다.한",https://www.news1.kr/sports/baseball/6301883,2026-09-26T11:39:11+09:00,이동건 기자,,한국전력
뉴스1,news1_api,,"北, 선전 간부에 ""사상사업 혁신""…내부 결속 집중 [데일리 북한]","북한이 당 선전부문 간부들에게 사상사업을 혁신하고 주민들의 요구에 맞는 선전 방식을 찾으라고 주문했다. 서해 곡창지대인 열두삼천리벌의 풍작 전망을 부각하며 가을걷이도 독려했다.노동당 기관지 노동신문은 26일 1면에 '사상사업의 새로운 혁신으로 우리 위업의 줄기찬 전진과 계승을 믿음직하게 담보하자'라는 제목의 사설을 크게 실었다. 신문은 김정은 당 총비서가 지도한 제3차 선전부문 일꾼 강습회를 ""사상사업전반에서 혁신과 발전을 이끌어낼수 있는 획기",https://www.news1.kr/nk/economy/6301824,2026-09-26T10:09:39+09:00,한상희 기자,,한국전력
뉴스1,news1_api,,도쿄서 꽃 피운 '괴물' 김영범…19세 한국新 김준우·박시은,"한국 수영이 2026 아이치·나고야 아시안게임에서 건져 올린 최대어는 역시 '괴물' 김영범(강원도청)이다. 만 19세에 한국 신기록을 작성한 김준우(강원도청)와 박시은(강원도청)도 한국 수영의 미래를 밝히고 있다.김영범은 이번 대회에서 자유형 50m 금메달을 포함해 은메달 2개(자유형 100m, 계영 400m), 동메달 2개(혼성 혼계영 400m, 혼계영 400m) 등 총 5개의 메달을 목에 걸었다.한국 경영의 유일한 금메달리스트인 그는 이번",https://www.news1.kr/sports/general-sport/6301773,2026-09-26T08:01:01+09:00,안영준 기자,,한국전력
뉴스1,news1_api,,RE100 PPA 중개 4차례 '0건'…평가자료·분석 문서도 없어,"정부가 재생에너지 발전사업자와 기업을 연결하기 위해 도입한 전력구매계약(PPA) 중개시장이 4차례 시범운영 동안 단 한 건의 계약도 성사시키지 못한 것으로 나타났다. 운영기관인 한국에너지공단은 4차례 운영을 종합한 별도의 결과보고서나 평가자료, 미성사 원인분석 문서는 없었다26일 뉴스1이 국회 기후에너지환경노동위원회 소속 박수민 국민의힘 의원실을 통해 확보한 한국에너지공단 자료에 따르면 '고정가격 경쟁입찰 연계형 PPA 중개 시장'은 2024년",https://www.news1.kr/economy/env-policy/6300272,2026-09-26T07:30:00+09:00,황덕현 기후환경전문기자,,한국전력
뉴스1,news1_api,,"기후변화의 습격, 군도 예외 아니다…'공항·기지 침수' 위기론도 제기","전(全) 지구적 기후변화는 우리 군의 안보태세에도 직접적 영향을 주고 있다. 폭염·혹한 등 극한 기후는 장병들의 건강권 및 군수 소요 산정을 위한 새로운 전략적 판단을 요구하고 있으며, 해수면의 급격한 상승은 저지대 및 해안가에 위치한 주요 해·공군 기지 및 경계 초소의 침수 위험을 높일 것이라는 전망이다.기후변화가 군사 작전 수행과 대비태세 전반에 미치는 영향이 커짐에 따라 우리 군도 이를 주요 '안보 변수'로 인식하고 대응 체계를 재정립해야",https://www.news1.kr/diplomacy/defense-diplomacy/6301557,2026-09-26T06:00:00+09:00,김예원 기자,,한국전력
뉴스1,news1_api,,"李대통령 ""한-멕시코 무역협정으로 호혜적 경제협력 고도화 해야""","이재명 대통령은 25일(현지시간) 한-멕시코 양국 기업인들을 잇는 비즈니스 포럼에 참석해 양국 간 무역협정 추진 필요성을 재차 강조했다.이 대통령은 이날 멕시코시티 월드트레이드센터에서 열린 '한-멕시코' 비즈니스 포럼' 축사를 통해 ""오늘날 멕시코는 명실상부한 북미 공급망의 핵심 축""이라며 ""자동차, 전자, 항공우주 등 첨단 제조업을 선도하는 글로벌 생산 거점""이라고 말했다.특히 이 대통령은 한-멕시코 경제산업 협력을 위해 △투자와 첨단산업 공",https://www.news1.kr/politics/president/6301788,2026-09-26T03:42:20+09:00,심언기 기자,,한국전력
뉴스1,news1_api,,"'참패' 한국 야구, 中 잡아야 金 동아줄…최민석 선발 등판[AG]",'사회인 야구선수'로 구성된 일본에 참패당하며 벼랑 끝에 몰린 한국 야구대표팀이 결승 진출권을 잡기 위해 최민석을 선발 투수로 내세운다.류지현 감독이 이끄는 야구대표팀은 26일 오후 6시 30분 일본 아이치현 도요하시 시민구장에서 열리는 2026 아이치·나고야 아시안게임 야구 슈퍼라운드 중국과 2차전에 최민석을 선발 투수로 예고했다.지난 22일 홍콩과 조별리그 2차전에서 선발 등판한 최민석이 나흘 만에 다시 마운드에서 공을 던진다.아시안게임 5,https://www.news1.kr/sports/baseball/6301784,2026-09-26T01:45:42+09:00,이상철 기자,,한국전력
뉴스1,news1_api,,호주서 무고한 시민 총격 살해…한국계 추정 21세 남성 추가 기소,호주 시드니 서부에서 신원 착오로 무고한 시민을 총격 살해한 사건과 관련해 한국계로 추정되는 20대 남성이 추가로 기소됐다.호주 언론들에 따르면 뉴사우스웨일스(NSW) 경찰은 25일(현지시간) 시드니 서부 펨울위의 한 주택에 오전 6시쯤 수색영장을 집행해 21세 남성 A씨를 체포했다고 밝혔다.경찰은 이 남성이 지난 2일 메리랜즈 웨스트의 한 주택 앞에서 발생한 총격 사건 전후로 총격범들을 차량까지 태워주고 이동시킨 도주 운전사 역할을 한 것으로,https://www.news1.kr/world/asia-australia/6301599,2026-09-25T13:35:56+09:00,최종일 선임기자,,한국전력
뉴스1,news1_api,,"김효열 수영 감독 ""젊은 선수들 성장 수확, LA서 메달 3개 목표""[AG]","김효열 한국 수영 경영대표팀 총감독이 2026 아이치·나고야 아시안게임을 돌아보며 김우민(강원도청)의 부상에 아쉬움을 나타내면서도 젊은 선수들의 성장을 큰 수확으로 꼽았다.25일 오후 1시 기준 한국 수영 경영은 이번 대회에서 김영범(강원도청)의 자유형 50m 금메달을 포함해 은메달 5개와 동메달 11개를 수확했다. 이날은 경영 종목 마지막 날이다.2022 항저우 대회에서 거둔 역대 최고 성적(금메달 6개, 은메달 6개, 동메달 10개)을 넘어",https://www.news1.kr/sports/general-sport/6301588,2026-09-25T13:35:35+09:00,안영준 기자,,한국전력
뉴스1,news1_api,,"배영 200m '金 도전' 이주호 ""중국 강하지만 온몸 불사지르겠다""","한국 남자 배영 간판 이주호(서귀포시청)가 중국 선수들과의 200m 결선을 앞두고 ""온몸을 불사질러보겠다""며 각오를 다졌다.이주호는 25일 도쿄 아쿠아틱스센터에서 열린 2026 아이치·나고야 아시안게임 남자 배영 200m 예선 1조에서 1분58초90을 기록, 조 1위이자 전체 2위로 상위 10명에게 주어지는 결선 티켓을 쥐었다.결선은 이날 오후 5시 25분 같은 장소에서 열린다.3조에서 경기한 다케하라 히데카즈(일본)가 1분58초15의 기록으로",https://www.news1.kr/sports/general-sport/6301568,2026-09-25T12:26:19+09:00,안영준 기자,,한국전력
뉴스1,news1_api,,"이주호, 배영 200m 예선 2위…女 혼계영 400m도 결선행(종합)[AG]",한국 남자 배영 간판 이주호(서귀포시청)가 2026 아이치·나고야 아시안게임 남자 배영 200m 예선을 전체 2위로 통과했다. 이주호는 이날 오후 열리는 결선에서 메달 획득에 도전한다. 여자 혼계영 400m도 가뿐하게 결선에 진출했다.이주호는 25일 도쿄 아쿠아틱스센터에서 열린 대회 남자 배영 200m 예선 1조에서 1분58초90을 기록했다. 그는 조 1위이자 전체 2위로 상위 10명에게 주어지는 결선 티켓을 쥐었다.3조에서 경기한 다케하라 히,https://www.news1.kr/sports/general-sport/6301554,2026-09-25T11:42:34+09:00,안영준 기자,,한국전력
뉴스1,news1_api,,"전기요금 복지할인 4년간 3098가구 부적정…한전 ""AI로 검증 강화""","한국전력이 취약계층 등의 전기요금 부담을 덜어주기 위해 운영하는 복지할인에서 최근 4년간 3000가구가 넘는 부적정 할인 사례가 발생한 것으로 나타났다. 이사나 사망 등으로 할인 자격이 바뀐 뒤에도 혜택이 계속 적용된 사례가 상당수였으며, 부적정 할인금 회수율은 절반에도 못 미쳤다. 한전은 부적정 할인을 줄이기 위해 인공지능(AI)을 활용한 검증 시스템을 운영하는 등 관리 강화에 나설 방침이다.28일 국회 기후에너지환경노동위원회 소속 어기구 의",https://www.news1.kr/economy/trend/6302044,2026-09-28T06:10:00+09:00,김승준 기자,,한전
뉴스1,news1_api,한국전력,"[오늘의 주요일정] 제주(28일, 월)",◇제주특별자치도-위성곤 도지사10:00 월간 정책회의(탐라홀)16:30 전국전력노동조합 연계 고향사랑기부제 홍보(한국전력공사)-송영훈 도의회 의장09:30 의정 현안 공유 티타임(집무실)11:40 신임 서귀포시장 예방(집무실)-고의숙 도교육감통상업무,https://www.news1.kr/local/jeju/6302443,2026-09-28T05:00:00+09:00,홍수영 기자,,한전
뉴스1,news1_api,한국전력,"남자 마라톤 박민호, 2시간15분35초로 8위…메달 획득 무산[AG]",한국 마라톤이 또 아시안게임 메달 획득에 실패했다.박민호는 26일 일본 나고야의 마라톤 코스에서 열린 2026 아이치나고야 아시안게임 육상 남자 마라톤에서 2시간15분35초로 전체 19명 중 8위에 머물렀다.함께 출전한 김홍록(한국전력공사)은 2시간18분27초로 10위에 그쳤다.우승은 2시간10분49초에 결승선을 통과한 야마시타 이치타카(일본)가 차지했다. 은메달은 인도의 사완 바르왈(2시간11분37초) 동메달은 중국의 펑페이유(2시간12분13,https://www.news1.kr/sports/general-sport/6301869,2026-09-26T11:01:42+09:00,김도용 기자,,한전
뉴스1,news1_api,한전,"양주 삼숭동·만송동 1시간 동안 정전, 570여 가구 불편",25일 오전 11시께 경기 양주시 삼숭동과 만송동 일대에 전기 공급이 끊기는 사고가 났다.이 정전으로 주변 570여 가구에 전기 공급이 1시간가량 끊겨 주민들이 불편을 겪었다.신고를 받고 출동한 한전은 긴급 인력을 투입해 복구작업을 벌였다.한전 측은 새가 야외에 설치된 고압 전력 설비를 건드려 정전이 발생한 것으로 보고 정확한 원인을 조사 중이다.,https://www.news1.kr/local/gyeonggi/6301654,2026-09-25T16:17:17+09:00,박대준 기자,,한전
연합뉴스,yna_api,"공정거래위원회, 공정위",'공정위 퇴직자 잘나가네'…10대 로펌에 10년간 86명 이직,"...quot; (세종=연합뉴스) 김수현 기자 = 공정거래위원회 퇴직자 86명이 최근 10년간 김앤장, 태평양, ... 자료를 보면 2016년 1월부터 올해 8월까지 공정위 에서 10대 로펌으로 이직한 인원은 86명으로 ...823만원으로 2.9배로 늘었다. 10대 로펌은 공정위 담합 사건을 집중적으로 수임하는 회사이기도 ...",https://www.yna.co.kr/view/AKR20260923197000002,2026-09-27T05:55:03+09:00,김수현,,공정거래위원회
연합뉴스,yna_api,공정거래위원회,[팩트체크] '명절테크' 추석 선물 중고로 판매해도 될까?…거래 가능 품목은,...중고거래 플랫폼에서 거래할 수 있다. 다만 중고 거래 과정에서 사기 등의 사고가 자주 발생하는 품목이어서 주의해야 한다. 한국소비자원과 공정거래위원회 는 2024년 2월 설 명절을 앞두고 소비자 피해주의보를 발령하면서 특히 명절 기간은 상품권 수요가 증가하는 시기인 만큼 사기 피해도 발생하기 쉬워 ...,https://www.yna.co.kr/view/AKR20260923053100518,2026-09-26T08:00:06+09:00,권혜진,,공정거래위원회
연합뉴스,yna_api,"공정거래위원회, 공정위","""공정위, 최근 5년간 50명이 보고 누락하고 외부인 접촉""",... 기자 = 외부인 접촉 사실을 누락해 적발된 공정거래위원회 직원이 최근 5년간 50명에 달하는 것으로 ...회 정무위원회 소속 국민의힘 박성훈 의원이 공정위 에서 제출받은 자료에 따르면 지난해 공정위 직원 13명이 외부인 접촉 사실 보고 의무를 ...,https://www.yna.co.kr/view/AKR20260922163000001,2026-09-25T08:04:00+09:00,류미나,,공정거래위원회
연합뉴스,yna_api,"기후에너지환경부, 김성환, 산업통상부","이형일, 첫 경제현안간담회…전기차 정책·퇴직연금 개선 논의","...은 27일 취임 후 첫 경제현안간담회를 열었다. 이날 간담회에는 김성환 기후에너지환경부·김영훈 고용노동부·박홍근 기획예산처 장관과 문신학 산업통상부 차관, 이억원 금융위원장, 하준경 청와대 경제성장수석이 참석했다. 이들은 전기차 산업 정책방향과 퇴직연금 제도개선 방안을 논의했다고 ...",https://www.yna.co.kr/view/AKR20260927051000002,2026-09-27T20:04:30+09:00,안채원,,산업통상부
연합뉴스,yna_api,산업부,[인사] 한겨레신문사,◇논설위원실 ▲ 논설위원 겸 오피니언팀장 김수헌 ◇편집국 ▲ 디지털부국장 신윤동욱 ▲ 디지털뉴스부장 김경욱 ▲ 사회정책부장 조혜정 ▲ 한겨레21부 편집장 박현철 ▲ 경제 산업부 산업팀장 이완 ▲ 기획부국장석 인물팀장 김소연 (서울=연합뉴스) (끝),https://www.yna.co.kr/view/AKR20260927033900004,2026-09-27T15:08:06+09:00,김준억,,산업통상부
연합뉴스,yna_api,"기후부, 산업부, 산업통상부",[연합뉴스 이 시각 헤드라인] - 15:00,"...na.co.kr/view/AKR20260927029200004 ■ 늦어지는 대미투자 발표… 산업부 ""미국 내부 절차 남아"" 정부가 국회에 첫 대미투자 ...을 발표할 것이라는 전망과 달리 시간 지연이 꽤 길어지는 모양새다. 27일 산업통상부 관계자는 ""미국에서 내부 절차를 완료하는 데 시간이 걸리는 것 ...",https://www.yna.co.kr/view/AKR20260927032100011,2026-09-27T15:00:00+09:00,주용진,,산업통상부
연합뉴스,yna_api,"김정관, 산업부, 산업통상부","늦어지는 대미투자 발표…산업부 ""미국 내부 절차 남아""","... 지연이 꽤 길어지는 모양새다. 27일 산업통상부 관계자는 ""미국에서 내부 절차를 ...야를 선정하되, 투자위원회는 사전에 한국 산업부 장관이 위원장으로 있는 한미 협의위원회와... 변수나 쟁점이 등장한 것은 아니라는 게 산업부 의 설명이다. 산업부 관계자는 ""실무선에서는 양국의 ...",https://www.yna.co.kr/view/AKR20260927024600003,2026-09-27T11:49:28+09:00,장보인,,산업통상부
연합뉴스,yna_api,산업통상부,"""자율주행 기술, 한국만 제자리걸음…정부 R&D 예산은 43% 감소""","...구가 없고 서울 강남의 레벨3 택시 19대와 상암의 무인 실증차 1대만 운행 중이다. 이런 상황에서 투자는 오히려 줄고 있다. 의원실에 따르면 산업통상부 ·과기정통부·국토부·경찰청 4개 부처의 자율주행 연구개발(R&D) 예산은 2023년 1천568억원에서 올해 895억원으로 43% 감소했고, 국토부 자율차 ...",https://www.yna.co.kr/view/AKR20260927021900003,2026-09-27T11:33:03+09:00,장하나,,산업통상부
연합뉴스,yna_api,"산업부, 산업통상부","한·아세안, FTA 개선 위한 2차 협상…공급망 등 13개 분야 논의",(서울=연합뉴스) 장보인 기자 = 산업통상부 는 한국과 동남아시아국가연합(ASEAN·아세안) ...서 열린다고 27일 밝혔다. 한국 측 박근오 산업부 통상협정정책관과 아세안 측 알파나 로이 싱가포르 무역 산업부 국장을 각각 수석대표로 한 양측 정부 대표단이 ...,https://www.yna.co.kr/view/AKR20260927012100003,2026-09-27T11:00:02+09:00,장보인,,산업통상부
연합뉴스,yna_api,"김정관, 산업부, 산업통상부","한·멕시코, 정상회담 계기 경협 강화…무역협정 개시도 준비",...결 (서울=연합뉴스) 장보인 기자 = 산업통상부 는 이재명 대통령의 멕시코 국빈 방문을 ... 준비하기로 했다고 27일 밝혔다. 김정관 산업부 장관은 지난 24일 한·멕시코 정상회담 직후 ...로를 전달하고 적극적인 지원을 요청했다. 산업통상부 와 대한상공회의소는 25일 멕시코시티 ...,https://www.yna.co.kr/view/AKR20260927018100003,2026-09-27T10:21:16+09:00,장보인,,산업통상부
연합뉴스,yna_api,산업통상부,적발된 산업기술 유출만 5년간 107건 …10건 중 4건 반도체,... 달하는 것으로 나타났다. 이중 약 40%는 반도체 분야 기술로 확인됐다. 27일 국회 산업통상자원중소벤처기업위원회 소속 국민의힘 구자근 의원이 산업통상부 에서 제출받은 '2026 산업기술 해외유출 현황' 자료에 따르면 2021∼2025년 국가정보원이 적발한 산업기술 해외 유출 사건은 107건이다. 이는 ...,https://www.yna.co.kr/view/AKR20260923194000003,2026-09-27T06:31:00+09:00,장보인,,산업통상부
연합뉴스,yna_api,산업통상부,"최수진 ""한중 FTA 10년…경제적 효과는 정부예상치 4 분의 1""","... 4분의 1 수준에 불과한 것으로 나타났다고 국민의힘 최수진 의원이 27일 지적했다. 국회 산업통상자원중소벤처기업위원회 소속인 최 의원이 이날 산업통상부 에서 제출받은 2022년 발행된 '한중 FTA 5년 차 이행상황평가 결과서'를 분석한 결과, 2020년 기준 국내총생산(GDP) 추가 성장 효과는 5년 누적 0....",https://www.yna.co.kr/view/AKR20260922148900001,2026-09-27T06:00:45+09:00,조다운,,산업통상부
연합뉴스,yna_api,산업통상부,"도시가스 보급률 50% 미만 기초지자체 60곳…""대부분 비수도권""",...급률이 50% 미만인 기초자치단체가 총 60곳으로 파악됐다고 26일 국회 기후에너지환경노동위원회 소속 국민의힘 이종배 의원이 밝혔다. 이 의원이 산업통상부 에서 제출받은 자료에 따르면 전남에서는 장성·담양·영광·해남·함평·장흥·목포·강진·곡성·구례·고흥·보성 등 12곳의 도시가스 보급률이 50%...,https://www.yna.co.kr/view/AKR20260923123300001,2026-09-26T05:00:01+09:00,박수윤,,산업통상부
연합뉴스,yna_api,,'공정위 퇴직자 잘나가네'…10대 로펌에 10년간 86명 이직,"...quot; (세종=연합뉴스) 김수현 기자 = 공정거래위원회 퇴직자 86명이 최근 10년간 김앤장, 태평양, ... 자료를 보면 2016년 1월부터 올해 8월까지 공정위 에서 10대 로펌으로 이직한 인원은 86명으로 ...823만원으로 2.9배로 늘었다. 10대 로펌은 공정위 담합 사건을 집중적으로 수임하는 회사이기도 ...",https://www.yna.co.kr/view/AKR20260923197000002,2026-09-27T05:55:03+09:00,김수현,,공정위
연합뉴스,yna_api,,[팩트체크] '명절테크' 추석 선물 중고로 판매해도 될까?…거래 가능 품목은,...중고거래 플랫폼에서 거래할 수 있다. 다만 중고 거래 과정에서 사기 등의 사고가 자주 발생하는 품목이어서 주의해야 한다. 한국소비자원과 공정거래위원회 는 2024년 2월 설 명절을 앞두고 소비자 피해주의보를 발령하면서 특히 명절 기간은 상품권 수요가 증가하는 시기인 만큼 사기 피해도 발생하기 쉬워 ...,https://www.yna.co.kr/view/AKR20260923053100518,2026-09-26T08:00:06+09:00,권혜진,,공정위
연합뉴스,yna_api,,"""공정위, 최근 5년간 50명이 보고 누락하고 외부인 접촉""",... 기자 = 외부인 접촉 사실을 누락해 적발된 공정거래위원회 직원이 최근 5년간 50명에 달하는 것으로 ...회 정무위원회 소속 국민의힘 박성훈 의원이 공정위 에서 제출받은 자료에 따르면 지난해 공정위 직원 13명이 외부인 접촉 사실 보고 의무를 ...,https://www.yna.co.kr/view/AKR20260922163000001,2026-09-25T08:04:00+09:00,류미나,,공정위
연합뉴스,yna_api,,"이형일, 첫 경제현안간담회…전기차 정책·퇴직연금 개선 논의","...은 27일 취임 후 첫 경제현안간담회를 열었다. 이날 간담회에는 김성환 기후에너지환경부·김영훈 고용노동부·박홍근 기획예산처 장관과 문신학 산업통상부 차관, 이억원 금융위원장, 하준경 청와대 경제성장수석이 참석했다. 이들은 전기차 산업 정책방향과 퇴직연금 제도개선 방안을 논의했다고 ...",https://www.yna.co.kr/view/AKR20260927051000002,2026-09-27T20:04:30+09:00,안채원,,산업부
연합뉴스,yna_api,,[인사] 한겨레신문사,◇논설위원실 ▲ 논설위원 겸 오피니언팀장 김수헌 ◇편집국 ▲ 디지털부국장 신윤동욱 ▲ 디지털뉴스부장 김경욱 ▲ 사회정책부장 조혜정 ▲ 한겨레21부 편집장 박현철 ▲ 경제 산업부 산업팀장 이완 ▲ 기획부국장석 인물팀장 김소연 (서울=연합뉴스) (끝),https://www.yna.co.kr/view/AKR20260927033900004,2026-09-27T15:08:06+09:00,김준억,,산업부
연합뉴스,yna_api,,[연합뉴스 이 시각 헤드라인] - 15:00,"...na.co.kr/view/AKR20260927029200004 ■ 늦어지는 대미투자 발표… 산업부 ""미국 내부 절차 남아"" 정부가 국회에 첫 대미투자 ...을 발표할 것이라는 전망과 달리 시간 지연이 꽤 길어지는 모양새다. 27일 산업통상부 관계자는 ""미국에서 내부 절차를 완료하는 데 시간이 걸리는 것 ...",https://www.yna.co.kr/view/AKR20260927032100011,2026-09-27T15:00:00+09:00,주용진,,산업부
연합뉴스,yna_api,,"늦어지는 대미투자 발표…산업부 ""미국 내부 절차 남아""","... 지연이 꽤 길어지는 모양새다. 27일 산업통상부 관계자는 ""미국에서 내부 절차를 ...야를 선정하되, 투자위원회는 사전에 한국 산업부 장관이 위원장으로 있는 한미 협의위원회와... 변수나 쟁점이 등장한 것은 아니라는 게 산업부 의 설명이다. 산업부 관계자는 ""실무선에서는 양국의 ...",https://www.yna.co.kr/view/AKR20260927024600003,2026-09-27T11:49:28+09:00,장보인,,산업부
연합뉴스,yna_api,,"""자율주행 기술, 한국만 제자리걸음…정부 R&D 예산은 43% 감소""","...구가 없고 서울 강남의 레벨3 택시 19대와 상암의 무인 실증차 1대만 운행 중이다. 이런 상황에서 투자는 오히려 줄고 있다. 의원실에 따르면 산업통상부 ·과기정통부·국토부·경찰청 4개 부처의 자율주행 연구개발(R&D) 예산은 2023년 1천568억원에서 올해 895억원으로 43% 감소했고, 국토부 자율차 ...",https://www.yna.co.kr/view/AKR20260927021900003,2026-09-27T11:33:03+09:00,장하나,,산업부
연합뉴스,yna_api,,"한·아세안, FTA 개선 위한 2차 협상…공급망 등 13개 분야 논의",(서울=연합뉴스) 장보인 기자 = 산업통상부 는 한국과 동남아시아국가연합(ASEAN·아세안) ...서 열린다고 27일 밝혔다. 한국 측 박근오 산업부 통상협정정책관과 아세안 측 알파나 로이 싱가포르 무역 산업부 국장을 각각 수석대표로 한 양측 정부 대표단이 ...,https://www.yna.co.kr/view/AKR20260927012100003,2026-09-27T11:00:02+09:00,장보인,,산업부
연합뉴스,yna_api,,"한·멕시코, 정상회담 계기 경협 강화…무역협정 개시도 준비",...결 (서울=연합뉴스) 장보인 기자 = 산업통상부 는 이재명 대통령의 멕시코 국빈 방문을 ... 준비하기로 했다고 27일 밝혔다. 김정관 산업부 장관은 지난 24일 한·멕시코 정상회담 직후 ...로를 전달하고 적극적인 지원을 요청했다. 산업통상부 와 대한상공회의소는 25일 멕시코시티 ...,https://www.yna.co.kr/view/AKR20260927018100003,2026-09-27T10:21:16+09:00,장보인,,산업부
연합뉴스,yna_api,,적발된 산업기술 유출만 5년간 107건 …10건 중 4건 반도체,... 달하는 것으로 나타났다. 이중 약 40%는 반도체 분야 기술로 확인됐다. 27일 국회 산업통상자원중소벤처기업위원회 소속 국민의힘 구자근 의원이 산업통상부 에서 제출받은 '2026 산업기술 해외유출 현황' 자료에 따르면 2021∼2025년 국가정보원이 적발한 산업기술 해외 유출 사건은 107건이다. 이는 ...,https://www.yna.co.kr/view/AKR20260923194000003,2026-09-27T06:31:00+09:00,장보인,,산업부
연합뉴스,yna_api,,"최수진 ""한중 FTA 10년…경제적 효과는 정부예상치 4 분의 1""","... 4분의 1 수준에 불과한 것으로 나타났다고 국민의힘 최수진 의원이 27일 지적했다. 국회 산업통상자원중소벤처기업위원회 소속인 최 의원이 이날 산업통상부 에서 제출받은 2022년 발행된 '한중 FTA 5년 차 이행상황평가 결과서'를 분석한 결과, 2020년 기준 국내총생산(GDP) 추가 성장 효과는 5년 누적 0....",https://www.yna.co.kr/view/AKR20260922148900001,2026-09-27T06:00:45+09:00,조다운,,산업부
연합뉴스,yna_api,"산업부, 한국전력",전통 제조업에서 반도체·AI로…전남광주 산업지도 다시 그린다,"... 반도체를 생산하고 앰코가 후공정을 담당하며, 나주의 에너지산업과 해남 데이터센터, 서남권 재생에너지가 이를 뒷받침하는 구조다. 행정통합으로 산업부 지와 전력·용수, 폐수처리시설 등을 종전 시·도 경계를 넘어 조정할 수 있게 된 점도 산업 재편의 새로운 동력이 되고 있다. 실제로 앰코의 ...",https://www.yna.co.kr/view/AKR20260923128300054,2026-09-26T08:50:01+09:00,박철홍,,산업부
연합뉴스,yna_api,,"도시가스 보급률 50% 미만 기초지자체 60곳…""대부분 비수도권""",...급률이 50% 미만인 기초자치단체가 총 60곳으로 파악됐다고 26일 국회 기후에너지환경노동위원회 소속 국민의힘 이종배 의원이 밝혔다. 이 의원이 산업통상부 에서 제출받은 자료에 따르면 전남에서는 장성·담양·영광·해남·함평·장흥·목포·강진·곡성·구례·고흥·보성 등 12곳의 도시가스 보급률이 50%...,https://www.yna.co.kr/view/AKR20260923123300001,2026-09-26T05:00:01+09:00,박수윤,,산업부
연합뉴스,yna_api,,"이형일, 첫 경제현안간담회…전기차 정책·퇴직연금 개선 논의","... (세종=연합뉴스) 안채원 기자 = 이형일 부총리 겸 재정경제부 장관은 27일 취임 후 첫 경제현안간담회를 열었다. 이날 간담회에는 김성환 기후에너지환경부 ·김영훈 고용노동부·박홍근 기획예산처 장관과 문신학 산업통상부 차관, 이억원 금융위원장, 하준경 청와대 경제성장수석이 참석했다. 이들은 ...",https://www.yna.co.kr/view/AKR20260927051000002,2026-09-27T20:04:30+09:00,안채원,,기후부
연합뉴스,yna_api,,[연합뉴스 이 시각 헤드라인] - 15:00,"... 자료를 보면 전기위 위원을 위원장 1명과 상임위원 2명을 포함한 12명으로 늘리면서 전기위가 전기요금을 사실상 정할 수 있게 한 전기사업법 개정안에 기후부 는 ""전기위 독립성을 강화하는 방향엔 동의하나 권한 확대는 정부 조직 체계와 정합성을 고려해 중장기적으로 검토할 필요가 있다""고 했다. ...",https://www.yna.co.kr/view/AKR20260927032100011,2026-09-27T15:00:00+09:00,주용진,,기후부
연합뉴스,yna_api,기후에너지환경부,"정부, 재난안전 업무에 AI 도입…2030년까지 약 9천400억원 투자",".... 기관별로 흩어져 있는 재난 정보도 사건 단위로 연계한다. 집중호우가 발생하면 행안부의 침수 범위·피해 정보와 기상청의 기상 정보, 기후에너지환경부 의 하천 수위, 소방청의 119 신고 정보를 AI가 종합 분석해 위험 상황을 판단하도록 한다는 구상이다. 부산시와 경북 영천시, 강원 인제군에서는 ...",https://www.yna.co.kr/view/AKR20260923182100530,2026-09-27T12:00:03+09:00,차민지,,기후부
연합뉴스,yna_api,"기후부, 기후에너지환경부",호남 반도체 용수원 동복댐 용수확보 '증축'으로 변경,"... 27일 전남광주통합특별시에 따르면 시와 기후에너지환경부 는 기존 댐의 높이를 약 15ｍ 높이는 증고 ...로 계획을 변경했다. 사업을 추진하는 기후에너지환경부 가 검토한 결과, 기존 댐에 그대로 15ｍ ...는 석축 등은 새 댐 건설에 재활용한다. 기후부 는 사업 계획을 변경하고 설계 등을 거쳐 내년 ...",https://www.yna.co.kr/view/AKR20260923142400054,2026-09-27T09:10:01+09:00,장덕종,,기후부
연합뉴스,yna_api,"기후부, 한국전력, 한전","전기위에 전기요금 결정권 부여…정부 법안엔 ""중장기 검토""","... 전기요금 결정권을 주는 부분에 대해서도 기후부 는 ""전기요금이 국민 경제에 미치는 ... 의견을 냈다. 이와 별도로 재정경제부는 기후부 장관이 한국전력의 기본공급약관을 인가할 때 ...금과 조건을 정한 약관인 기본공급약관을 작성해 기후부 장관한테 인가받는 절차로 정해진다. 인가 시 ...",https://www.yna.co.kr/view/AKR20260923159300530,2026-09-27T06:02:02+09:00,이재영,,기후부
연합뉴스,yna_api,기후부,미래기금 사업 131건 중 감액 6건…95%는 부처 요구 그대로,"...지 않았으나, 예산 편성 과정에서 추가로 반영된 사업은 4건이었다. 기후부 소관의 충청권 첨단산업 용수공급 사업(81억원)과 호남권 반도체산단 ...처기업부 소관 창업중심대학(-132억원)과 제조AI fellow 양성사업(-5억원), 기후부 소관 에너지인력양성(R&D)(-45억원) 등으로, 총 감액 규모는 ...",https://www.yna.co.kr/view/AKR20260925046400002,2026-09-27T05:45:03+09:00,안채원,,기후부
연합뉴스,yna_api,,"이형일, 첫 경제현안간담회…전기차 정책·퇴직연금 개선 논의","... (세종=연합뉴스) 안채원 기자 = 이형일 부총리 겸 재정경제부 장관은 27일 취임 후 첫 경제현안간담회를 열었다. 이날 간담회에는 김성환 기후에너지환경부 ·김영훈 고용노동부·박홍근 기획예산처 장관과 문신학 산업통상부 차관, 이억원 금융위원장, 하준경 청와대 경제성장수석이 참석했다. 이들은 ...",https://www.yna.co.kr/view/AKR20260927051000002,2026-09-27T20:04:30+09:00,안채원,,기후에너지환경부
연합뉴스,yna_api,,[연합뉴스 이 시각 헤드라인] - 15:00,"... 자료를 보면 전기위 위원을 위원장 1명과 상임위원 2명을 포함한 12명으로 늘리면서 전기위가 전기요금을 사실상 정할 수 있게 한 전기사업법 개정안에 기후부 는 ""전기위 독립성을 강화하는 방향엔 동의하나 권한 확대는 정부 조직 체계와 정합성을 고려해 중장기적으로 검토할 필요가 있다""고 했다. ...",https://www.yna.co.kr/view/AKR20260927032100011,2026-09-27T15:00:00+09:00,주용진,,기후에너지환경부
연합뉴스,yna_api,,"정부, 재난안전 업무에 AI 도입…2030년까지 약 9천400억원 투자",".... 기관별로 흩어져 있는 재난 정보도 사건 단위로 연계한다. 집중호우가 발생하면 행안부의 침수 범위·피해 정보와 기상청의 기상 정보, 기후에너지환경부 의 하천 수위, 소방청의 119 신고 정보를 AI가 종합 분석해 위험 상황을 판단하도록 한다는 구상이다. 부산시와 경북 영천시, 강원 인제군에서는 ...",https://www.yna.co.kr/view/AKR20260923182100530,2026-09-27T12:00:03+09:00,차민지,,기후에너지환경부
연합뉴스,yna_api,,호남 반도체 용수원 동복댐 용수확보 '증축'으로 변경,"... 27일 전남광주통합특별시에 따르면 시와 기후에너지환경부 는 기존 댐의 높이를 약 15ｍ 높이는 증고 ...로 계획을 변경했다. 사업을 추진하는 기후에너지환경부 가 검토한 결과, 기존 댐에 그대로 15ｍ ...는 석축 등은 새 댐 건설에 재활용한다. 기후부 는 사업 계획을 변경하고 설계 등을 거쳐 내년 ...",https://www.yna.co.kr/view/AKR20260923142400054,2026-09-27T09:10:01+09:00,장덕종,,기후에너지환경부
연합뉴스,yna_api,,"전기위에 전기요금 결정권 부여…정부 법안엔 ""중장기 검토""","... 전기요금 결정권을 주는 부분에 대해서도 기후부 는 ""전기요금이 국민 경제에 미치는 ... 의견을 냈다. 이와 별도로 재정경제부는 기후부 장관이 한국전력의 기본공급약관을 인가할 때 ...금과 조건을 정한 약관인 기본공급약관을 작성해 기후부 장관한테 인가받는 절차로 정해진다. 인가 시 ...",https://www.yna.co.kr/view/AKR20260923159300530,2026-09-27T06:02:02+09:00,이재영,,기후에너지환경부
연합뉴스,yna_api,,미래기금 사업 131건 중 감액 6건…95%는 부처 요구 그대로,"...지 않았으나, 예산 편성 과정에서 추가로 반영된 사업은 4건이었다. 기후부 소관의 충청권 첨단산업 용수공급 사업(81억원)과 호남권 반도체산단 ...처기업부 소관 창업중심대학(-132억원)과 제조AI fellow 양성사업(-5억원), 기후부 소관 에너지인력양성(R&D)(-45억원) 등으로, 총 감액 규모는 ...",https://www.yna.co.kr/view/AKR20260925046400002,2026-09-27T05:45:03+09:00,안채원,,기후에너지환경부
연합뉴스,yna_api,,"늦어지는 대미투자 발표…산업부 ""미국 내부 절차 남아""","...운영위원회의 심의·의결을 거쳐 국회에 사업 추진 의사를 보고하는 내부 절차를 거쳐야 하는데, 지난 22일 국회 보고를 마쳤다. 정치권에 따르면 김정관 산업부 장관 등 정부 관계자들은 2천억달러 규모의 대미 투자 첫 사업으로 223억달러 규모 엔시날 가스복합화력발전소 건설 사업을 추진하기로 했다고 ...",https://www.yna.co.kr/view/AKR20260927024600003,2026-09-27T11:49:28+09:00,장보인,,김정관
연합뉴스,yna_api,,"한·멕시코, 정상회담 계기 경협 강화…무역협정 개시도 준비",... = 산업통상부는 이재명 대통령의 멕시코 국빈 방문을 계기로 멕시코와 경제 협력을 강화하고 향후 무역협정 개시도 준비하기로 했다고 27일 밝혔다. 김정관 산업부 장관은 지난 24일 한·멕시코 정상회담 직후 양국 정상이 임석한 가운데 마르셀로 에브라르드 멕시코 경제부 장관과 '경제 및 산업·자원 협력 ...,https://www.yna.co.kr/view/AKR20260927018100003,2026-09-27T10:21:16+09:00,장보인,,김정관
연합뉴스,yna_api,,"이형일, 첫 경제현안간담회…전기차 정책·퇴직연금 개선 논의","... 참석 (세종=연합뉴스) 안채원 기자 = 이형일 부총리 겸 재정경제부 장관은 27일 취임 후 첫 경제현안간담회를 열었다. 이날 간담회에는 김성환 기후에너지환경부·김영훈 고용노동부·박홍근 기획예산처 장관과 문신학 산업통상부 차관, 이억원 금융위원장, 하준경 청와대 경제성장수석이 참석했다....",https://www.yna.co.kr/view/AKR20260927051000002,2026-09-27T20:04:30+09:00,안채원,,김성환
연합뉴스,yna_api,김성환,"음주운전으로 출소 나흘만에 신고자 협박한 60대, 징역 10개월",...주운전으로 실형을 선고받고 복역한 뒤 자신을 신고한 지인을 여러 차례 협박한 60대가 실형을 선고받았다. 27일 법조계에 따르면 창원지법 형사2부( 김성환 부장판사)는 최근 특정범죄 가중처벌 등에 관한 법률상 보복 협박 등 혐의로 재판에 넘겨진 60대 A씨에게 징역 10개월을 선고했다. A씨는 지난 3월 ...,https://www.yna.co.kr/view/AKR20260923085500052,2026-09-27T08:03:00+09:00,정종호,,김성환
연합뉴스,yna_api,김성환,"아내 차 몰래 녹음 이혼소송 증거로 제출 30대, 징역형 집유","(창원=연합뉴스) 정종호 기자 = 창원지법 형사2부( 김성환 부장판사)는 배우자 차에 녹음기를 설치해 통화 내용을 녹취한 혐의(통신비밀보호법 위반)로 기소된 30대 남성 A씨에게 징역 8개월에 집행유예 2년, 자격정지 1년을 선고했다고 26일 밝혔다. A씨는 지난해 1월 배우자 승용차 보조석 밑에 녹음기를 ...",https://www.yna.co.kr/view/AKR20260923132100052,2026-09-26T08:03:00+09:00,정종호,,김성환
연합뉴스,yna_api,,"전기위에 전기요금 결정권 부여…정부 법안엔 ""중장기 검토""","... 이와 별도로 재정경제부는 기후부 장관이 한국전력 의 기본공급약관을 인가할 때 물가안정법에 ... 국제 연료비 급등에도 전기요금 인상이 억제돼 한전 에 연료비 인상 부담이 전가되며 부채가 200조원을...""고 덧붙였다. 연구원은 전기 판매를 한전 이 독점하는 가운데, 전기요금이 정치적으로 ...",https://www.yna.co.kr/view/AKR20260923159300530,2026-09-27T06:02:02+09:00,이재영,,한국전력
연합뉴스,yna_api,한국전력,"[아시안게임] 남녀 마라톤, 메달 획득 실패…남자부 박민호 8위(종합)","...에 완주해 19명의 출전 선수 중 8위를 기록했다. 그는 15㎞ 구간까지 선두권에 있다가 20㎞ 인근 지점부터 뒤로 밀렸다. 함께 출전한 김홍록( 한국전력공사 )은 2시간18분27초로 10위에 그쳤다. 이번 대회 우승은 야마시타 이치다카(2시간10분49초·일본), 은메달은 사완 바르왈(2시간11분37초·인도), ...",https://www.yna.co.kr/view/AKR20260926022651007,2026-09-26T11:05:49+09:00,김경윤,,한국전력
연합뉴스,yna_api,한국전력,"[아시안게임] 남자 마라톤, 메달 획득 실패…박민호 2시간15분35초로 8위","...에 완주해 19명의 출전 선수 중 8위를 기록했다. 그는 15㎞ 구간까지 선두권에 있다가 20㎞ 인근 지점부터 뒤로 밀렸다. 함께 출전한 김홍록( 한국전력공사 )은 2시간18분27초로 10위에 그쳤다. 이번 대회 우승은 야마시타 이치다카(2시간10분49초·일본), 은메달은 사완 바르왈(2시간11분37초·인도), ...",https://www.yna.co.kr/view/AKR20260926022600007,2026-09-26T10:20:33+09:00,김경윤,,한국전력
연합뉴스,yna_api,,전통 제조업에서 반도체·AI로…전남광주 산업지도 다시 그린다,"...은 자동차·가전 중심에서 반도체·AI·미래차까지 포괄하는 구조로 변화하고 있다. 반도체·AI 산업축은 나주-무안-해남까지 이어진다. 나주는 한국전력 등 에너지밸리를 중심으로 에너지 신산업 거점 역할을 맡고, 무안에는 347만㎡ 규모의 국가산단을 조성해 반도체 소부장과 에너지 신산업 기업을 ...",https://www.yna.co.kr/view/AKR20260923128300054,2026-09-26T08:50:01+09:00,박철홍,,한국전력
연합뉴스,yna_api,"한국전력, 한전",양주 삼숭·만송동 일대 정전…새가 설비 건드려,"...동, 만송동 일대 578가구에 공급되던 전기가 끊기는 사고가 났다. 한국전력 은 복구 인력을 파견해 약 1시간 만에 전력 공급을 복구했다. 한전 은 새가 야외에 있는 고압 전력 설비를 건드리며 정전이 발생한 것으로 ...",https://www.yna.co.kr/view/AKR20260925028100060,2026-09-25T13:03:02+09:00,최재훈,,한국전력
연합뉴스,yna_api,,"전기위에 전기요금 결정권 부여…정부 법안엔 ""중장기 검토""","... 이와 별도로 재정경제부는 기후부 장관이 한국전력 의 기본공급약관을 인가할 때 물가안정법에 ... 국제 연료비 급등에도 전기요금 인상이 억제돼 한전 에 연료비 인상 부담이 전가되며 부채가 200조원을...""고 덧붙였다. 연구원은 전기 판매를 한전 이 독점하는 가운데, 전기요금이 정치적으로 ...",https://www.yna.co.kr/view/AKR20260923159300530,2026-09-27T06:02:02+09:00,이재영,,한전
연합뉴스,yna_api,,"[아시안게임] 남녀 마라톤, 메달 획득 실패…남자부 박민호 8위(종합)","...에 완주해 19명의 출전 선수 중 8위를 기록했다. 그는 15㎞ 구간까지 선두권에 있다가 20㎞ 인근 지점부터 뒤로 밀렸다. 함께 출전한 김홍록( 한국전력공사 )은 2시간18분27초로 10위에 그쳤다. 이번 대회 우승은 야마시타 이치다카(2시간10분49초·일본), 은메달은 사완 바르왈(2시간11분37초·인도), ...",https://www.yna.co.kr/view/AKR20260926022651007,2026-09-26T11:05:49+09:00,김경윤,,한전
연합뉴스,yna_api,,"[아시안게임] 남자 마라톤, 메달 획득 실패…박민호 2시간15분35초로 8위","...에 완주해 19명의 출전 선수 중 8위를 기록했다. 그는 15㎞ 구간까지 선두권에 있다가 20㎞ 인근 지점부터 뒤로 밀렸다. 함께 출전한 김홍록( 한국전력공사 )은 2시간18분27초로 10위에 그쳤다. 이번 대회 우승은 야마시타 이치다카(2시간10분49초·일본), 은메달은 사완 바르왈(2시간11분37초·인도), ...",https://www.yna.co.kr/view/AKR20260926022600007,2026-09-26T10:20:33+09:00,김경윤,,한전
연합뉴스,yna_api,,전통 제조업에서 반도체·AI로…전남광주 산업지도 다시 그린다,"...은 자동차·가전 중심에서 반도체·AI·미래차까지 포괄하는 구조로 변화하고 있다. 반도체·AI 산업축은 나주-무안-해남까지 이어진다. 나주는 한국전력 등 에너지밸리를 중심으로 에너지 신산업 거점 역할을 맡고, 무안에는 347만㎡ 규모의 국가산단을 조성해 반도체 소부장과 에너지 신산업 기업을 ...",https://www.yna.co.kr/view/AKR20260923128300054,2026-09-26T08:50:01+09:00,박철홍,,한전
연합뉴스,yna_api,,양주 삼숭·만송동 일대 정전…새가 설비 건드려,"...동, 만송동 일대 578가구에 공급되던 전기가 끊기는 사고가 났다. 한국전력 은 복구 인력을 파견해 약 1시간 만에 전력 공급을 복구했다. 한전 은 새가 야외에 있는 고압 전력 설비를 건드리며 정전이 발생한 것으로 ...",https://www.yna.co.kr/view/AKR20260925028100060,2026-09-25T13:03:02+09:00,최재훈,,한전
